# 3ds Max Wavefront OBJ Exporter v0.97b - (c)2007 guruware
# File Created: 14.12.2023 13:16:07

mtllib plants for free vol 1_obj.mtl

#
# object plants_for_free_vol_1
#

v  20.644482 30.743521 2.533484
v  21.414820 30.148066 -2.105116
v  19.089520 27.653112 -1.885644
v  18.181477 28.126461 2.641561
v  25.080896 34.847321 2.421176
v  27.767334 36.953800 2.387146
v  28.782877 36.047340 -1.461803
v  25.998686 34.061127 -1.661432
v  1.261378 3.798989 -3.667738
v  -0.086522 0.775867 -3.299510
v  1.403695 0.805433 -0.396820
v  3.043043 3.896788 -0.914064
v  16.628305 24.841911 -1.988609
v  15.185110 29.008461 -4.378945
v  12.828710 26.036167 -4.293770
v  18.022249 32.014980 -4.662461
v  2.689506 7.000982 -3.980459
v  4.848444 7.027682 -0.998336
v  6.288117 9.748156 -1.612369
v  4.121571 10.004740 -4.189948
v  13.669648 21.095778 -2.067274
v  13.237416 21.142002 2.158335
v  16.002316 25.233112 2.489126
v  31.604433 37.768993 -1.484977
v  31.020218 39.057541 2.321435
v  10.198239 22.200912 -4.343805
v  23.521374 32.015354 -1.764904
v  20.486265 34.129673 -5.057970
v  1.106502 1.389242 2.525501
v  3.021552 4.497197 2.133694
v  22.273718 32.633083 2.692407
v  23.393824 36.038174 -5.457350
v  4.854599 7.515828 1.841444
v  6.468506 10.172598 1.660780
v  5.695426 13.951393 -4.391351
v  8.638979 13.526754 -1.613531
v  10.764310 17.046310 -2.146344
v  7.820212 17.813530 -4.473663
v  35.980484 39.874771 -1.471530
v  33.423603 38.753513 -1.460719
v  33.277523 39.976540 1.978911
v  35.834846 40.914650 1.688570
v  10.879500 17.508789 1.972153
v  38.061478 41.428242 1.206944
v  38.028851 40.588020 -1.568762
v  8.600576 13.713959 1.666701
v  30.522837 39.195023 -5.462681
v  26.709860 37.758938 -5.637849
v  37.639244 41.238010 -4.579733
v  35.207996 40.617912 -4.857445
v  32.532810 39.810963 -5.175619
v  40.808201 41.853226 0.574140
v  43.534756 42.055115 -0.082241
v  43.407059 41.750980 -1.272833
v  40.840942 41.335072 -1.371226
v  43.631668 41.795609 -3.048640
v  40.471176 41.542427 -3.662358
v  -0.837928 -1.517108 3.089293
v  -0.922414 -1.653644 -2.629443
v  47.970600 41.855000 -1.269802
v  27.363464 25.191711 -4.870739
v  26.440817 24.646240 -9.692558
v  23.772703 22.728762 -8.715230
v  24.522182 23.196644 -3.960982
v  32.374039 28.186380 -6.364835
v  35.327332 29.640623 -7.199437
v  34.800755 28.831984 -11.322948
v  31.709568 27.474615 -10.681643
v  1.610704 3.134035 -4.634766
v  -0.257381 0.548232 -3.609984
v  1.768029 0.439720 -0.923515
v  3.823090 3.101562 -2.057101
v  20.820221 20.533195 -7.999909
v  19.543297 24.011147 -12.680009
v  16.768888 21.671143 -11.670020
v  22.852068 26.268702 -13.774933
v  3.605803 5.862512 -5.680709
v  6.164280 5.765435 -2.810551
v  7.936812 8.099148 -3.969506
v  5.571032 8.408268 -6.603157
v  17.204597 17.535955 -7.070676
v  18.062597 17.634102 -2.775845
v  21.736084 20.927704 -3.396676
v  37.801361 29.957554 -12.171551
v  38.779537 31.000494 -8.195170
v  13.636354 18.565844 -10.453808
v  28.915411 26.009783 -10.017763
v  25.685139 27.752686 -14.567366
v  2.490631 1.049062 2.005201
v  4.809256 3.687975 0.915826
v  29.414879 26.594204 -5.201585
v  28.847940 29.035212 -15.249647
v  7.077807 6.246052 -0.044894
v  9.107186 8.490103 -0.814042
v  7.856720 11.731770 -7.943678
v  10.956016 11.272947 -4.823872
v  13.579092 14.224825 -6.137462
v  10.628125 14.944494 -9.079356
v  42.341930 31.227594 -13.398238
v  39.716812 30.579397 -12.670531
v  40.903927 31.549711 -9.209716
v  43.354313 32.060272 -10.222303
v  14.965133 14.646544 -2.121449
v  45.362278 32.278431 -11.325481
v  44.385670 31.587782 -14.056848
v  11.880695 11.473770 -1.590344
v  36.118244 31.087816 -16.255653
v  32.279842 30.176512 -15.833210
v  43.330341 32.164230 -17.007460
v  40.870422 31.888399 -16.674444
v  38.156109 31.456091 -16.363392
v  47.827560 32.362186 -12.697668
v  50.265663 32.248749 -14.066969
v  49.779335 31.986326 -15.204344
v  47.237808 31.910467 -14.621474
v  49.524921 31.994516 -17.012917
v  46.301708 32.139656 -16.798439
v  0.285706 -1.417397 3.275754
v  -1.465982 -1.546371 -2.446738
v  54.184715 31.608957 -16.388037
v  29.435665 22.633116 -6.511763
v  26.320942 20.902880 -6.217806
v  27.214895 20.724619 -1.539123
v  30.214962 22.386545 -1.707533
v  34.848732 25.133665 -7.130393
v  35.642204 24.837523 -2.883230
v  38.838673 25.959944 -3.516151
v  37.994991 26.284685 -7.535514
v  4.100711 2.520082 3.566159
v  4.755692 2.722729 0.336402
v  2.184716 0.268447 0.130518
v  1.738577 0.124212 3.367641
v  24.062471 18.752089 -1.021857
v  22.545288 19.512684 4.185422
v  25.680759 21.575422 4.015075
v  29.295410 23.510477 3.671514
v  6.600266 5.048355 3.739083
v  8.996953 7.405998 3.811592
v  9.707290 7.340973 0.430734
v  7.397027 5.213014 0.089389
v  23.335491 18.917240 -5.614327
v  19.411978 15.993605 -4.703116
v  20.160187 16.027979 -0.434625
v  42.030563 26.805632 -3.925349
v  41.643490 27.287548 -7.987059
v  18.912203 16.721809 4.275045
v  32.253994 24.739332 3.210804
v  32.701057 23.595186 -2.385705
v  4.699606 3.143921 -2.776726
v  1.986702 0.650477 -2.852858
v  31.584532 23.805796 -7.035741
v  35.415928 25.771914 2.509244
v  9.642673 7.647758 -2.907308
v  7.323493 5.549488 -2.801233
v  11.973693 10.468475 4.176969
v  15.247053 13.419228 4.138099
v  16.231150 12.981796 0.154887
v  13.040727 10.297512 0.007727
v  46.804546 27.610764 -4.593586
v  46.641090 27.958214 -7.911082
v  43.991974 27.664089 -7.881892
v  44.046417 27.230087 -4.224887
v  16.051168 13.293383 -4.059326
v  48.895931 28.032421 -7.681220
v  48.972477 27.772404 -4.795644
v  12.727073 10.406376 -3.306616
v  42.396740 27.344093 0.464370
v  38.764763 26.668125 1.630548
v  46.871681 27.869059 -1.039132
v  49.245415 27.983051 -1.702027
v  44.279102 27.606758 -0.250528
v  51.667068 27.943966 -7.386205
v  51.840290 27.781271 -5.397742
v  54.402100 27.589321 -5.859679
v  54.409367 27.664816 -7.086204
v  51.853546 27.868010 -3.056120
v  54.876022 27.553215 -4.118225
v  -0.653500 -1.697416 -3.149527
v  -0.073841 -1.788553 2.782730
v  58.865707 26.777536 -6.498868
v  35.363918 13.718882 0.936370
v  31.878248 13.075329 0.477532
v  31.541847 12.668894 5.160265
v  34.855469 13.287998 5.708606
v  41.311295 14.238140 1.613151
v  40.870422 13.704046 5.839931
v  44.290512 13.588886 5.959939
v  44.684513 14.191734 1.951720
v  4.128983 1.604985 4.472174
v  5.456504 1.470055 1.494482
v  2.512799 -0.307108 0.663573
v  1.362149 -0.161109 3.684635
v  27.928049 11.773693 4.903819
v  26.152840 13.236225 9.920862
v  29.812147 14.260740 10.527923
v  33.888916 14.936798 11.015412
v  7.076141 3.458884 5.275384
v  9.915804 5.157653 5.956231
v  11.191273 4.743043 2.803813
v  8.587056 3.230394 1.907740
v  28.355848 12.097994 0.336888
v  23.643419 10.443401 0.257725
v  23.402679 10.325172 4.526841
v  47.556267 13.192808 6.280790
v  48.471542 13.771883 2.348191
v  21.822390 11.592070 9.057971
v  37.074417 15.095701 11.184346
v  37.668480 13.567894 5.638065
v  6.169130 1.877326 -1.501893
v  3.048004 0.126405 -2.241322
v  37.875290 14.109938 0.945447
v  40.358631 14.955973 11.147114
v  11.928306 5.002852 -0.412783
v  9.215835 3.556594 -0.880661
v  13.484234 7.390247 7.111209
v  17.386917 9.389885 7.919460
v  18.788965 8.502645 4.137930
v  15.145730 6.737154 3.215573
v  52.275917 12.126715 6.683026
v  53.136562 12.497412 3.504747
v  50.664257 13.239857 2.960947
v  49.586227 12.829544 6.438346
v  19.625244 8.778931 0.054893
v  55.090481 11.697777 4.196381
v  54.315338 11.436832 6.952402
v  15.596507 6.877339 -0.038494
v  47.402782 13.835741 10.636855
v  43.776764 14.580042 10.995252
v  51.809635 12.566097 10.143336
v  54.082188 11.724405 10.007588
v  49.274494 13.345873 10.349081
v  57.424290 10.539745 5.049472
v  57.008896 10.327713 6.976295
v  59.321266 9.150146 7.060479
v  59.666008 9.213581 5.893528
v  56.589600 10.527189 9.241883
v  59.362167 8.999889 8.835396
v  0.089687 -1.504141 -3.172944
v  -0.688212 -1.612667 2.661039
v  63.133957 6.670557 7.342657
v  33.006386 14.770691 -12.465162
v  29.559689 14.071901 -11.542976
v  31.127464 13.111940 -7.294896
v  34.411167 13.785723 -8.058794
v  38.867912 15.419352 -14.122858
v  40.058167 14.219328 -10.240380
v  43.283665 14.122704 -11.439440
v  42.191219 15.459551 -15.100117
v  5.117930 2.275031 2.442389
v  5.581599 1.587804 -0.701188
v  2.562403 -0.255742 -0.345624
v  2.346122 0.350804 2.823601
v  27.670298 12.193449 -6.148329
v  26.941605 15.432707 -2.640509
v  30.615206 16.582636 -3.640115
v  34.732914 17.332197 -4.639944
v  8.049292 4.312718 1.977499
v  10.856847 6.174166 1.436530
v  11.357603 4.975363 -1.683190
v  8.634911 3.381782 -1.516284
v  26.227180 12.935965 -10.368029
v  21.840246 11.069441 -8.695545
v  23.320749 10.712593 -4.764370
v  46.445415 13.770615 -12.395921
v  45.947346 15.130024 -16.181932
v  22.613466 13.585369 -1.369659
v  37.970970 17.458313 -5.327667
v  37.004139 14.059795 -9.200176
v  5.004718 2.179399 -3.671886
v  1.806106 0.450413 -3.136044
v  35.372059 15.322113 -13.365007
v  41.277340 17.109854 -6.132334
v  10.776257 5.321899 -4.888114
v  8.078706 3.859366 -4.277053
v  14.377788 8.789858 0.819575
v  18.227482 11.012760 -0.131405
v  18.883556 8.860991 -3.358609
v  15.181399 7.002654 -2.815401
v  51.004257 12.789957 -13.838080
v  50.767159 13.710381 -17.009153
v  48.233959 14.501036 -16.522800
v  48.398449 13.445488 -13.029893
v  18.052118 9.282158 -7.369900
v  52.838711 12.806665 -17.167076
v  53.013229 12.128908 -14.374215
v  14.309972 7.255941 -5.940708
v  48.006142 15.290998 -8.618565
v  44.620083 16.422590 -7.197164
v  51.982174 13.682394 -10.592309
v  54.057961 12.755127 -11.556192
v  49.674393 14.609837 -9.497611
v  55.320477 11.548321 -17.311874
v  55.555019 11.083145 -15.390678
v  57.766586 9.953482 -16.205919
v  57.715603 10.153234 -17.412880
v  56.071922 11.394718 -13.171028
v  58.488785 9.816269 -14.596287
v  -1.341588 -1.098261 -2.805145
v  0.181514 -1.300908 2.708649
v  61.472141 7.537934 -17.419638
v  28.644279 13.420185 -20.932768
v  25.576773 12.864294 -19.123034
v  28.172798 11.808359 -15.468772
v  31.120445 12.346903 -17.080015
v  33.824181 13.835257 -24.082504
v  35.931080 12.539343 -20.670601
v  38.679798 12.310707 -22.669582
v  36.742970 13.748585 -25.896479
v  5.608191 2.177382 0.909397
v  5.233871 1.362000 -2.201032
v  2.396662 -0.360024 -1.033374
v  3.026406 0.345844 2.049662
v  25.154932 11.039534 -13.439616
v  25.322628 14.451647 -10.404682
v  28.591501 15.421984 -12.393870
v  32.278900 16.016302 -14.435700
v  8.319500 4.118992 -0.363587
v  10.890855 5.884656 -1.676929
v  10.576949 4.514652 -4.723573
v  7.979246 3.026875 -3.819196
v  22.668165 11.853018 -17.103603
v  18.868050 10.152847 -14.317575
v  21.332041 9.747164 -10.937045
v  41.425095 11.837273 -24.413794
v  40.037781 13.280220 -27.916765
v  21.480574 12.839018 -7.909984
v  35.214565 16.066936 -15.877241
v  33.294266 12.506842 -18.864367
v  3.892015 1.963010 -4.905336
v  0.932992 0.373535 -3.513606
v  30.691851 13.891617 -22.419697
v  38.201981 15.618713 -17.393436
v  9.164376 4.859044 -7.651963
v  6.711851 3.511137 -6.327914
v  14.113890 8.398264 -3.329432
v  17.580841 10.473600 -5.356833
v  17.420132 8.088629 -8.384111
v  13.980231 6.377991 -6.854174
v  45.352207 10.691950 -26.980965
v  44.348320 11.659323 -29.974119
v  42.094318 12.549807 -28.847494
v  43.105965 11.439556 -25.530771
v  15.554859 8.518269 -12.017960
v  46.239056 10.670105 -30.661896
v  47.102989 9.963758 -28.012783
v  12.309269 6.644637 -9.627292
v  43.988274 13.454435 -21.314806
v  41.139954 14.777050 -19.173218
v  47.205334 11.632847 -24.169943
v  48.894520 10.615561 -25.613420
v  45.327396 12.674177 -22.551315
v  48.514950 9.319813 -31.435825
v  49.222168 8.837305 -29.640577
v  51.079784 7.643505 -30.987415
v  50.722111 7.847995 -32.139942
v  50.329693 9.159182 -27.653793
v  52.200584 7.499489 -29.628696
v  -2.027723 -1.029787 -2.328031
v  0.901588 -1.248906 2.546179
v  54.222786 5.134620 -33.091469
v  11.353535 32.990707 -12.673508
v  9.702554 30.046457 -11.462543
v  13.161996 29.900881 -8.393175
v  14.799438 32.725468 -9.452616
v  14.302721 37.710190 -14.953797
v  17.560522 37.340946 -12.267944
v  19.310173 39.784805 -13.945151
v  16.088202 40.209431 -16.382460
v  3.045550 3.817634 2.348773
v  2.433083 4.225305 -0.836010
v  1.107661 0.956850 -0.405311
v  1.946236 0.687568 2.710083
v  11.638881 26.757710 -7.016000
v  11.075100 26.844767 -1.923534
v  12.627399 30.054150 -2.985918
v  14.601162 33.392872 -4.332429
v  4.174881 7.125829 1.925259
v  5.240341 10.240253 1.420245
v  4.873326 10.428356 -1.949194
v  3.612324 7.551724 -1.696498
v  8.426129 26.918123 -10.179813
v  6.898644 22.540276 -8.457569
v  9.796894 22.633032 -5.406962
v  21.244907 42.000462 -15.488413
v  18.295750 42.820900 -18.119074
v  9.423839 22.785948 -0.784641
v  16.387611 35.845070 -5.587586
v  15.981015 34.907578 -10.849001
v  0.518818 4.779147 -3.166898
v  -0.925095 1.451463 -2.495185
v  12.279838 35.049362 -13.690810
v  18.409922 38.240475 -7.182846
v  2.970778 10.841114 -4.567311
v  1.848097 8.004223 -3.878644
v  6.474632 14.239641 1.014927
v  7.912065 18.265770 0.133687
v  8.003904 18.230936 -3.835078
v  6.350568 14.470810 -3.159898
v  24.274200 44.919636 -17.962708
v  22.059666 45.657661 -20.284204
v  20.084229 44.205120 -19.080015
v  22.479898 43.314735 -16.522009
v  5.534561 18.650810 -7.084228
v  23.970177 46.678886 -21.177608
v  25.790583 46.033863 -19.066669
v  4.300485 14.615908 -5.668210
v  22.908096 42.880962 -11.568161
v  20.568726 40.603199 -9.119552
v  25.728008 45.359821 -14.792800
v  27.282213 46.507175 -16.431183
v  24.074951 43.963928 -12.984377
v  26.387083 47.734070 -22.294926
v  27.700634 47.344440 -20.859695
v  29.535341 48.287460 -22.463331
v  28.843695 48.555721 -23.426405
v  28.800268 47.467739 -18.847542
v  30.794230 48.395241 -21.232986
v  -2.502853 -1.694634 -1.958681
v  0.983947 -1.785806 2.574004
v  33.010082 49.349712 -25.260342
v  26.929485 16.874624 -20.930433
v  23.825901 15.946482 -24.591125
v  21.526648 15.041473 -22.212481
v  24.412479 15.928434 -18.502518
v  31.312389 17.962132 -25.033724
v  33.846989 18.259310 -27.355358
v  31.269203 17.003809 -30.374298
v  28.577322 16.835604 -28.243631
v  0.273749 2.454425 -5.562740
v  -1.378086 0.370521 -3.472317
v  1.540397 -0.119080 -1.959410
v  3.310247 1.884202 -4.296572
v  18.815308 13.870548 -19.904211
v  17.877319 18.377701 -23.375422
v  15.206226 16.975111 -20.826817
v  20.778357 19.434340 -26.341038
v  2.074039 4.665277 -7.734439
v  5.497700 3.860577 -6.410140
v  6.959901 5.595332 -8.602973
v  3.886723 6.696028 -9.764844
v  15.469112 12.085447 -16.981480
v  18.165714 12.387333 -13.559891
v  21.757980 14.554699 -16.333517
v  33.729713 16.899498 -32.595394
v  36.712753 18.225107 -30.011520
v  11.983637 14.848282 -17.906828
v  26.126043 16.434469 -26.188143
v  22.991030 19.817278 -28.774933
v  3.602485 0.533027 0.217037
v  5.620954 2.451522 -2.176642
v  28.879129 17.608139 -22.442421
v  25.373877 19.722010 -31.254078
v  7.637854 4.315515 -4.425869
v  9.477619 5.941475 -6.355592
v  6.093808 9.532125 -12.300653
v  9.802562 7.862294 -11.194336
v  12.073443 9.936007 -14.008879
v  8.779252 11.997795 -14.974670
v  37.356873 16.268986 -35.786983
v  35.292961 16.724226 -33.949253
v  38.207695 17.764807 -31.829767
v  39.960567 17.165901 -33.787373
v  15.168165 10.353043 -11.101694
v  41.197041 16.414782 -35.534592
v  38.879803 15.762810 -37.258877
v  12.108140 8.091824 -8.744923
v  31.072447 18.394110 -35.875881
v  28.037252 19.278269 -33.638157
v  36.871311 16.345728 -39.637089
v  34.920361 17.101561 -38.324680
v  32.734154 17.842691 -36.879864
v  42.646214 15.341047 -37.659431
v  44.018635 14.125254 -39.738365
v  43.002361 13.938641 -40.459064
v  41.111576 14.905788 -38.945068
v  41.956062 13.818254 -41.957554
v  39.392605 15.179798 -40.568031
v  1.778336 -1.198368 2.688494
v  -2.296443 -1.394450 -1.622693
v  46.059200 11.787910 -43.100288
v  11.479323 27.228388 -22.967701
v  9.798778 25.153801 -20.510067
v  14.076052 24.478498 -18.696175
v  15.758190 26.442673 -20.944592
v  14.414280 30.240442 -27.405703
v  18.230293 29.233538 -25.716112
v  19.761631 30.464445 -28.532551
v  16.139381 31.615339 -30.075134
v  4.274987 3.561259 0.240479
v  2.807055 3.454884 -2.703483
v  1.271897 0.603130 -1.258161
v  3.032772 0.718702 1.504000
v  12.590907 22.169182 -16.146311
v  12.722830 24.140482 -12.177773
v  14.372927 26.679670 -14.636164
v  16.485315 29.114464 -17.408012
v  5.524793 6.575382 -1.146199
v  6.678442 9.388845 -2.580452
v  5.552606 8.828566 -5.718723
v  4.055368 6.332577 -4.519126
v  8.478852 22.695108 -18.131832
v  6.913479 19.114628 -15.026859
v  10.755024 18.977839 -13.088051
v  21.479368 31.344522 -31.225397
v  18.205015 32.757813 -33.223198
v  10.987084 20.748444 -9.290030
v  18.410223 30.688231 -19.631121
v  16.777702 27.820032 -23.211586
v  0.237223 4.050840 -4.414621
v  -1.326085 1.206159 -2.683288
v  12.434207 28.744087 -24.779133
v  20.562799 31.866560 -22.183342
v  2.871111 9.237055 -7.686128
v  1.669942 6.812981 -6.127836
v  7.965187 13.143356 -4.284970
v  9.467422 16.707445 -6.536293
v  8.948471 15.422977 -10.075869
v  7.078369 12.257002 -8.132219
v  24.022453 32.044903 -35.314362
v  21.481043 33.067745 -37.249359
v  19.785765 32.965015 -35.094254
v  22.537548 31.758345 -32.959930
v  5.512593 15.885269 -12.456531
v  23.083570 32.836681 -38.905529
v  25.256239 32.073486 -37.106781
v  4.261897 12.457056 -9.898131
v  24.689159 32.935436 -28.687622
v  22.693687 32.657352 -25.172024
v  26.725174 32.879520 -33.127941
v  27.797707 32.703426 -35.390354
v  25.536854 32.927711 -30.603109
v  25.053062 32.328327 -40.870529
v  26.621719 31.848352 -39.681431
v  27.885567 31.370249 -41.910793
v  26.991793 31.598398 -42.747375
v  28.449932 32.095898 -38.216240
v  29.530041 31.302526 -41.149570
v  -3.035905 -1.432240 -1.044523
v  1.837083 -1.594607 2.112442
v  30.153719 29.895279 -45.598671
v  14.487391 17.663736 -30.041405
v  12.690346 16.517574 -27.170675
v  16.945848 15.825552 -25.106293
v  18.754175 16.919704 -27.776751
v  17.496227 19.172735 -35.022373
v  21.274946 18.292912 -33.067566
v  22.776197 18.785191 -36.097717
v  19.190794 19.759296 -37.903107
v  5.434792 2.300030 -1.426234
v  3.486344 1.911714 -4.072060
v  1.583187 -0.105790 -1.886835
v  3.747880 0.195535 0.578424
v  15.299416 14.461967 -22.058430
v  16.916775 17.247833 -18.600533
v  18.769260 18.801952 -21.605177
v  20.979702 20.082380 -24.904669
v  7.164706 4.538159 -3.583759
v  8.748005 6.603406 -5.720628
v  6.900507 5.682015 -8.457426
v  5.072629 3.935619 -6.601346
v  11.182762 14.995918 -24.221565
v  9.291227 12.679199 -20.246704
v  13.195691 12.480572 -18.282360
v  24.428226 19.014095 -38.943264
v  21.148455 20.108076 -41.187084
v  14.829396 14.982864 -14.993021
v  22.850893 20.688198 -27.471561
v  19.804831 17.628040 -30.299681
v  0.952155 2.390729 -5.939900
v  -0.942168 0.411220 -3.527235
v  15.507696 18.542620 -32.182293
v  24.759600 20.867882 -30.255903
v  4.183269 5.992372 -10.473127
v  2.704627 4.313401 -8.323164
v  10.725785 9.485863 -8.313616
v  12.722076 12.028114 -11.392717
v  11.052073 10.173468 -14.444677
v  8.803469 8.035173 -11.702635
v  26.808636 18.913599 -43.162197
v  24.195087 19.643875 -45.164803
v  22.628878 19.919748 -43.030907
v  25.427551 19.053202 -40.748505
v  7.562378 10.542145 -16.889318
v  25.689180 19.184593 -46.783146
v  27.951811 18.672400 -44.984253
v  5.937448 8.208687 -13.477959
v  28.108089 20.269461 -36.810623
v  26.534132 20.750151 -33.337742
v  29.736794 19.538441 -41.166092
v  30.642174 19.100908 -43.398201
v  28.758099 19.947748 -38.682308
v  27.531780 18.486387 -48.722916
v  29.175144 18.162907 -47.571205
v  30.312101 17.522650 -49.807796
v  29.358288 17.656748 -50.603668
v  31.091290 18.340424 -46.174717
v  31.999933 17.437136 -49.100819
v  -2.957038 -1.386967 -1.290223
v  2.128563 -1.561736 1.833393
v  32.387352 15.967129 -53.539738
v  18.674709 13.225395 -30.209728
v  14.627592 12.060238 -32.374077
v  13.248696 11.568371 -29.308365
v  17.102221 12.719635 -27.000654
v  21.419239 13.542786 -35.634529
v  23.001711 13.392799 -38.691952
v  19.616007 11.835636 -40.322350
v  17.837889 12.137054 -37.439362
v  -1.356692 2.257362 -5.475243
v  -2.300993 0.423236 -2.823161
v  0.841572 -0.367861 -2.468777
v  1.782032 1.345508 -5.387109
v  11.455118 10.850222 -26.139156
v  10.440564 15.280365 -29.427525
v  8.685424 14.370596 -25.998537
v  12.189228 15.828251 -33.278202
v  -0.283702 4.201292 -8.265429
v  3.184011 2.992522 -8.250798
v  3.880083 4.474617 -10.910088
v  0.842797 5.964863 -10.923194
v  9.250443 9.612133 -22.127823
v  12.830309 10.063553 -19.913279
v  15.314034 11.736626 -23.930435
v  21.136110 11.291315 -43.177979
v  24.756405 12.842716 -42.135693
v  6.439289 12.838898 -21.951933
v  16.241344 12.166031 -34.676460
v  13.367649 15.866070 -36.336006
v  3.432127 0.416411 -1.170764
v  4.594311 1.979465 -4.234091
v  19.995340 13.672750 -32.381756
v  14.581066 15.386324 -39.463650
v  5.796781 3.504333 -7.160074
v  6.928833 4.832897 -9.711256
v  2.301147 8.481991 -14.242979
v  5.744331 6.309055 -14.472034
v  7.002274 8.000566 -18.022856
v  4.096082 10.535336 -17.858519
v  23.377893 10.039459 -47.257828
v  22.115017 10.849590 -44.927879
v  25.526188 12.043039 -44.236439
v  26.469637 11.078959 -46.547836
v  10.791639 8.453026 -16.425629
v  27.000664 10.020718 -48.452690
v  24.261227 9.260246 -49.062294
v  8.657225 6.597016 -13.002439
v  17.903135 13.026695 -45.557404
v  16.057438 14.467375 -42.554123
v  21.737671 9.962622 -50.713009
v  20.447571 11.052748 -48.946156
v  19.003826 12.178457 -46.974083
v  27.578957 8.588707 -50.736576
v  28.087200 7.040207 -52.943855
v  26.894073 6.819168 -53.193665
v  25.708570 8.070404 -51.270008
v  25.437691 6.669541 -54.209919
v  23.635162 8.415348 -52.248432
v  2.470663 -0.953410 1.880330
v  -2.634185 -1.187138 -0.681105
v  28.717152 4.211155 -56.420574
v  8.491752 33.190220 -12.808069
v  4.620718 32.829479 -15.438169
v  4.088768 29.971489 -13.706743
v  7.816730 30.200834 -11.026567
v  9.794265 38.023815 -16.025303
v  10.625891 40.610386 -17.994745
v  7.611541 40.050446 -20.614416
v  6.511174 37.538311 -18.614601
v  -3.113319 3.864952 -1.832489
v  -3.158982 0.711749 -0.885092
v  0.054840 0.950525 -1.083473
v  0.068270 4.211848 -2.366350
v  3.221109 26.797321 -12.011450
v  0.458498 30.533545 -10.851390
v  -0.200844 27.273375 -9.212562
v  1.088859 33.927341 -12.942912
v  -2.990566 7.204342 -2.799417
v  0.535526 7.537757 -3.610962
v  0.397290 10.410582 -4.790100
v  -2.763663 10.349401 -3.752211
v  2.228655 22.644724 -9.980727
v  5.919913 22.573927 -7.930380
v  7.032735 27.012827 -9.625381
v  8.535202 42.337589 -22.769384
v  11.632953 43.341022 -20.446884
v  -1.066964 23.142487 -7.480840
v  5.612264 35.052666 -16.839170
v  1.499816 36.424686 -14.872110
v  2.591110 1.444416 0.382586
v  2.824184 4.764850 -1.089055
v  9.113452 35.322712 -13.842942
v  2.050934 38.847279 -17.225979
v  3.117532 7.986910 -2.453372
v  3.443068 10.824255 -3.618118
v  -2.490796 14.434986 -4.674720
v  1.111188 14.457926 -6.384540
v  1.259793 18.225142 -8.006824
v  -1.921099 18.516600 -6.054651
v  10.047015 45.373089 -26.183641
v  9.173913 43.698029 -24.163034
v  12.125096 44.743401 -22.384939
v  12.765913 46.245102 -24.551281
v  5.046270 18.656778 -6.431651
v  13.144159 47.278931 -26.601421
v  10.678037 46.548130 -27.870960
v  4.090906 14.604248 -5.046242
v  4.393591 43.440948 -22.971647
v  2.953613 41.208012 -19.908768
v  7.717309 47.067081 -28.542585
v  6.592013 45.891884 -26.630163
v  5.356639 44.492256 -24.541248
v  13.583951 48.365910 -29.186865
v  14.006541 49.240921 -31.808409
v  12.895836 48.956631 -32.236561
v  11.865814 47.937515 -30.107307
v  11.351390 49.072781 -33.118717
v  9.610431 48.051079 -30.631178
v  2.487072 -1.683541 1.980894
v  -2.758248 -1.788518 -0.202308
v  14.624454 50.157990 -36.235924
v  7.203075 34.928539 -8.671014
v  3.099761 34.906315 -11.206862
v  2.727294 31.773630 -9.920800
v  6.698984 31.674028 -7.363477
v  8.220765 40.267906 -11.044884
v  8.890526 43.184917 -12.512402
v  5.638700 43.145771 -15.065217
v  4.706381 40.223373 -13.554322
v  -3.430658 3.831118 -1.628120
v  -3.314059 0.606053 -0.907243
v  -0.053153 1.070224 -0.791954
v  -0.167349 4.471110 -1.733139
v  2.021961 28.325418 -8.692706
v  -2.438932 31.069452 -8.053634
v  -2.835240 27.642496 -6.893413
v  -1.898669 34.731632 -9.613004
v  -3.506582 7.237732 -2.362959
v  0.172078 7.952148 -2.619447
v  -0.082608 10.946611 -3.497172
v  -3.477337 10.454525 -3.073979
v  1.227988 23.864481 -7.231559
v  5.040332 23.659906 -5.242318
v  6.017874 28.310970 -6.391723
v  6.392659 45.892120 -16.732164
v  9.708941 46.359341 -14.370565
v  -3.227875 23.381540 -5.726115
v  3.962974 37.399704 -12.227407
v  -1.345953 37.530178 -11.108817
v  2.553205 1.476490 0.668795
v  2.632939 4.975923 -0.425207
v  7.773756 37.182156 -9.382703
v  -0.547393 40.394600 -12.894782
v  2.787812 8.364128 -1.428178
v  2.996046 11.345417 -2.274431
v  -3.652370 14.535393 -3.782113
v  0.468473 15.204395 -4.629216
v  0.455439 19.160324 -5.823621
v  -3.422542 18.718536 -4.770756
v  7.655445 49.722515 -19.423929
v  6.924378 47.567253 -17.816097
v  10.006282 48.210602 -15.933155
v  10.468735 50.220280 -17.684731
v  4.309925 19.545929 -4.209426
v  10.688048 51.786049 -19.407969
v  8.179692 51.310753 -20.801022
v  3.496384 15.309362 -3.278712
v  2.023883 46.373577 -17.136189
v  0.522239 43.340385 -14.875005
v  5.140118 51.604309 -21.463156
v  4.111628 49.880028 -19.933662
v  2.964696 47.886688 -18.312479
v  10.967359 53.563599 -21.629089
v  11.265193 55.152531 -23.937819
v  10.157569 54.925892 -24.438807
v  9.233864 53.308018 -22.634850
v  8.585313 55.115868 -25.298798
v  6.949823 53.315327 -23.172861
v  2.634474 -1.851869 1.884416
v  -2.784083 -1.912405 -0.345012
v  11.742956 57.299999 -27.983070
v  2.338466 22.016733 -30.195728
v  1.725085 20.355476 -27.107023
v  6.366140 19.867908 -26.799316
v  7.063756 21.456848 -29.726965
v  3.309832 24.442423 -35.572151
v  7.497008 23.778368 -35.259941
v  7.806338 24.839998 -38.491371
v  3.834800 25.573753 -38.702381
v  4.406308 2.682554 -2.761119
v  1.690663 2.565404 -4.527541
v  0.754144 0.195006 -2.087767
v  3.596526 0.284758 -0.573529
v  5.953571 17.986774 -23.615417
v  8.877165 20.065168 -20.421438
v  9.510810 22.120968 -23.545799
v  10.335833 23.990887 -27.131119
v  5.204086 5.228055 -5.083812
v  5.878423 7.595924 -7.349493
v  3.205285 7.027525 -9.305908
v  2.217891 4.965177 -7.166521
v  1.419106 18.375315 -24.093081
v  1.135966 15.472649 -20.098040
v  5.390339 15.383135 -19.679441
v  8.325491 25.638483 -41.648094
v  4.463722 26.567133 -42.326653
v  8.218163 17.237103 -16.787104
v  11.076917 25.088058 -30.073250
v  7.130589 22.599918 -32.305012
v  -1.279752 3.040092 -5.312585
v  -2.131118 0.667355 -2.670113
v  2.489843 23.232056 -32.374096
v  11.754382 25.855997 -33.311718
v  0.019932 7.355722 -10.173643
v  -0.547601 5.341293 -7.884445
v  6.779776 10.809095 -10.049740
v  7.511482 13.788031 -13.225393
v  4.818530 12.467901 -15.704803
v  3.764658 9.870079 -12.664680
v  9.046962 26.394848 -46.377430
v  5.907495 27.042837 -47.129486
v  5.198364 26.825811 -44.573814
v  8.613873 26.038733 -43.651188
v  0.775017 12.835991 -16.687538
v  6.742023 27.010729 -49.229099
v  9.470460 26.542770 -48.494064
v  0.529670 10.019341 -13.276941
v  12.421283 26.701202 -40.685326
v  12.230757 26.415661 -36.819847
v  12.397640 26.885090 -45.421524
v  12.463833 26.906815 -47.875690
v  12.359585 26.777210 -42.709618
v  7.790688 26.826372 -51.790329
v  9.712525 26.546692 -51.388084
v  10.001049 26.359999 -53.952202
v  8.844991 26.491671 -54.312538
v  11.937857 26.669323 -50.738113
v  11.789265 26.327227 -53.908405
v  -3.160628 -1.526007 -0.128049
v  2.580679 -1.671942 0.947458
v  10.661837 25.577295 -58.376324
v  -1.391688 21.669138 -30.906561
v  -1.606516 20.136877 -27.639572
v  2.874136 19.240454 -28.102261
v  3.190856 20.702038 -31.185217
v  -1.095801 23.844225 -36.580807
v  2.920295 22.658451 -36.907921
v  2.815621 23.481285 -40.240242
v  -0.956094 24.809017 -39.877663
v  3.791692 3.042808 -3.091466
v  1.088084 2.539627 -4.778713
v  0.477042 0.181129 -2.201693
v  3.338166 0.617414 -0.799097
v  2.868187 17.507168 -24.781868
v  4.789731 20.148918 -22.147324
v  4.952413 22.059107 -25.513742
v  5.355151 23.831036 -29.280334
v  4.189980 5.617397 -5.528145
v  4.478372 7.998518 -7.910351
v  1.969302 6.954136 -9.805670
v  1.272939 4.890432 -7.531612
v  -1.568173 18.204033 -24.518328
v  -1.388520 15.336094 -20.421820
v  2.808166 15.058661 -20.671667
v  2.925827 24.045565 -43.504124
v  -0.769891 25.573032 -43.693459
v  4.773907 17.518221 -18.151976
v  5.889441 24.926962 -32.289654
v  2.932828 21.672058 -33.841080
v  -1.921370 3.154711 -5.060174
v  -2.412273 0.867024 -2.230255
v  -1.462961 22.851557 -33.163166
v  6.486640 25.619213 -35.593552
v  -1.265296 7.343463 -10.207589
v  -1.532233 5.384832 -7.792698
v  4.730106 11.260870 -10.802649
v  4.890676 14.202736 -14.197613
v  2.743449 12.277298 -16.522926
v  2.096426 9.715136 -13.307879
v  3.033378 24.435316 -48.356586
v  -0.039902 25.529476 -48.771713
v  -0.385102 25.579870 -46.083485
v  2.954778 24.299591 -45.562180
v  -1.329919 12.744488 -16.909655
v  0.470949 25.213146 -50.982849
v  3.179705 24.391598 -50.527393
v  -1.153874 9.954477 -13.429489
v  6.845282 25.764242 -43.142895
v  6.855742 25.922421 -39.202312
v  6.384817 25.344425 -47.909473
v  6.167641 25.071878 -50.372822
v  6.627359 25.569450 -45.175674
v  1.140105 24.674881 -53.656403
v  3.046960 24.154728 -53.437073
v  3.001476 23.733088 -56.008133
v  1.833815 23.990120 -56.264297
v  5.317158 24.418081 -53.114048
v  4.767481 23.679573 -56.197853
v  -3.068703 -1.210119 0.546328
v  2.603657 -1.414607 0.811681
v  3.079904 22.500261 -60.411472
v  -1.966205 31.641108 -18.920521
v  -2.137487 28.883726 -16.655863
v  2.353959 28.527296 -17.408463
v  2.632365 31.157721 -19.551065
v  -1.733627 36.021961 -23.014256
v  2.312823 35.399578 -23.810661
v  2.189964 37.601982 -26.417219
v  -1.623725 38.311909 -25.506252
v  3.632278 3.793684 -0.974753
v  0.984129 4.001526 -2.766153
v  0.429261 0.854054 -1.276687
v  3.254203 0.712024 0.202111
v  2.393151 25.570679 -15.145405
v  4.120560 26.539543 -11.456717
v  4.239051 29.609365 -13.628822
v  4.597341 32.755939 -16.195395
v  3.945295 7.060426 -2.221215
v  4.155500 10.129425 -3.484977
v  1.759103 9.976473 -5.710185
v  1.112743 7.208650 -4.406031
v  -2.052334 25.873713 -14.677752
v  -1.803004 21.647301 -12.168972
v  2.396215 21.663422 -12.433802
v  2.291139 39.542133 -29.079515
v  -1.463899 40.655289 -28.544670
v  4.162450 22.602507 -8.996634
v  5.099862 35.024746 -18.386744
v  2.349653 33.176388 -21.505209
v  -2.036846 4.558259 -2.873607
v  -2.472692 1.366209 -1.137262
v  -2.065699 33.630295 -20.397890
v  5.684239 37.135136 -21.020344
v  -1.481672 10.385532 -5.997096
v  -1.701260 7.657659 -4.533972
v  4.283516 14.157602 -4.855007
v  4.357864 18.114712 -6.779414
v  2.401636 17.467619 -9.777525
v  1.818819 13.861515 -7.849716
v  2.402572 41.992737 -33.253178
v  -0.724783 42.890751 -33.141117
v  -1.077223 41.746365 -30.698792
v  2.318449 40.665539 -30.808712
v  -1.679542 17.906897 -10.020960
v  -0.190841 43.594135 -35.289421
v  2.558614 42.881626 -35.219711
v  -1.434192 14.017374 -7.939217
v  6.133724 40.787128 -27.794643
v  6.083368 39.084732 -24.124743
v  5.724665 42.568138 -32.349796
v  5.527183 43.395760 -34.710854
v  5.942936 41.549187 -29.754229
v  0.514367 44.269096 -37.950665
v  2.446684 43.855213 -37.953957
v  2.427069 44.487663 -40.464619
v  1.248056 44.735264 -40.606949
v  4.706321 43.978516 -37.510971
v  4.194029 44.553795 -40.627956
v  -3.076271 -1.624626 0.638094
v  2.585889 -1.750710 0.895729
v  2.566927 44.994114 -44.978157
v  -7.526087 32.853054 -14.801728
v  -7.022740 29.914276 -12.859262
v  -2.804769 29.775009 -14.973421
v  -3.170390 32.592091 -16.850510
v  -8.534696 37.569187 -18.317165
v  -4.758341 37.209244 -20.378916
v  -5.665143 39.656303 -22.582577
v  -9.190995 40.069660 -20.466354
v  3.393567 3.776775 -1.906900
v  0.156149 4.192572 -2.519175
v  0.047780 0.941924 -1.155440
v  3.309338 0.657712 -0.802053
v  -2.096231 26.637772 -13.094531
v  2.310899 26.793629 -10.504801
v  1.895001 30.005726 -12.293418
v  1.403072 33.343231 -14.586651
v  3.427283 7.074576 -3.055035
v  3.357894 10.180494 -4.177813
v  0.054721 10.365273 -5.137335
v  -0.196531 7.505104 -3.894833
v  -6.315733 26.790670 -11.249127
v  -5.293136 22.424263 -9.260715
v  -1.293296 22.523693 -10.844680
v  -6.375821 41.871578 -24.917057
v  -9.975674 42.685417 -23.119343
v  2.786483 22.728872 -8.616194
v  0.953588 35.787083 -16.696192
v  -4.030210 34.775906 -18.425646
v  -2.788088 4.733279 -1.594787
v  -2.714200 1.418432 -0.039635
v  -8.117002 34.914219 -16.000221
v  0.286865 38.164772 -19.171677
v  -3.156003 10.771624 -4.321948
v  -2.943038 7.945722 -3.057085
v  3.422525 14.178535 -5.377863
v  3.128460 18.199987 -6.968684
v  -0.507088 18.135187 -8.655182
v  -0.512512 14.392666 -6.907816
v  -7.545838 44.785912 -28.602831
v  -10.584695 45.510094 -27.386993
v  -10.203401 44.062145 -25.124388
v  -6.876109 43.183571 -26.427731
v  -4.530739 18.548702 -7.538225
v  -10.698962 46.523232 -29.480980
v  -8.004618 45.899433 -30.401066
v  -3.676944 14.530762 -5.919676
v  -2.044182 42.752628 -25.002764
v  -0.663649 40.504635 -21.908531
v  -3.992399 45.206371 -28.803230
v  -4.940403 46.348259 -30.835184
v  -2.924701 43.821190 -26.611444
v  -10.827807 47.571472 -32.122711
v  -8.964461 47.201614 -32.815964
v  -9.774274 48.137180 -35.093262
v  -10.952272 48.389912 -34.804146
v  -6.638255 47.308491 -33.112801
v  -8.124818 48.242401 -35.814934
v  -2.814965 -1.714747 1.598495
v  2.807425 -1.805255 -0.000029
v  -11.081210 49.185272 -39.321198
v  -6.757875 25.069475 -26.502911
v  -6.391037 23.097349 -23.556540
v  -2.078460 22.329977 -25.030060
v  -2.312092 24.215912 -27.833797
v  -7.481075 28.061115 -31.645138
v  -3.601751 26.983974 -32.984169
v  -4.304985 28.314665 -36.026894
v  -7.939620 29.532059 -34.656906
v  3.253787 3.349095 -3.061386
v  0.243750 3.026185 -4.298354
v  0.088328 0.404074 -1.977306
v  3.186490 0.723983 -1.038132
v  -1.497747 20.177523 -22.072948
v  1.432897 22.350746 -19.246508
v  1.039019 24.697430 -22.191099
v  0.759278 26.958799 -25.624191
v  3.252643 6.131652 -5.194636
v  3.153938 8.721613 -7.270218
v  0.238730 7.953484 -8.790986
v  -0.053611 5.646683 -6.722219
v  -5.799630 20.788059 -20.845976
v  -4.903214 17.451998 -17.333948
v  -0.833587 17.237732 -18.426857
v  -4.787886 29.419119 -39.072243
v  -8.455216 30.917776 -38.193474
v  2.027776 19.221354 -15.863256
v  0.678604 28.432152 -28.499969
v  -3.040433 25.547764 -30.197344
v  -2.750791 3.666768 -3.896516
v  -2.738975 1.099803 -1.325637
v  -7.237355 26.543711 -28.458397
v  0.526341 29.594925 -31.725319
v  -3.004565 8.368734 -8.511502
v  -2.845504 6.167419 -6.356251
v  3.018277 12.210194 -9.702629
v  2.656661 15.481134 -12.615341
v  -0.169617 13.991005 -14.765234
v  -0.247520 11.072273 -11.870083
v  -5.569079 30.666243 -43.654812
v  -8.656729 31.810949 -43.208668
v  -8.504594 31.364931 -40.560421
v  -5.133796 30.029812 -40.998024
v  -4.232846 14.471315 -14.298887
v  -8.560661 31.925661 -45.490631
v  -5.826656 31.019533 -45.760948
v  -3.455636 11.311560 -11.328255
v  -0.758135 31.083033 -39.051342
v  0.091342 30.503859 -35.228588
v  -2.153207 31.565153 -43.632092
v  -2.835891 31.752947 -46.007153
v  -1.385355 31.277411 -41.006996
v  -8.402733 31.911425 -48.285652
v  -6.498692 31.338991 -48.553200
v  -7.026914 31.416811 -51.074520
v  -8.215952 31.736185 -51.044308
v  -4.201412 31.603064 -48.610046
v  -5.328075 31.427282 -51.593582
v  -2.900544 -1.260511 1.251145
v  2.724612 -1.442041 0.419139
v  -7.789634 31.051298 -55.517365
v  -11.837808 34.139782 -7.968516
v  -10.696253 31.017771 -6.667752
v  -7.786644 31.017778 -10.475239
v  -8.790125 34.013630 -11.798808
v  -13.991746 39.214275 -10.284426
v  -11.468506 39.057270 -13.835732
v  -13.081980 41.787361 -15.168633
v  -15.349722 41.951603 -11.690844
v  2.360865 3.813540 -3.106042
v  -0.771351 4.359473 -2.091927
v  -0.374816 1.019312 -0.947440
v  2.644353 0.603389 -2.255377
v  -6.493186 27.688913 -9.336432
v  -1.733697 27.698362 -8.589713
v  -2.768412 31.067987 -9.762074
v  -4.000636 34.592731 -11.355865
v  2.017523 7.212427 -3.945290
v  1.581784 10.418968 -4.721115
v  -1.789946 10.720930 -4.118505
v  -1.562865 7.784670 -2.998272
v  -9.534134 27.737619 -5.760521
v  -7.966121 23.185194 -4.721471
v  -4.988753 23.358913 -7.955274
v  -14.595401 44.294456 -16.733089
v  -17.018642 44.879875 -13.458591
v  -0.568373 23.448505 -7.426800
v  -5.080097 37.202557 -12.898396
v  -10.112390 36.392910 -12.625315
v  -3.083115 4.854144 0.060259
v  -2.468805 1.417342 1.252971
v  -12.746009 36.332317 -8.611519
v  -6.485746 39.783337 -14.725773
v  -4.360980 11.112549 -1.903399
v  -3.731624 8.183771 -1.014422
v  1.230560 14.554663 -5.489961
v  0.398923 18.727671 -6.496626
v  -3.524163 18.770020 -6.618135
v  -2.908312 14.900581 -5.227885
v  -17.066042 47.681942 -19.224072
v  -19.260550 48.208622 -16.713469
v  -18.026522 46.482639 -15.014920
v  -15.621708 45.794861 -17.738455
v  -6.697964 19.159018 -3.749749
v  -20.214670 49.485630 -18.426628
v  -18.183168 49.042824 -20.507166
v  -5.380628 15.003370 -2.902867
v  -10.704647 44.941120 -18.738586
v  -8.299922 42.372066 -16.673788
v  -13.947231 47.870834 -21.072182
v  -15.603303 49.300747 -22.335154
v  -12.126433 46.199623 -19.718607
v  -21.406252 50.892899 -20.609541
v  -20.017656 50.674988 -22.095335
v  -21.677828 51.935162 -23.656723
v  -22.618309 52.103939 -22.845360
v  -18.051823 50.661167 -23.464956
v  -20.489328 52.073814 -25.059874
v  -1.958554 -1.837267 2.614934
v  2.443792 -1.916142 -1.437364
v  -24.635391 53.614975 -26.709190
v  -7.222472 23.274883 -28.588511
v  -11.853429 22.461782 -27.403116
v  -10.649740 20.888260 -24.616217
v  -6.065712 21.619572 -25.596079
v  -9.166662 25.588181 -33.860912
v  -10.270288 26.585114 -36.958855
v  -14.143764 25.450308 -36.080036
v  -13.262669 24.580238 -32.883743
v  -4.608335 3.121274 -1.505149
v  -3.517414 0.567753 0.375516
v  -1.068470 0.323939 -1.818947
v  -2.371619 2.847254 -3.933459
v  -9.691518 19.000864 -21.534861
v  -12.468246 23.542572 -20.973038
v  -11.306614 21.425003 -17.919128
v  -13.975202 25.463724 -24.438250
v  -5.696026 5.829954 -3.524794
v  -3.307063 5.380088 -6.341198
v  -4.615103 7.580749 -8.166365
v  -6.663830 8.346056 -5.536973
v  -8.465504 16.336691 -17.766449
v  -4.264638 16.525661 -18.848095
v  -5.228543 19.569458 -22.680611
v  -15.219773 26.009760 -39.157101
v  -11.576273 27.335445 -40.552704
v  -10.098609 18.503555 -14.346998
v  -12.374610 23.522493 -29.980234
v  -15.353780 26.585173 -27.233927
v  1.766715 0.931068 -2.747310
v  0.504933 3.422163 -5.126248
v  -7.783528 24.502058 -30.744125
v  -16.795361 27.277493 -30.334734
v  -0.628709 5.841378 -7.453557
v  -1.555702 7.960775 -9.539888
v  -7.814279 11.757004 -7.939376
v  -5.707168 10.566607 -11.283910
v  -7.237487 13.313124 -13.997267
v  -8.977448 14.905136 -10.893784
v  -16.765936 26.309303 -43.753193
v  -15.859487 26.238607 -41.112232
v  -12.690373 27.338655 -42.702389
v  -13.841063 27.242411 -45.152744
v  -3.343904 13.752213 -15.621518
v  -15.014124 26.883841 -47.083683
v  -17.552040 26.196091 -45.774509
v  -2.554166 10.771383 -12.410001
v  -19.086329 27.507229 -37.596207
v  -18.073366 27.616201 -33.766739
v  -20.460419 26.772673 -44.717522
v  -19.961407 27.094046 -42.305645
v  -19.423208 27.335352 -39.617611
v  -16.469423 26.260296 -49.395061
v  -17.915810 25.456635 -51.625462
v  -18.986507 25.254183 -51.011829
v  -18.279434 25.822968 -48.574692
v  -20.770744 25.177885 -50.642391
v  -20.412966 26.058475 -47.572361
v  3.187384 -1.360757 -0.467274
v  -2.338523 -1.535642 1.554873
v  -20.332436 23.713856 -55.091064
v  -16.786003 17.860737 -28.980721
v  -15.409801 16.762321 -25.837770
v  -11.197599 16.172243 -28.183395
v  -12.399714 17.225962 -31.219130
v  -19.250031 19.207371 -34.348850
v  -15.385508 18.420317 -36.357986
v  -17.059914 18.770535 -39.342106
v  -20.704437 19.654741 -37.412090
v  1.986466 2.309709 -5.343421
v  -1.374969 2.052365 -5.129926
v  -0.655350 -0.040947 -2.350193
v  2.659605 0.210655 -2.783470
v  -9.590179 14.841032 -25.067850
v  -4.508578 16.980839 -25.180641
v  -5.847989 18.518824 -28.485624
v  -7.450174 19.727602 -32.216923
v  1.230567 4.526383 -8.043646
v  0.413250 6.572370 -10.609094
v  -3.058984 5.940449 -10.396724
v  -2.566321 4.131057 -7.856930
v  -13.773628 15.307989 -22.888889
v  -11.502208 13.042021 -19.038509
v  -7.638968 12.866848 -21.164345
v  -18.490873 18.846014 -42.335712
v  -22.345524 19.803318 -40.913074
v  -3.001697 14.710930 -21.312723
v  -8.841230 20.238382 -35.158157
v  -13.909841 17.856176 -33.545254
v  -4.356161 2.560801 -4.059488
v  -3.444570 0.511986 -1.147626
v  -18.038233 18.632822 -31.063564
v  -10.477453 20.399893 -38.151810
v  -6.269875 6.264301 -9.273223
v  -5.329918 4.541059 -6.842821
v  -0.389730 9.328997 -13.877488
v  -1.660862 11.833658 -17.353998
v  -5.664661 10.534704 -17.206226
v  -4.668633 8.345987 -13.799627
v  -20.642496 18.483305 -46.696201
v  -23.857691 19.147169 -45.696564
v  -22.997334 19.549627 -43.192081
v  -19.424356 18.783648 -44.190010
v  -9.681058 10.897480 -15.693001
v  -24.321333 18.594120 -47.840443
v  -21.500805 18.098783 -48.661812
v  -7.764942 8.531889 -12.416157
v  -14.538086 19.913057 -44.326054
v  -12.337561 20.331730 -41.198383
v  -17.319538 19.111923 -48.059643
v  -18.665720 18.554218 -50.047199
v  -15.781778 19.599194 -45.876671
v  -24.854372 17.740347 -50.434868
v  -22.941748 17.397684 -51.111450
v  -24.135118 16.566736 -53.277878
v  -25.349342 16.715431 -52.960709
v  -20.707766 17.628681 -51.937572
v  -22.590376 16.460638 -54.273693
v  -2.765335 -1.379319 1.756774
v  2.756341 -1.523721 -0.698305
v  -26.003294 14.644506 -56.989693
v  -6.028903 30.824751 -20.139481
v  -10.671110 30.295313 -18.813471
v  -9.501968 27.829351 -16.729271
v  -4.910006 28.231514 -17.884504
v  -7.980280 34.837395 -24.264877
v  -9.136830 36.856068 -26.791697
v  -13.113139 36.063782 -25.963827
v  -12.143994 34.148907 -23.269541
v  -4.028248 3.747399 0.274482
v  -3.143581 0.696688 1.336985
v  -0.941005 0.821898 -1.123269
v  -2.092163 3.930427 -2.415345
v  -8.593938 25.016165 -14.411789
v  -10.273293 29.202631 -12.276386
v  -9.220265 26.221533 -10.104972
v  -11.723779 32.197830 -14.807261
v  -4.888694 6.981734 -0.882138
v  -2.892187 7.094906 -4.016074
v  -4.059353 9.822559 -5.094030
v  -5.652875 10.017534 -2.089062
v  -7.466510 21.253380 -11.657169
v  -3.340218 21.254528 -13.082582
v  -4.158124 25.346119 -15.788671
v  -14.316507 37.659023 -28.619871
v  -10.564543 38.813671 -29.847616
v  -8.193660 22.358240 -7.618286
v  -11.214414 32.150452 -20.907328
v  -13.133843 34.282639 -16.929821
v  1.878452 1.334307 -2.178902
v  0.748195 4.484590 -3.738792
v  -6.557388 32.689938 -21.743893
v  -14.744072 36.118961 -19.467369
v  -0.256475 7.541150 -5.270190
v  -1.070711 10.227701 -6.655697
v  -6.449918 14.013807 -3.432057
v  -5.000773 13.640882 -7.227615
v  -6.369437 17.172289 -8.967016
v  -7.372490 17.918955 -5.344646
v  -16.138712 39.484375 -32.764091
v  -15.057921 38.537682 -30.353241
v  -11.826226 39.605759 -31.817339
v  -13.163327 40.374924 -34.091789
v  -2.558060 17.609058 -10.829674
v  -14.533292 40.727367 -35.952076
v  -17.083296 40.044273 -34.650017
v  -1.922215 13.797997 -8.603209
v  -17.727049 38.959049 -26.130331
v  -16.311789 37.715294 -22.493355
v  -19.804689 40.560387 -33.121292
v  -19.072237 40.107765 -30.745323
v  -18.277338 39.465302 -28.120476
v  -16.251614 40.931454 -38.217636
v  -17.974239 40.892738 -40.440189
v  -19.026917 40.675610 -39.792873
v  -18.065483 40.524799 -37.368835
v  -20.785105 40.679718 -39.261955
v  -20.080711 40.681061 -36.101608
v  3.184121 -1.615932 -0.665839
v  -2.170274 -1.744442 1.817601
v  -20.866848 40.261768 -43.970116
v  2.012953 21.053135 -30.755444
v  -2.644194 20.402594 -30.964273
v  -2.381363 18.963219 -27.903519
v  2.172626 19.555609 -27.529865
v  1.834446 23.141922 -36.359642
v  1.772556 24.046179 -39.611797
v  -2.135123 23.104321 -39.935825
v  -2.289306 22.310081 -36.634727
v  -3.905385 2.713921 -3.350089
v  -3.402916 0.413371 -0.997338
v  -0.432917 0.162572 -2.184710
v  -0.991741 2.498274 -4.743824
v  -2.427966 17.258102 -24.611076
v  -7.034414 20.881666 -25.358202
v  -6.766883 18.989632 -22.091341
v  -7.256343 22.564827 -29.143255
v  -4.396809 5.141490 -5.850999
v  -1.130294 4.816933 -7.477736
v  -1.779822 6.855379 -9.743504
v  -4.780962 7.393373 -8.273444
v  -2.434392 14.845116 -20.535315
v  1.729842 15.016706 -20.289839
v  2.030216 17.738106 -24.403696
v  -2.192337 23.653080 -43.168976
v  1.682995 24.744980 -43.366074
v  -6.399930 16.362061 -18.326616
v  -2.349260 21.348223 -33.594631
v  -7.315656 23.521057 -32.254768
v  2.436635 0.785790 -2.217394
v  1.983959 3.070622 -5.006085
v  2.195446 22.111784 -33.017841
v  -7.190362 24.194311 -35.589848
v  1.637630 5.284543 -7.709544
v  1.410916 7.221316 -10.104439
v  -5.471852 10.379679 -11.230813
v  -1.849405 9.578550 -13.219079
v  -2.438191 12.099136 -16.423468
v  -5.858831 13.178812 -14.586129
v  -2.222172 24.034182 -47.973259
v  -2.188664 23.902956 -45.206249
v  1.266086 24.849308 -45.701298
v  0.929606 24.855330 -48.342342
v  1.596977 12.505175 -16.781616
v  0.407349 24.640842 -50.525845
v  -2.331724 23.985754 -50.124096
v  1.354208 9.790003 -13.306581
v  -6.367211 24.848345 -42.930138
v  -6.903490 24.673304 -39.116405
v  -5.310935 24.560587 -50.014919
v  -5.602511 24.752197 -47.586796
v  -5.974144 24.834425 -44.906105
v  -0.249242 24.196074 -53.180351
v  -0.909374 23.566284 -55.777187
v  -2.071289 23.336449 -55.547363
v  -2.156229 23.754576 -53.002518
v  -3.799949 23.284376 -55.765087
v  -4.392975 24.013613 -52.720810
v  3.082006 -1.332763 0.483030
v  -2.614748 -1.476408 0.709039
v  -2.078891 22.110680 -59.906647
v  -16.347752 22.604166 -25.319679
v  -20.426426 22.077766 -22.493065
v  -18.395699 20.454948 -20.258348
v  -14.313617 20.911106 -22.896889
v  -19.807987 25.049070 -29.603374
v  -21.788534 26.169769 -32.125317
v  -25.320038 25.438492 -29.899652
v  -23.482674 24.396490 -27.185617
v  -5.285548 2.770089 -0.112229
v  -3.500239 0.344231 1.382447
v  -1.653135 0.260141 -1.431871
v  -3.634288 2.708051 -3.076610
v  -16.499939 18.539799 -17.652996
v  -20.413763 22.309454 -15.179173
v  -18.298813 20.216103 -12.798722
v  -22.850033 24.214735 -17.989243
v  -7.139049 5.336713 -1.725664
v  -5.350697 5.171002 -5.115954
v  -7.238183 7.303187 -6.474352
v  -8.855621 7.725462 -3.349690
v  -14.114852 15.879171 -14.466894
v  -10.453115 15.966673 -16.980286
v  -12.604224 18.912039 -20.373613
v  -27.309496 26.216150 -32.439438
v  -24.101654 27.129709 -35.038570
v  -15.856168 17.347290 -10.089674
v  -21.729053 23.219200 -24.748510
v  -24.810911 25.338354 -20.378851
v  0.717521 0.776949 -3.363479
v  -1.295750 3.217842 -5.240236
v  -17.519779 23.805716 -27.195871
v  -26.785559 26.178421 -23.086304
v  -3.168493 5.581583 -7.118742
v  -4.760026 7.649235 -8.835258
v  -11.085956 10.906162 -5.175358
v  -9.328765 10.218008 -9.134565
v  -11.710995 12.893137 -11.259607
v  -13.328426 13.906721 -7.528049
v  -30.238281 26.926550 -36.271915
v  -28.534296 26.602936 -34.071205
v  -25.863806 27.397364 -36.645748
v  -27.745760 27.595203 -38.550262
v  -8.512278 13.270857 -14.161165
v  -29.521431 27.548855 -39.982021
v  -31.639734 27.036312 -37.935982
v  -6.682384 10.383860 -11.293967
v  -30.631638 27.236511 -29.484058
v  -28.731068 26.841526 -26.076672
v  -34.063904 27.461107 -35.881557
v  -32.829933 27.464764 -33.731236
v  -31.510832 27.352430 -31.330957
v  -31.708128 27.319956 -41.717319
v  -33.873280 26.912224 -43.415043
v  -34.740158 26.746971 -42.503784
v  -33.249233 26.992517 -40.379059
v  -36.337543 26.709780 -41.563683
v  -34.955471 27.163294 -38.686085
v  2.846439 -1.494277 -1.674050
v  -1.846611 -1.626750 2.190411
v  -37.448982 25.827486 -46.074463
v  -27.928640 10.022438 -24.172569
v  -25.378746 10.510502 -21.480560
v  -22.028368 9.332647 -24.656385
v  -24.299282 8.898493 -27.209654
v  -32.141312 8.200310 -28.513700
v  -28.713524 6.941061 -30.880009
v  -31.027407 5.303688 -32.825443
v  -34.402126 6.628970 -30.801241
v  -0.266507 2.326694 -5.724696
v  -3.317700 1.447319 -4.634225
v  -1.542193 -0.315511 -2.113351
v  1.428878 0.450619 -3.445335
v  -19.280960 9.410524 -22.087872
v  -16.974857 13.243624 -23.894571
v  -20.035801 13.291739 -27.001293
v  -23.170935 12.516428 -30.376600
v  -2.139346 4.298728 -8.122647
v  -4.048100 6.062138 -10.404605
v  -7.022604 4.585144 -9.343603
v  -5.536628 3.118294 -6.969854
v  -22.554998 10.318211 -18.901123
v  -18.718641 9.408895 -15.571738
v  -15.830615 8.914616 -18.777931
v  -32.961533 3.368959 -34.697506
v  -36.727432 4.346039 -33.190136
v  -13.219239 12.373554 -20.227083
v  -25.306137 11.325975 -32.889809
v  -26.485954 8.118067 -28.861275
v  -5.710147 2.087124 -2.637940
v  -3.673108 0.472178 -0.039355
v  -29.946468 9.620140 -25.949654
v  -27.269407 9.541737 -35.174141
v  -9.639386 4.939759 -7.239403
v  -7.758063 3.632198 -5.102423
v  -6.503253 8.528185 -13.352836
v  -9.468367 10.412245 -16.535692
v  -12.306520 7.782830 -15.387529
v  -9.944304 6.314326 -12.258090
v  -35.559204 0.024790 -37.103848
v  -38.713379 0.507827 -35.880100
v  -37.653862 2.584438 -34.512672
v  -34.136219 2.036025 -35.770199
v  -15.554329 8.216105 -12.690360
v  -39.240376 -1.379320 -36.955692
v  -36.505405 -1.666662 -38.099007
v  -12.353398 6.605005 -9.938787
v  -31.204460 4.454734 -38.669235
v  -29.231001 7.285093 -37.141804
v  -33.626514 0.751444 -40.055058
v  -34.813534 -1.273184 -40.745651
v  -32.250694 2.902367 -39.234245
v  -39.748657 -3.784898 -38.194260
v  -37.909485 -4.039268 -39.086342
v  -38.984333 -6.279696 -39.891201
v  -40.134640 -6.248643 -39.353436
v  -36.323826 -3.727278 -40.821590
v  -37.794224 -6.549893 -41.246189
v  -1.844776 -0.964161 2.606868
v  2.371254 -1.192280 -1.477665
v  -40.474651 -10.430185 -41.132980
v  -12.442650 31.248575 -15.865214
v  -16.193150 30.846617 -12.884104
v  -14.408779 28.294483 -11.450001
v  -10.647738 28.575409 -14.263563
v  -15.640045 35.419167 -18.842697
v  -17.564886 37.544384 -20.686716
v  -20.932390 36.927887 -18.419191
v  -19.098991 34.884583 -16.348862
v  -3.630801 3.710552 1.779272
v  -2.417939 0.659956 2.393140
v  -1.236349 0.851548 -0.651814
v  -2.720538 3.994851 -1.375900
v  -12.776378 25.403095 -9.707114
v  -14.040232 29.227404 -6.352808
v  -12.330834 26.190117 -4.872859
v  -16.227642 32.293957 -8.123380
v  -4.867787 6.939934 1.084806
v  -4.002491 7.193628 -2.513773
v  -5.427157 9.953012 -3.040077
v  -6.028451 9.974562 0.315541
v  -10.794559 21.555765 -7.654995
v  -7.564011 21.514137 -10.491631
v  -9.244136 25.650719 -12.641640
v  -22.967918 38.675659 -20.371538
v  -19.922764 39.649483 -22.912228
v  -10.527365 22.278419 -3.207795
v  -17.424309 32.780548 -14.567739
v  -18.215496 34.438240 -9.667498
v  0.955283 1.347660 -2.651928
v  -0.609133 4.540758 -3.621305
v  -13.466943 33.138332 -17.135136
v  -20.454754 36.393406 -11.573754
v  -2.051025 7.635827 -4.616837
v  -3.270334 10.355604 -5.555077
v  -7.351782 13.928965 -0.461257
v  -7.023371 13.820290 -4.603734
v  -8.864250 17.400715 -5.650275
v  -8.908186 17.840399 -1.742003
v  -26.109892 40.770206 -23.452541
v  -24.259241 39.661930 -21.664293
v  -21.782501 40.607506 -24.197874
v  -23.820469 41.556290 -25.751381
v  -6.071154 17.822367 -8.752629
v  -25.758162 42.094810 -26.927656
v  -27.655621 41.464851 -24.822063
v  -4.719211 13.969009 -6.985231
v  -25.226641 39.755699 -16.757305
v  -22.792915 38.197685 -13.885383
v  -29.556541 41.941128 -22.398468
v  -28.033791 41.300278 -20.494799
v  -26.391973 40.441391 -18.387068
v  -28.175121 42.526051 -28.365843
v  -30.592743 42.704876 -29.784832
v  -31.331154 42.484974 -28.819920
v  -29.549591 42.146133 -26.945152
v  -32.742001 42.513378 -27.696465
v  -30.910267 42.291058 -25.041590
v  2.659910 -1.656819 -1.807693
v  -1.324411 -1.766630 2.458366
v  -34.605564 42.412590 -32.016891
v  -25.286074 18.116800 -21.757915
v  -28.278067 17.651876 -17.750912
v  -25.495152 16.638168 -16.006546
v  -22.433876 17.057072 -19.824677
v  -30.142118 19.314150 -25.180307
v  -32.900700 19.627668 -27.180521
v  -35.451729 18.976973 -23.846857
v  -32.809948 18.736721 -21.645235
v  -5.688833 2.230710 1.026000
v  -3.305918 0.094693 2.123619
v  -2.165586 0.015187 -1.050683
v  -4.739818 2.170842 -2.239906
v  -22.719370 15.306568 -13.852794
v  -27.240448 18.399771 -10.519211
v  -24.199675 16.894897 -8.618551
v  -30.614929 19.570688 -12.809545
v  -8.198885 4.481160 -0.174121
v  -7.167184 4.326885 -3.882493
v  -9.559466 6.177987 -4.811401
v  -10.565957 6.559895 -1.412228
v  -19.241442 13.300940 -11.224215
v  -16.447811 13.394821 -14.701948
v  -19.823006 15.641569 -17.657705
v  -38.140472 18.895224 -25.803747
v  -36.044327 19.579493 -29.436951
v  -20.607264 14.659323 -6.500798
v  -30.298107 18.249155 -19.669807
v  -33.198318 20.066612 -14.788927
v  -0.497894 0.476075 -3.635437
v  -3.151074 2.622921 -5.023998
v  -27.118526 18.810490 -23.395298
v  -35.757824 20.226482 -17.027193
v  -5.671695 4.688873 -6.457051
v  -7.860321 6.479208 -7.801222
v  -13.674747 9.301092 -2.729478
v  -12.574595 8.670008 -6.989382
v  -15.730301 10.903709 -8.573620
v  -16.874741 11.826704 -4.564401
v  -42.017269 18.231916 -28.702526
v  -39.791435 18.714212 -27.058706
v  -38.156460 19.228806 -30.467035
v  -40.439316 18.678858 -31.742378
v  -13.500458 11.224682 -12.300657
v  -42.433472 18.011503 -32.552364
v  -43.770653 17.695633 -29.888571
v  -10.647270 8.816595 -9.824183
v  -40.927998 19.660608 -22.238892
v  -38.334759 20.136209 -19.470617
v  -45.678471 18.013720 -27.325134
v  -44.011730 18.702711 -25.655088
v  -42.188313 19.302376 -23.751188
v  -44.835854 16.995705 -33.498569
v  -47.160976 15.790127 -34.387562
v  -47.709072 15.711750 -33.243790
v  -45.863312 16.760433 -31.718824
v  -48.968891 15.574961 -31.884758
v  -47.098988 16.955858 -29.654650
v  2.188207 -1.527781 -2.487150
v  -1.267185 -1.644551 2.574957
v  -50.855965 13.399107 -35.649078
v  -23.207846 27.565454 -8.172865
v  -20.702614 25.368099 -6.870636
v  -19.534771 24.657497 -11.356571
v  -21.843128 26.743532 -12.690812
v  -27.699072 30.890547 -10.420810
v  -26.652317 29.841585 -14.451595
v  -29.499701 31.316145 -15.562490
v  -30.392794 32.512516 -11.733536
v  -0.119111 3.598400 -4.139616
v  -2.927300 3.432814 -2.416173
v  -1.359767 0.592045 -1.091029
v  1.234187 0.761052 -3.107846
v  -16.940987 22.258858 -10.249848
v  -13.142691 24.146236 -10.450440
v  -15.657426 26.727751 -11.701056
v  -18.458031 29.281736 -13.354285
v  -1.593754 6.607504 -5.151453
v  -3.108279 9.416483 -6.065315
v  -6.145592 8.792519 -4.726043
v  -4.830925 6.297206 -3.411749
v  -18.331881 22.817163 -5.906017
v  -15.237246 19.151016 -4.798140
v  -13.813400 18.994511 -8.862612
v  -32.253654 32.500191 -16.877890
v  -33.587116 34.014355 -13.319541
v  -10.154895 20.748142 -9.175876
v  -20.682579 31.030775 -14.921042
v  -24.116808 28.244064 -13.377024
v  -4.279644 4.048352 0.365035
v  -2.407735 1.225664 1.686728
v  -24.982153 29.196064 -8.854953
v  -23.244118 32.465397 -16.737112
v  -7.758559 9.210085 -1.809803
v  -6.111010 6.794426 -0.827949
v  -4.915551 13.165709 -7.007661
v  -7.269536 16.726948 -8.135911
v  -10.716925 15.402481 -7.488969
v  -8.653089 12.217825 -5.913055
v  -36.465233 33.757637 -18.830034
v  -37.889946 34.898060 -16.002729
v  -35.595158 34.471405 -14.618103
v  -34.029205 33.132698 -17.680992
v  -12.635268 15.880711 -3.771650
v  -39.732670 34.951775 -17.381149
v  -38.349010 34.075100 -19.816597
v  -10.048896 12.430597 -2.887287
v  -29.896961 34.197208 -20.164604
v  -26.280785 33.557713 -18.533245
v  -34.488323 34.640575 -21.693138
v  -36.845161 34.774044 -22.488398
v  -31.873461 34.384010 -20.806885
v  -41.948849 34.824379 -19.104340
v  -41.040154 34.281116 -20.846388
v  -43.416702 34.214447 -21.838526
v  -44.098984 34.500343 -20.827959
v  -39.767658 34.525517 -22.825556
v  -42.858246 34.200523 -23.569887
v  -0.593611 -1.384248 3.165035
v  1.930293 -1.555702 -2.044483
v  -47.468693 33.497425 -23.708670
v  -29.338724 21.913706 -8.011460
v  -26.376682 20.304108 -6.814013
v  -25.301765 19.593735 -11.352569
v  -28.072138 21.131975 -12.597511
v  -34.511883 24.243031 -10.006986
v  -33.491951 23.289061 -14.077097
v  -36.638950 24.245602 -14.993608
v  -37.531033 25.311693 -11.131517
v  -1.730470 2.887600 -4.749864
v  -4.126925 2.559965 -2.517492
v  -1.908777 0.191238 -1.136073
v  0.264473 0.476330 -3.569894
v  -22.214018 17.779264 -10.338483
v  -18.626322 20.236712 -12.067334
v  -21.653200 22.248608 -13.268783
v  -25.057758 24.082962 -14.793964
v  -3.867206 5.447456 -5.934312
v  -5.980230 7.822741 -6.991019
v  -8.546478 7.004145 -4.909757
v  -6.638149 4.935087 -3.536602
v  -23.452923 18.337004 -5.926513
v  -19.565735 15.440130 -4.878861
v  -18.408463 15.246298 -9.032310
v  -39.661884 24.948442 -16.100773
v  -41.022758 26.218086 -12.456067
v  -15.052591 17.464626 -10.785387
v  -27.791595 25.165033 -16.166582
v  -30.627506 22.194262 -13.154647
v  -5.397811 3.118259 0.306770
v  -2.925706 0.790118 1.649395
v  -31.466221 23.123888 -8.594348
v  -30.820433 25.872282 -17.590332
v  -9.980608 7.368904 -1.900001
v  -7.816175 5.382605 -0.904940
v  -8.505430 11.068439 -8.275240
v  -11.545666 14.040491 -9.542502
v  -14.567331 12.393826 -7.710123
v  -11.771094 9.806412 -6.099192
v  -44.190269 25.562159 -17.698889
v  -45.533234 26.472826 -14.768727
v  -43.126812 26.368095 -13.592287
v  -41.584682 25.292255 -16.761166
v  -16.266165 12.818586 -3.874480
v  -47.453838 26.315470 -15.973775
v  -46.193310 25.632774 -18.512417
v  -12.952944 10.008751 -2.989419
v  -37.951416 26.381908 -19.894278
v  -34.177692 26.301126 -18.861967
v  -42.629688 26.295843 -20.826248
v  -45.036263 26.188360 -21.362785
v  -39.959454 26.335194 -20.253273
v  -49.776760 25.974684 -17.476068
v  -48.991680 25.547834 -19.287703
v  -51.451736 25.271669 -20.046329
v  -52.045971 25.484495 -18.977982
v  -47.937775 25.755230 -21.381306
v  -51.065372 25.233290 -21.815634
v  -0.569901 -1.342939 3.145844
v  1.543527 -1.519462 -2.319895
v  -55.645267 24.311792 -21.509293
v  -28.668619 23.120743 -4.668674
v  -25.725233 21.348307 -3.798548
v  -25.048378 20.819130 -8.491109
v  -27.817949 22.519354 -9.430802
v  -33.825016 25.733908 -6.088789
v  -33.195446 24.978069 -10.331878
v  -36.336430 26.119267 -10.916387
v  -36.844410 26.969744 -6.876585
v  -1.998339 2.890234 -4.613521
v  -4.107846 2.760425 -2.035520
v  -1.897862 0.283380 -0.913397
v  -0.000887 0.438765 -3.618555
v  -21.995392 18.843077 -7.815548
v  -18.184677 20.585135 -11.059936
v  -21.109468 22.745028 -12.002533
v  -24.544086 24.745972 -13.091904
v  -4.127268 5.483714 -5.619350
v  -6.217448 7.898567 -6.500763
v  -8.495708 7.409544 -3.919063
v  -6.579683 5.243613 -2.769893
v  -22.836710 19.274014 -3.257456
v  -19.014610 16.240395 -2.664112
v  -18.238979 16.117929 -6.930447
v  -39.383041 27.019495 -11.705956
v  -40.353073 28.079138 -7.812481
v  -14.843579 17.654224 -9.977202
v  -27.433325 25.962240 -13.951240
v  -30.339817 23.716711 -9.715589
v  -5.081127 3.310488 0.915578
v  -2.626813 0.857862 1.980399
v  -30.777325 24.394039 -4.985113
v  -30.633017 26.905092 -14.719818
v  -9.619174 7.775333 -0.772822
v  -7.478288 5.689668 -0.022768
v  -8.669065 11.117939 -7.729659
v  -11.610879 14.160860 -8.785722
v  -14.457435 13.079956 -6.036892
v  -11.666386 10.354939 -4.745504
v  -43.965645 27.945433 -12.835896
v  -44.969681 28.744654 -9.709173
v  -42.504082 28.434488 -8.763311
v  -41.321930 27.494072 -12.166087
v  -15.774957 13.484789 -2.035387
v  -46.979221 28.788227 -10.745580
v  -46.015537 28.157925 -13.445643
v  -12.539196 10.544512 -1.526171
v  -37.930019 28.193480 -15.772637
v  -34.093094 27.677382 -15.349221
v  -42.650597 28.582932 -16.123974
v  -45.088379 28.677910 -16.403641
v  -39.954029 28.371601 -15.860604
v  -49.432735 28.676517 -12.036325
v  -48.857319 28.272987 -13.941491
v  -51.376369 28.173487 -14.458050
v  -51.848034 28.391508 -13.325675
v  -47.995358 28.474949 -16.126987
v  -51.162209 28.157640 -16.257824
v  -0.284024 -1.419252 3.221322
v  1.323833 -1.561346 -2.476769
v  -55.716888 27.516088 -15.516614
v  -34.033947 12.533379 -10.428844
v  -35.069794 11.833239 -5.774737
v  -31.762495 11.346649 -5.236619
v  -30.574266 12.027817 -9.746870
v  -39.889233 12.845057 -11.681984
v  -43.189705 12.694225 -12.430409
v  -44.012402 11.758842 -8.545573
v  -40.770557 12.004337 -7.570317
v  -5.277548 1.686802 2.874053
v  -2.406102 -0.034109 3.041481
v  -2.621831 -0.412252 -0.178214
v  -5.709358 1.243287 -0.335883
v  -28.255077 10.605122 -4.322405
v  -31.577238 14.306496 -0.620234
v  -27.854410 13.360962 0.069079
v  -35.691998 14.795813 -1.400518
v  -8.319584 3.506440 2.648820
v  -8.841471 2.870587 -0.952195
v  -11.619526 4.282568 -0.937997
v  -11.226915 5.166593 2.339672
v  -23.832102 9.351295 -3.228463
v  -22.671574 9.588236 -7.352950
v  -27.178482 11.130703 -8.769339
v  -47.164078 11.247364 -9.278009
v  -46.894230 12.161787 -13.250678
v  -23.434761 11.737244 0.872783
v  -37.697365 11.994474 -6.740938
v  -38.854885 14.699163 -2.043071
v  -2.165764 0.110312 -3.099927
v  -5.405174 1.700409 -3.410587
v  -36.427910 12.899469 -11.199489
v  -42.026794 14.195789 -2.858567
v  -8.529537 3.234520 -3.805605
v  -11.279471 4.559228 -4.236095
v  -14.922179 7.481620 2.127356
v  -15.535326 6.106291 -1.820366
v  -19.307426 7.730901 -2.115297
v  -18.889547 9.445255 1.534432
v  -51.684605 10.030092 -10.392330
v  -49.106297 10.817017 -9.772593
v  -49.121433 11.480572 -13.388506
v  -51.589600 10.612816 -13.667882
v  -18.778656 8.054638 -6.261831
v  -53.596161 9.683868 -13.643704
v  -53.661755 9.278961 -10.781285
v  -14.907516 6.286109 -5.060743
v  -48.518867 12.281721 -5.216654
v  -45.239014 13.430801 -3.884176
v  -54.481056 9.679375 -7.823777
v  -52.431126 10.645813 -6.992786
v  -50.156593 11.604206 -6.029435
v  -55.996948 8.395571 -13.579113
v  -58.310902 6.970378 -13.485786
v  -58.329746 6.869999 -12.262122
v  -56.164772 8.101126 -11.611291
v  -58.933228 6.715569 -10.581074
v  -56.518417 8.333576 -9.322756
v  0.991145 -1.332327 -3.011509
v  -0.155580 -1.489875 2.750395
v  -61.935535 4.313821 -13.196451
v  -24.132128 28.065382 1.158757
v  -21.366491 25.801958 1.416107
v  -21.948559 25.178234 -3.078868
v  -24.550825 27.332785 -3.436902
v  -29.069151 31.504774 0.781223
v  -29.614609 30.555479 -3.270598
v  -32.644585 32.106651 -3.234180
v  -32.022945 33.193924 0.589187
v  -1.660910 3.604259 -3.733144
v  -3.535609 3.521391 -1.100367
v  -1.630901 0.632738 -0.483058
v  -0.036206 0.749417 -3.272613
v  -19.170435 22.712572 -3.028821
v  -15.565080 24.412663 -5.168452
v  -18.277046 27.077591 -5.403453
v  -21.473667 29.696407 -5.861761
v  -3.389259 6.628939 -4.146352
v  -5.109592 9.456326 -4.456216
v  -7.305120 8.969801 -2.000686
v  -5.632073 6.432000 -1.300637
v  -18.839577 23.211143 1.403063
v  -15.598102 19.492828 1.254778
v  -15.805826 19.368305 -2.921682
v  -35.668846 33.375202 -3.415511
v  -35.542366 34.778721 0.336552
v  -12.483436 20.909073 -5.046672
v  -24.178976 31.456022 -6.402729
v  -26.889982 28.888502 -3.226979
v  -3.723872 4.135717 1.891804
v  -1.541148 1.259519 2.399679
v  -26.013313 29.716690 1.215053
v  -27.291485 32.919289 -6.959443
v  -7.684938 9.388618 1.204855
v  -5.825875 6.930807 1.486562
v  -7.084378 13.209192 -4.781283
v  -9.609111 16.811626 -5.010029
v  -12.479265 15.698786 -2.816135
v  -10.023275 12.455446 -2.153065
v  -40.283302 34.768974 -3.640589
v  -40.502895 35.849594 -0.546930
v  -37.869946 35.329952 -0.124026
v  -37.603794 34.064842 -3.492254
v  -12.845946 16.168045 1.223783
v  -42.727818 35.998112 -1.133541
v  -42.397705 35.147617 -3.843791
v  -10.164282 12.663853 1.072305
v  -34.714966 34.935970 -7.313749
v  -30.781044 34.114246 -7.305126
v  -39.517021 35.604519 -6.948093
v  -41.998508 35.832077 -6.797138
v  -36.772373 35.229362 -7.127593
v  -45.441063 35.976517 -1.890735
v  -45.280281 35.441856 -3.793830
v  -47.865425 35.451443 -3.824736
v  -48.103420 35.742786 -2.666536
v  -44.846291 35.688934 -6.032236
v  -48.008141 35.447662 -5.581879
v  0.637062 -1.413073 3.077014
v  1.010797 -1.569476 -2.545303
v  -52.358116 34.859943 -4.039422
v  -16.379400 33.020557 3.789495
v  -14.361591 30.069618 3.780434
v  -15.218277 30.038437 -0.993143
v  -17.146078 32.869957 -1.103812
v  -20.072920 37.735775 3.907940
v  -20.969688 37.527172 -0.416314
v  -23.349056 39.987442 -0.071722
v  -22.348957 40.221741 4.021596
v  -1.218994 3.720150 -3.915135
v  -2.421466 4.234770 -0.791017
v  -1.115110 0.962058 -0.339007
v  -0.146984 0.589154 -3.531243
v  -13.223417 26.871574 -1.223285
v  -9.913391 26.768755 -5.401878
v  -11.757215 29.987768 -5.467552
v  -14.121645 33.336288 -5.533633
v  -2.345731 7.029724 -4.267694
v  -3.466374 10.147917 -4.509624
v  -4.995158 10.453485 -1.352247
v  -3.833013 7.578948 -0.787853
v  -12.597990 26.944040 3.470871
v  -10.380340 22.569910 2.940251
v  -10.850529 22.718039 -1.453833
v  -25.825336 42.194798 0.045054
v  -25.154575 42.806236 4.136622
v  -7.966674 22.699577 -5.323417
v  -16.298054 35.794754 -5.541625
v  -18.881994 35.078510 -0.646725
v  -2.328892 4.742492 2.376738
v  -0.831987 1.386695 2.701340
v  -17.719887 35.067970 4.091083
v  -18.865278 38.197632 -5.390601
v  -5.029887 10.846048 2.050039
v  -3.763757 7.991216 2.158783
v  -4.652016 14.141256 -4.966196
v  -6.275827 18.175516 -5.124169
v  -8.547172 18.285557 -1.683489
v  -6.837852 14.520800 -1.235212
v  -29.761332 45.063175 0.277068
v  -29.459177 45.613052 3.636972
v  -27.156248 44.183861 3.839186
v  -27.443865 43.491425 0.160745
v  -8.504821 18.674900 2.610980
v  -31.520563 46.620617 3.208513
v  -31.651064 46.148075 0.278972
v  -6.705749 14.635986 2.165344
v  -25.043274 42.855976 -4.355928
v  -21.735785 40.568718 -5.034054
v  -29.186842 45.337608 -3.327674
v  -31.398312 46.470493 -2.888568
v  -26.801950 43.946697 -3.856060
v  -34.123661 47.648712 2.659033
v  -34.281769 47.382092 0.623023
v  -36.731590 48.244801 0.852853
v  -36.769650 48.431160 2.100190
v  -34.021255 47.440556 -1.765055
v  -37.031284 48.335743 -0.968124
v  0.687196 -1.794449 3.228861
v  0.550338 -1.871282 -2.806240
v  -41.212601 49.137848 1.084304
v  -26.853092 26.137003 -1.235448
v  -26.948126 25.644096 3.729489
v  -24.140289 23.710854 3.345288
v  -23.890318 24.111250 -1.513348
v  -32.108036 29.104673 -0.844939
v  -35.222816 30.488363 -0.655874
v  -35.491425 29.784821 3.514006
v  -32.305744 28.482821 3.553622
v  -2.402694 3.197109 4.191929
v  -0.517079 0.481970 3.621832
v  -1.831131 0.524271 0.520427
v  -3.975152 3.281502 1.185500
v  -21.153215 21.441446 3.288450
v  -20.703588 25.377874 7.427337
v  -17.788618 22.911564 7.078659
v  -24.196913 27.700886 7.862284
v  -4.402298 6.071382 4.739994
v  -6.287473 6.073729 1.406518
v  -8.186832 8.478910 2.161596
v  -6.364203 8.757341 5.172292
v  -17.515898 18.324112 3.168989
v  -17.475382 18.358995 -1.281076
v  -21.096790 21.769690 -1.468919
v  -38.657669 30.768435 3.702917
v  -38.886475 31.698927 -0.411346
v  -14.524407 19.604012 6.711922
v  -29.420069 27.038010 3.506850
v  -27.181545 29.147932 8.206022
v  -1.998181 1.021806 -2.538903
v  -4.354699 3.800564 -1.982004
v  -28.924686 27.565620 -1.341616
v  -30.503834 30.288248 8.408194
v  -6.640627 6.490991 -1.539835
v  -8.673499 8.846684 -1.232711
v  -8.652659 12.305967 5.837572
v  -11.164192 11.808239 2.331911
v  -13.905398 14.862370 3.051250
v  -11.443611 15.713636 6.258593
v  -43.441391 31.692938 3.932117
v  -40.674831 31.261984 3.781504
v  -41.220085 32.078232 0.118730
v  -43.868919 32.372112 0.582966
v  -14.416599 15.257055 -1.243821
v  -46.072655 32.371887 1.229042
v  -45.605038 31.860617 4.139991
v  -11.413773 11.962553 -1.083731
v  -38.013195 31.814215 8.089109
v  -34.084103 31.211832 8.399908
v  -45.279552 32.275723 7.307951
v  -42.795914 32.221634 7.510725
v  -40.053215 32.015865 7.779782
v  -48.757198 32.161613 2.042810
v  -51.387974 31.733675 2.861088
v  -51.128147 31.578463 4.095223
v  -48.532330 31.841925 4.075895
v  -51.260708 31.534395 5.949553
v  -48.106220 32.003178 6.448943
v  0.304538 -1.577092 -3.295707
v  0.785648 -1.702611 2.762581
v  -55.581753 30.535715 4.293142
v  -17.085707 32.623959 1.962828
v  -16.280224 32.407360 6.782272
v  -14.446326 29.632771 6.032634
v  -15.123892 29.727169 1.295187
v  -20.703999 37.239769 3.091768
v  -22.944084 39.662666 3.749885
v  -22.607967 39.333595 7.886610
v  -20.198824 36.949669 7.415518
v  0.101890 3.710990 4.024351
v  1.005633 0.596206 3.328353
v  -0.975847 0.931656 0.692624
v  -2.101465 4.168698 1.555433
v  -12.439563 26.521132 5.580436
v  -9.708718 29.929197 8.558042
v  -7.924184 26.733887 7.903270
v  -11.968199 33.225861 9.443552
v  -0.864991 7.006524 4.699802
v  -3.470975 7.476861 2.025305
v  -4.419842 10.319740 2.944593
v  -1.865838 10.110420 5.271070
v  -10.065395 22.431581 5.001638
v  -11.019653 22.306332 0.734607
v  -13.325757 26.635990 0.987363
v  -25.036606 41.452988 8.603301
v  -25.694889 42.164082 4.584249
v  -6.016762 22.673805 7.252626
v  -18.105440 34.565636 6.933787
v  -14.037841 35.612629 10.267630
v  -1.687787 1.363255 -2.241979
v  -3.039210 4.678484 -1.437893
v  -18.469065 34.651375 2.139266
v  -16.543848 37.903862 11.112062
v  -4.362023 7.889513 -0.753777
v  -5.554897 10.711731 -0.228083
v  -2.863383 14.115442 5.994694
v  -6.243487 14.339996 3.452090
v  -7.758193 18.059938 4.444823
v  -4.394652 18.135204 6.632976
v  -28.904099 44.167923 9.696309
v  -26.635839 42.688244 9.034557
v  -27.544712 43.449234 5.520817
v  -29.705315 44.778316 6.471883
v  -9.100561 18.455191 0.412553
v  -31.553520 45.680641 7.550174
v  -30.718622 45.175579 10.321260
v  -7.216550 14.459175 0.225631
v  -22.863953 42.236061 12.410922
v  -19.434750 40.132988 11.851256
v  -29.469090 45.522720 13.203136
v  -27.202311 44.496323 12.873724
v  -24.730057 43.226349 12.557832
v  -33.869366 46.577793 8.919656
v  -36.207996 47.231293 10.310476
v  -35.759651 47.044899 11.461383
v  -33.349247 46.293343 10.869471
v  -35.455845 47.121346 13.265508
v  -32.336510 46.359806 13.022390
v  -0.370509 -1.772234 -3.240526
v  1.431853 -1.858489 2.438935
v  -40.080967 47.729038 12.711886
v  -35.779316 10.758471 6.791060
v  -34.460762 9.966684 11.407891
v  -31.248022 9.684408 10.336487
v  -32.354603 10.473265 5.773122
v  -41.592930 10.677586 8.416528
v  -44.869751 10.296267 9.289427
v  -43.668453 9.221193 13.104017
v  -40.360779 9.712852 12.468125
v  -3.460304 1.592967 5.069424
v  -0.751714 0.009138 3.848283
v  -2.466090 -0.521721 1.081352
v  -5.344994 1.006912 2.400982
v  -27.666622 9.172821 9.502247
v  -29.153210 12.718956 14.726556
v  -25.452526 12.005972 13.565434
v  -33.223732 12.938219 15.929957
v  -6.355688 3.261048 6.326094
v  -8.486930 2.476956 3.335332
v  -11.001730 3.779232 4.660778
v  -9.165348 4.771692 7.444750
v  -23.161011 8.193146 8.392668
v  -24.064627 8.503681 4.177293
v  -28.821577 9.785568 5.043883
v  -46.766354 8.486441 13.909451
v  -48.513927 9.498024 10.279566
v  -21.051546 10.644442 12.125031
v  -37.250938 9.925499 11.774878
v  -36.337772 12.633127 16.757225
v  -3.412495 0.092820 -1.739195
v  -6.507326 1.515740 -0.482092
v  -38.299244 10.962183 7.228128
v  -39.500885 11.934952 17.415232
v  -9.538036 2.888002 0.645509
v  -12.243783 4.069737 1.564021
v  -12.670979 6.879604 9.068726
v  -14.978271 5.392651 5.728158
v  -18.539070 6.838747 7.247622
v  -16.578308 8.622435 10.456494
v  -51.212234 6.959864 14.999701
v  -48.689907 7.924074 14.365559
v  -50.504395 8.663113 11.184559
v  -52.765835 7.620395 12.071300
v  -20.016434 7.182113 3.308808
v  -54.466595 6.548809 13.009205
v  -53.095196 6.069808 15.559648
v  -15.931852 5.611314 2.546742
v  -46.215851 9.611050 18.209763
v  -42.772411 10.973389 17.925800
v  -52.528267 6.556185 18.601036
v  -50.392052 7.683457 18.406275
v  -47.995228 8.814909 18.227213
v  -56.472721 5.085949 14.158061
v  -58.378773 3.489804 15.288659
v  -57.782249 3.356539 16.373922
v  -55.631859 4.729472 15.966145
v  -57.526264 3.189025 18.152073
v  -54.922382 5.016772 18.183899
v  -0.504309 -1.187496 -3.154499
v  1.175800 -1.354678 2.514935
v  -61.263596 0.566066 17.177481
v  -28.480633 18.814943 15.541296
v  -25.414309 17.518440 14.285926
v  -27.640818 16.920527 10.235133
v  -30.603331 18.172289 11.327771
v  -33.725735 20.586084 17.799040
v  -35.681423 19.764776 14.100729
v  -38.639893 20.399529 15.658776
v  -36.729156 21.327866 19.139154
v  -5.076241 2.409012 -2.028920
v  -5.012495 2.132802 1.229378
v  -2.298326 -0.005903 0.588006
v  -2.552060 0.306009 -2.628782
v  -24.580387 15.431288 8.752822
v  -24.593939 17.085009 3.544183
v  -27.776251 18.735453 4.718901
v  -31.349396 20.174770 6.185471
v  -7.743718 4.624118 -1.356588
v  -10.277568 6.672876 -0.625800
v  -10.171771 6.106022 2.753914
v  -7.704999 4.240747 2.328883
v  -22.535055 15.917603 12.775537
v  -18.764290 13.492933 10.673045
v  -20.745590 13.299067 6.954700
v  -41.613262 20.817879 16.989185
v  -40.182083 21.867041 20.661013
v  -20.835711 14.759733 2.264207
v  -34.170383 20.969837 7.525627
v  -32.907944 18.965073 12.735121
v  -4.020844 2.696182 4.081128
v  -1.150364 0.625005 3.250668
v  -30.507923 19.727528 16.701401
v  -37.079048 21.511497 9.126781
v  -9.160472 6.456468 5.835587
v  -6.765160 4.702685 4.972580
v  -13.521210 9.385593 0.040763
v  -16.939888 11.907280 1.162707
v  -16.849983 10.848671 5.132399
v  -13.530345 8.566515 4.241539
v  -45.990211 21.050014 19.009281
v  -44.997169 21.844593 22.069012
v  -42.469070 21.904934 21.261547
v  -43.465309 20.997169 17.861929
v  -15.480680 11.238459 8.990664
v  -47.189320 21.593981 22.510323
v  -47.985031 20.951963 19.823431
v  -12.256275 8.783043 7.215151
v  -43.261078 21.958492 13.070180
v  -40.092445 21.876341 10.933205
v  -47.112896 21.761410 15.757603
v  -49.176086 21.524332 17.056034
v  -44.861217 21.901928 14.275895
v  -49.865707 21.118536 23.030548
v  -50.515617 20.678696 21.206678
v  -52.782700 20.240511 22.365425
v  -52.495098 20.472149 23.526796
v  -51.221478 20.944418 19.044737
v  -53.719513 20.188211 20.879084
v  1.705822 -1.291374 2.645706
v  -0.514146 -1.432499 -2.683033
v  -56.738739 19.019762 24.213408
v  -31.482553 16.628345 12.356199
v  -29.508488 15.793621 16.709368
v  -26.646938 14.938129 15.085067
v  -28.400906 15.733240 10.746035
v  -36.815720 17.590124 15.038000
v  -39.882179 17.794096 16.536556
v  -38.217529 16.661228 20.137537
v  -35.059566 16.574606 18.861803
v  -1.825507 2.353279 5.258062
v  0.320813 0.289354 3.718787
v  -2.003513 -0.118331 1.427044
v  -4.330197 1.884316 3.148682
v  -23.415924 13.802860 13.643869
v  -23.328133 18.104139 17.684168
v  -20.074879 16.724905 15.967498
v  -26.963512 19.090055 19.692089
v  -4.132788 4.539731 6.840958
v  -6.989853 3.863644 4.541079
v  -8.988581 5.591676 6.214358
v  -6.411374 6.549334 8.286102
v  -19.411373 12.048454 11.796992
v  -21.036636 12.311108 7.794991
v  -25.250113 14.416748 9.427006
v  -41.174309 16.459297 21.560019
v  -43.348495 17.636042 18.254753
v  -16.240025 14.600657 14.016586
v  -32.147675 16.238506 17.588657
v  -29.816082 19.377880 21.325846
v  -3.374772 0.490152 -1.211513
v  -5.945227 2.422836 0.493889
v  -33.780594 17.295952 13.243701
v  -32.838936 19.202003 22.899843
v  -8.477974 4.295285 2.062886
v  -10.757612 5.924274 3.379099
v  -9.181940 9.332621 10.162884
v  -12.406649 7.857748 7.878938
v  -15.352062 9.915298 9.920099
v  -12.454851 11.771742 12.002505
v  -45.492622 15.660910 23.569439
v  -43.033092 16.215870 22.407431
v  -45.254025 17.121941 19.569523
v  -47.441181 16.443310 20.935604
v  -17.491495 10.307590 6.295780
v  -49.072289 15.635920 22.245190
v  -47.332775 15.073811 24.533117
v  -13.920253 8.069120 4.911844
v  -39.586983 17.785738 25.494120
v  -36.071304 18.708122 24.310205
v  -46.099506 15.591774 27.365749
v  -43.902699 16.414639 26.684118
v  -41.439610 17.213249 25.949936
v  -50.998730 14.483532 23.844511
v  -52.833092 13.180735 25.413736
v  -52.066921 13.026392 26.382627
v  -49.889397 14.099667 25.494001
v  -51.486496 12.891729 28.093748
v  -48.717003 14.360617 27.518383
v  -0.974487 -1.267345 -3.047693
v  1.709496 -1.445841 2.200393
v  -55.610558 10.692430 27.986761
v  -27.321178 21.745335 13.488817
v  -25.124037 21.085699 17.761242
v  -22.651665 19.543694 16.011007
v  -24.660875 20.129274 11.754935
v  -31.982773 24.092796 16.418856
v  -34.709785 25.177143 18.087727
v  -33.028568 24.317070 21.723169
v  -30.129406 23.314352 20.229975
v  -0.875992 2.728050 5.114941
v  0.856659 0.327007 3.563335
v  -1.667331 0.171171 1.491949
v  -3.594340 2.513985 3.287336
v  -19.830341 17.708872 14.433994
v  -18.810209 22.059139 17.231377
v  -16.079098 20.054470 15.486825
v  -21.826395 23.895655 19.366344
v  -2.744958 5.281268 6.694634
v  -5.862468 4.886321 4.769567
v  -7.487855 6.925106 6.499979
v  -4.613778 7.652721 8.139206
v  -16.361906 15.158875 12.433518
v  -18.356367 15.285805 8.570492
v  -21.969482 18.166859 10.333551
v  -35.775497 25.050488 23.385162
v  -37.857162 26.110397 20.040777
v  -12.809578 17.294048 13.561836
v  -27.508217 22.187439 18.784328
v  -24.201725 24.991692 21.232468
v  -3.296855 0.663271 -1.018213
v  -5.452313 2.999658 0.772657
v  -29.287891 22.955877 14.458029
v  -26.854422 25.714291 23.216036
v  -7.583362 5.269267 2.424251
v  -9.510331 7.257428 3.814542
v  -6.847041 10.901241 9.878169
v  -10.417583 9.730507 8.281371
v  -12.859692 12.294405 10.409708
v  -9.587119 13.872089 11.694591
v  -39.906101 25.700113 25.817835
v  -37.532921 25.406805 24.400166
v  -39.687340 26.289076 21.555080
v  -41.805935 26.428535 23.164997
v  -15.309749 12.677839 6.956671
v  -43.445988 26.313793 24.716919
v  -41.712841 25.797531 26.999275
v  -12.218717 9.889036 5.453400
v  -33.356522 26.270222 26.835112
v  -29.871880 26.158741 25.109390
v  -40.006947 26.196968 29.595131
v  -37.754482 26.256685 28.619259
v  -35.252460 26.251297 27.560495
v  -45.424725 26.034863 26.640358
v  -47.357006 25.615505 28.555626
v  -46.575123 25.476768 29.508429
v  -44.308170 25.729174 28.294073
v  -45.849003 25.435877 31.178902
v  -42.856251 25.860477 30.155764
v  -1.290940 -1.482643 -2.939513
v  1.880346 -1.646348 2.067873
v  -50.413628 24.576706 31.750576
v  -25.586052 12.093615 25.373341
v  -22.821342 11.627863 23.147263
v  -25.991846 11.049276 19.631615
v  -28.693661 11.500767 21.662954
v  -30.208401 12.325310 29.228195
v  -32.938705 11.596272 25.933220
v  -35.370461 11.306702 28.317570
v  -32.787430 12.124584 31.436657
v  -6.162341 1.547882 -0.071312
v  -4.957937 1.204499 2.991668
v  -2.265583 -0.430161 1.395256
v  -3.632773 -0.106211 -1.573834
v  -23.284822 10.348330 17.169024
v  -25.611134 12.445581 12.594048
v  -28.628990 13.312807 14.892069
v  -31.859110 13.763844 17.539629
v  -8.828821 3.286661 1.556584
v  -11.330388 4.871439 3.190758
v  -9.973839 4.194300 6.316613
v  -7.477887 2.802669 5.019495
v  -20.249542 10.801983 20.667545
v  -16.881718 9.348909 17.266539
v  -19.840691 9.142742 14.113656
v  -37.833534 10.758757 30.441914
v  -35.684673 11.537016 33.894951
v  -21.943796 10.950895 9.946832
v  -34.230064 13.696001 19.705503
v  -30.586382 11.625574 23.755535
v  -3.254027 1.653528 5.599888
v  -0.498380 0.082108 3.801694
v  -27.349043 12.391058 27.196724
v  -36.503063 13.291246 22.055346
v  -8.131301 4.464589 9.102706
v  -5.868455 3.164003 7.422788
v  -14.673791 7.011779 5.055256
v  -18.013184 8.860786 7.398043
v  -16.311977 7.568318 10.990840
v  -13.070176 5.979712 8.950230
v  -41.334835 9.494448 33.544338
v  -39.683422 10.001698 36.432762
v  -37.613487 10.872362 35.041431
v  -39.330917 10.308411 31.789324
v  -13.905826 7.871587 14.452930
v  -41.493439 9.086443 37.340031
v  -42.910831 8.721291 34.812469
v  -10.997356 6.154615 11.550256
v  -40.974960 11.623495 27.381693
v  -38.758331 12.645536 24.577135
v  -43.596317 10.065666 30.842045
v  -45.028419 9.102835 32.549152
v  -42.032982 10.997946 28.901541
v  -43.671555 7.801603 38.398548
v  -44.749466 7.520442 36.719734
v  -46.370342 6.267761 38.309082
v  -45.779667 6.365899 39.393135
v  -46.139252 7.760578 34.847874
v  -47.694168 6.111595 37.093441
v  2.283478 -1.360446 2.253512
v  -1.441020 -1.494526 -2.379299
v  -49.138084 3.673462 40.821392
v  -24.465008 21.739862 18.860069
v  -21.580784 21.020908 22.560389
v  -19.464920 19.483526 20.345198
v  -22.161070 20.127991 16.621496
v  -28.513226 24.088484 22.675968
v  -30.885807 25.178242 24.863600
v  -28.626081 24.246721 28.039652
v  -26.050524 23.244026 25.992287
v  0.014454 2.781071 5.143695
v  1.458501 0.367533 3.280992
v  -1.381052 0.165933 1.807197
v  -2.964450 2.503040 3.965031
v  -16.973780 17.655382 18.225189
v  -15.931666 22.013439 20.513386
v  -13.531949 20.043268 18.257624
v  -18.480705 23.853632 23.199778
v  -1.566553 5.348876 7.055902
v  -4.937784 4.869518 5.886959
v  -6.234461 6.904586 7.916994
v  -3.173101 7.730710 8.837037
v  -13.919381 15.114782 15.555848
v  -16.552332 15.265503 12.199471
v  -19.779657 18.156992 14.673038
v  -31.021120 24.982216 30.219349
v  -33.617146 26.120394 27.414461
v  -10.574278 17.344601 15.707767
v  -23.737652 22.119183 24.046711
v  -20.393848 25.001581 25.503513
v  -3.420265 0.676008 -0.304095
v  -5.232101 3.000129 1.895598
v  -26.209175 22.964161 20.219322
v  -22.517025 25.773819 28.028767
v  -7.042181 5.260514 3.954129
v  -8.695600 7.242095 5.714362
v  -5.150692 11.001137 10.940877
v  -8.804837 9.701797 10.267538
v  -10.832747 12.260969 12.853383
v  -7.582317 13.968159 13.256319
v  -34.633324 25.639288 33.431080
v  -32.561707 25.340769 31.566469
v  -35.153534 26.285818 29.252708
v  -36.948845 26.420641 31.247938
v  -13.845513 12.656870 9.990742
v  -38.287563 26.294321 33.087173
v  -36.192181 25.742384 34.950138
v  -11.072662 9.868073 7.879543
v  -28.072319 26.293152 33.033379
v  -25.035660 26.219915 30.566647
v  -34.060562 26.166485 37.124882
v  -32.032448 26.234470 35.708691
v  -29.781126 26.248173 34.151867
v  -39.889133 26.008171 35.359749
v  -41.443661 25.589720 37.618378
v  -40.508652 25.442186 38.386486
v  -38.503761 25.683624 36.740604
v  -39.498611 25.402935 39.866280
v  -36.748280 25.818317 38.257751
v  -1.772349 -1.449420 -2.597696
v  2.211624 -1.625392 1.621770
v  -43.873131 24.565866 41.357452
v  -0.186300 36.024773 5.672118
v  0.250931 32.578972 5.146202
v  -3.991141 32.825565 3.203676
v  -4.494620 36.151848 3.630611
v  -0.902159 41.771599 6.639052
v  -4.870224 41.955166 5.131989
v  -5.171002 45.231159 6.018716
v  -1.315847 44.981590 7.243013
v  -2.289235 3.837899 -2.878925
v  -1.089635 4.593300 0.074767
v  -0.485689 1.126800 0.054006
v  -2.030072 0.550652 -2.769632
v  -3.713013 29.187641 2.521357
v  -2.618107 28.453356 -1.486571
v  -2.936681 32.023899 -0.972773
v  -3.536915 35.835136 -0.448705
v  -2.475822 7.316638 -2.946287
v  -2.621217 10.608166 -2.898113
v  -2.026947 11.209951 0.325538
v  -1.389590 8.157793 0.435155
v  0.332771 29.067808 4.701911
v  0.294552 24.251348 4.067964
v  -3.353025 24.525618 1.742182
v  -5.673260 48.387596 6.793732
v  -1.871314 48.576717 7.996005
v  -2.446982 24.001499 -2.126554
v  -4.268888 38.756916 -0.063991
v  -4.561566 38.858421 4.411823
v  1.490748 5.059655 1.849793
v  2.114688 1.468566 1.578400
v  -0.195953 38.414783 5.970479
v  -5.275915 41.811726 0.513176
v  0.616427 11.595846 2.402511
v  0.984517 8.536095 2.128856
v  -2.474658 14.811731 -2.974309
v  -2.595394 19.127844 -2.637608
v  -3.003682 19.647406 0.979219
v  -2.342993 15.586832 0.879118
v  -6.467630 52.974419 8.092310
v  -3.408088 53.239834 9.323985
v  -2.637827 50.776691 8.625506
v  -5.975992 50.350651 7.330582
v  0.384466 20.009602 3.501149
v  -4.358326 55.274029 9.928045
v  -6.958152 54.992569 8.676647
v  0.360549 15.662304 2.877943
v  -7.511338 48.569256 2.949105
v  -6.378420 45.060905 1.453824
v  -8.486460 52.852009 5.142031
v  -8.909115 55.076077 6.222966
v  -7.971303 50.386353 3.932327
v  -5.592230 57.735500 10.646791
v  -7.402396 57.652569 9.732336
v  -7.924580 59.982750 10.704330
v  -6.869552 60.133965 11.347272
v  -9.039016 57.509830 8.010922
v  -9.387986 60.262680 9.639033
v  2.951332 -1.953410 1.304894
v  -1.660318 -2.001176 -2.264234
v  -9.153029 63.944332 12.515552
v  -8.515080 31.777941 17.192295
v  -7.124960 29.024706 15.360356
v  -11.406923 28.807373 13.267088
v  -12.827126 31.435240 14.940138
v  -10.972862 36.105690 20.582920
v  -14.889641 35.662769 18.754959
v  -16.226940 37.828671 21.063335
v  -12.447993 38.333797 22.681341
v  -3.890001 3.708587 -1.156890
v  -2.336990 4.055545 1.758417
v  -1.055939 0.879783 0.824558
v  -2.882664 0.618567 -1.913620
v  -10.212054 25.831306 11.331833
v  -10.431123 26.580935 6.650873
v  -11.738670 29.687559 8.365948
v  -13.476770 32.841667 10.403679
v  -4.891541 6.982738 -0.319926
v  -5.805120 10.062351 0.583521
v  -4.588861 10.086559 3.781684
v  -3.319710 7.300579 3.046294
v  -6.128817 26.029028 13.594350
v  -4.988359 21.810472 11.282178
v  -8.750739 21.889584 9.048332
v  -17.800890 39.694050 23.308498
v  -14.272369 40.570786 25.231905
v  -9.104367 22.589079 4.714604
v  -15.113041 35.068661 12.160045
v  -13.648961 33.457970 16.759224
v  0.192276 4.571708 3.619412
v  1.487852 1.327680 2.447878
v  -9.226961 33.730206 18.560413
v  -16.971844 37.115635 14.314178
v  -1.944842 10.478361 5.881460
v  -0.977513 7.715681 4.794991
v  -6.804860 14.083599 1.521236
v  -7.970685 18.063768 2.998932
v  -7.332236 17.648088 6.822842
v  -5.779321 14.017920 5.526464
v  -20.234457 41.964245 26.863918
v  -17.494410 42.660561 28.700319
v  -15.822280 41.610859 26.821634
v  -18.793131 40.751831 24.792606
v  -3.935270 18.055046 9.383971
v  -19.155882 43.287777 30.203316
v  -21.468079 42.747356 28.477234
v  -3.024885 14.145691 7.478087
v  -20.725780 40.681309 20.139202
v  -18.860247 39.015926 16.922829
v  -22.739998 42.386715 24.293968
v  -23.844025 43.127960 26.429281
v  -21.554884 41.428936 21.940617
v  -21.240841 43.837402 32.051170
v  -22.895912 43.532394 30.902843
v  -24.269461 43.968456 33.070953
v  -23.337044 44.142891 33.885071
v  -24.632755 43.618240 29.272192
v  -25.894163 44.004341 32.217800
v  2.953046 -1.726632 1.363161
v  -1.865319 -1.831475 -2.121527
v  -26.861053 44.070385 36.831455
v  -11.330976 22.771250 27.882637
v  -9.773394 21.122919 25.063580
v  -14.186226 20.317924 23.509007
v  -15.761417 21.894386 26.118935
v  -13.965452 25.129278 32.838699
v  -17.913809 24.021742 31.375006
v  -19.220661 24.937382 34.420719
v  -15.467552 26.189394 35.745712
v  -4.815058 3.127742 0.945006
v  -2.941094 2.744367 3.693300
v  -1.332751 0.275098 1.712423
v  -3.419060 0.650151 -0.852220
v  -12.799795 18.469906 20.552961
v  -14.302505 20.929329 16.434261
v  -15.895655 23.020111 19.284510
v  -17.839914 24.908333 22.544279
v  -6.240218 5.751674 2.881305
v  -7.541764 8.186674 4.814372
v  -5.802004 7.360926 7.709881
v  -4.237479 5.197317 6.031016
v  -8.539289 19.105108 22.256615
v  -7.037560 16.119362 18.530563
v  -11.041537 15.874437 16.928253
v  -20.699080 25.600035 37.315163
v  -17.231401 27.055807 39.111771
v  -12.546705 18.048775 13.115075
v  -19.512352 25.994396 25.206253
v  -16.637978 22.940784 28.615908
v  -0.254695 3.379955 5.223001
v  1.362521 0.979745 2.952839
v  -12.170252 23.996483 29.950039
v  -21.228550 26.704155 28.171087
v  -2.972659 7.763769 9.463941
v  -1.735682 5.714545 7.455376
v  -9.160089 11.484589 7.092963
v  -10.809010 14.534094 9.904657
v  -9.269911 12.941463 13.282868
v  -7.356786 10.250166 10.740756
v  -22.852030 26.135530 41.655273
v  -20.117708 27.214592 43.368538
v  -18.637239 27.169920 41.089382
v  -21.595268 25.919031 39.160358
v  -5.653674 13.408348 15.396203
v  -21.560009 26.988720 45.148075
v  -23.909225 26.146503 43.560329
v  -4.394691 10.495041 12.250730
v  -24.281162 27.215548 35.151409
v  -22.837643 27.143782 31.452051
v  -25.776115 27.045713 39.744507
v  -26.610365 26.860344 42.092842
v  -24.876013 27.145679 37.129993
v  -23.341366 26.538172 47.288799
v  -25.025633 25.989786 46.262039
v  -26.080959 25.627853 48.622890
v  -25.107582 25.913403 49.365448
v  -26.984100 26.283182 44.977901
v  -27.792290 25.583923 48.028202
v  3.121566 -1.223392 0.812500
v  -2.046979 -1.405046 -1.926712
v  -28.035206 24.473642 52.602875
v  -10.779316 18.185320 31.157513
v  -6.136531 17.743454 32.442200
v  -5.536284 16.687044 29.256536
v  -10.034182 17.078480 27.844894
v  -12.164696 19.496754 36.847652
v  -13.002560 19.894917 40.105362
v  -9.127983 19.301630 41.249619
v  -8.064045 18.965681 38.016026
v  2.885618 2.177806 4.880784
v  3.050607 0.036726 2.297961
v  -0.194060 -0.000786 2.382273
v  -0.370914 2.135413 5.192463
v  -4.565438 15.310728 25.932009
v  -0.293223 18.675091 28.663534
v  0.380614 17.115696 25.202011
v  -1.148274 19.895056 32.593235
v  2.668415 4.439778 7.612216
v  -1.005401 4.286777 8.023357
v  -1.010664 6.120056 10.569902
v  2.366302 6.531973 10.225081
v  -3.411880 13.266085 21.791210
v  -7.521559 13.336729 20.509525
v  -9.000014 15.620495 24.671627
v  -9.956999 19.315104 44.446030
v  -13.938391 19.961557 43.818710
v  1.105219 14.808950 21.172329
v  -7.160046 18.404034 34.990627
v  -1.952903 20.408346 35.711491
v  -3.113150 0.409931 1.834429
v  -3.440241 2.552836 4.777902
v  -11.606133 18.931688 33.425243
v  -2.989288 20.569284 38.920616
v  -3.852961 4.616646 7.615035
v  -4.301027 6.406336 10.114397
v  2.215120 9.327122 13.517270
v  -1.921664 8.615730 14.131042
v  -2.249567 10.844948 17.609579
v  1.646562 11.888578 17.098593
v  -11.225394 18.801399 49.098606
v  -10.514933 19.193800 46.431767
v  -14.140039 19.672134 46.146740
v  -14.501218 19.206684 48.727455
v  -6.388227 11.152170 16.934258
v  -14.545419 18.611336 50.878845
v  -11.688240 18.342648 51.165508
v  -5.152296 8.742138 13.411839
v  -5.784363 20.054893 45.652409
v  -4.231443 20.492149 42.219154
v  -8.705795 18.602806 51.944786
v  -7.778183 19.207952 49.776814
v  -6.699454 19.732143 47.381729
v  -14.571819 17.696169 53.470123
v  -14.574292 16.601437 55.980618
v  -13.356223 16.547693 56.084606
v  -12.616278 17.503897 53.792027
v  -11.692428 16.419624 56.747360
v  -10.319668 17.658836 54.149952
v  -3.011275 -1.585878 -1.053573
v  2.752223 -1.704377 0.264227
v  -14.447686 14.404882 59.946247
v  -10.533019 30.265837 18.248106
v  -6.689533 29.601263 20.738005
v  -5.940735 27.204607 18.451870
v  -9.624175 27.744024 15.866634
v  -12.254240 34.152500 22.535130
v  -13.331478 36.094990 25.130886
v  -10.271737 35.055592 27.492907
v  -8.956059 33.259693 24.921249
v  2.778955 3.789021 2.541971
v  2.989012 0.790605 1.159947
v  -0.198848 0.783729 1.438817
v  -0.383070 3.849831 3.140129
v  -4.851716 24.484182 16.171261
v  -2.240481 28.704874 15.903261
v  -1.358344 25.790779 13.627281
v  -3.139417 31.627523 18.722521
v  2.485081 6.964350 3.980106
v  -1.023767 6.948766 4.834535
v  -1.043954 9.646399 6.393156
v  2.097092 9.941555 5.386035
v  -3.587938 20.829367 13.425197
v  -7.188399 20.903376 11.378643
v  -8.601071 24.920055 13.856719
v  -11.402534 36.553455 30.184774
v  -14.614826 37.957779 28.287104
v  -0.243115 22.013344 11.152453
v  -7.852307 31.359163 22.605551
v  -3.782764 33.653145 21.228056
v  -2.680425 1.388743 0.003436
v  -3.091544 4.462780 1.918586
v  -11.347224 32.085545 19.756569
v  -4.598852 35.426903 24.146107
v  -3.559033 7.448326 3.721504
v  -4.039629 10.074955 5.281518
v  1.631327 13.854528 6.935594
v  -1.979446 13.378021 8.568561
v  -2.351189 16.854183 10.744398
v  0.846957 17.676451 8.953580
v  -13.194646 38.253273 34.324848
v  -12.165802 37.380810 31.902737
v  -15.225256 38.680374 30.553310
v  -16.004131 39.369152 33.084301
v  -6.075901 17.324793 9.247861
v  -16.466389 39.640163 35.344429
v  -13.935546 38.746918 36.288910
v  -4.893610 13.575893 7.250472
v  -7.470675 38.106468 30.865725
v  -5.777297 36.953281 27.353477
v  -11.118877 39.463715 37.176392
v  -9.894630 39.102871 35.013111
v  -8.533686 38.552094 32.630795
v  -16.994326 39.734440 38.126289
v  -17.483013 39.578205 40.872269
v  -16.351894 39.264263 41.172516
v  -15.242355 39.170219 38.839146
v  -14.852099 39.269318 42.069988
v  -13.056929 39.428944 39.417755
v  -2.409723 -1.483672 -2.003620
v  2.726079 -1.623715 0.136086
v  -18.140793 38.743118 45.308258
v  -10.475412 19.208569 30.391806
v  -5.939594 18.571142 31.796110
v  -5.367142 17.278717 28.712620
v  -9.759284 17.864817 27.181658
v  -11.807731 21.068663 35.905506
v  -12.617115 21.865255 39.074558
v  -8.855114 20.974089 40.389610
v  -7.816967 20.274761 37.227684
v  2.874352 2.429524 4.621747
v  3.040235 0.275069 2.079538
v  -0.185199 0.011984 2.348926
v  -0.351271 2.170489 5.114763
v  -4.425273 15.734066 25.476267
v  -0.293396 19.465010 27.622482
v  0.355554 17.733931 24.320272
v  -1.096389 20.954882 31.393450
v  2.655159 4.706998 7.308001
v  -0.975088 4.316349 7.923487
v  -0.969362 6.195999 10.412832
v  2.353276 6.816010 9.876042
v  -3.304741 13.536844 21.433407
v  -7.345378 13.708794 20.101563
v  -8.768389 16.204712 24.123676
v  -9.665318 21.441868 43.535381
v  -13.529338 22.469139 42.720417
v  1.070431 15.286282 20.470247
v  -6.939189 19.420177 34.282494
v  -1.841370 21.742514 34.437973
v  -3.037868 0.590263 1.687111
v  -3.365420 2.700350 4.627039
v  -11.263638 20.175079 32.562172
v  -2.812759 22.235218 37.633461
v  -3.774070 4.745923 7.452136
v  -4.214635 6.534256 9.931590
v  2.187082 9.654531 13.075698
v  -1.862891 8.707952 13.934487
v  -2.171530 11.023224 17.329819
v  1.622795 12.270643 16.563141
v  -10.920737 21.734062 48.182198
v  -10.214260 21.646019 45.503769
v  -13.744448 22.519653 45.073463
v  -14.117998 22.486284 47.697670
v  -6.248073 11.403442 16.620398
v  -14.187472 22.252441 49.931595
v  -11.387256 21.667156 50.284737
v  -5.046604 8.903103 13.180929
v  -5.518007 22.579842 44.474846
v  -4.001389 22.546555 40.957104
v  -8.427420 22.173882 50.984722
v  -7.496284 22.384577 48.733749
v  -6.422284 22.511600 46.263409
v  -14.249969 21.808178 52.657585
v  -14.294021 21.203796 55.336807
v  -13.091402 21.007256 55.439323
v  -12.328292 21.419462 53.009899
v  -11.447979 20.954651 56.116184
v  -10.050505 21.642168 53.338264
v  -2.925876 -1.356537 -1.208689
v  2.747323 -1.502948 0.100571
v  -14.250964 19.836533 59.656071
v  0.080050 23.398340 28.935200
v  0.440598 21.584389 25.900137
v  -4.134520 20.936796 26.124533
v  -4.590677 22.672178 28.999063
v  -0.460978 26.118139 34.222668
v  -4.582295 25.232744 34.414310
v  -4.633537 26.447882 37.588001
v  -0.740096 27.435726 37.308754
v  -4.019861 3.007917 2.686930
v  -1.303213 2.755366 4.418054
v  -0.576030 0.280821 2.036806
v  -3.431609 0.505413 0.577438
v  -3.979756 18.926012 23.016531
v  -6.421231 21.127735 19.869663
v  -6.760386 23.312056 22.934799
v  -7.315383 25.375084 26.436319
v  -4.572596 5.664274 4.924636
v  -5.011080 8.135004 7.111977
v  -2.411434 7.411665 9.074086
v  -1.611511 5.245196 6.982339
v  0.518493 19.440401 23.000811
v  0.495781 16.328239 19.181995
v  -3.736473 16.168280 19.178381
v  -4.899198 27.424454 40.708481
v  -1.087312 28.654591 40.902470
v  -6.156889 18.177195 16.289021
v  -7.912924 26.674833 29.305185
v  -4.453518 23.915075 31.514654
v  1.701571 3.311972 4.869349
v  2.326220 0.865754 2.253381
v  0.081513 24.752592 31.026180
v  -8.500205 27.649645 32.501961
v  0.810496 7.782174 9.640796
v  1.186691 5.691700 7.400039
v  -5.538209 11.488255 9.707392
v  -5.927467 14.600445 12.794809
v  -3.487772 13.107679 15.307596
v  -2.694790 10.369333 12.338925
v  -5.243793 28.476728 45.399315
v  -2.111216 29.378883 45.798916
v  -1.618173 29.021112 43.201176
v  -5.027493 27.948370 42.688976
v  0.584444 13.534063 15.904436
v  -2.760307 29.443869 47.970818
v  -5.499310 28.757776 47.518902
v  0.556214 10.564224 12.644867
v  -8.899145 28.811104 39.891857
v  -8.866126 28.381748 36.007610
v  -8.594791 29.165955 44.633377
v  -8.488293 29.298704 47.088127
v  -8.732318 28.948988 41.920048
v  -3.590944 29.384186 50.623116
v  -5.516001 28.964567 50.402634
v  -5.606121 28.957773 52.977779
v  -4.437506 29.179598 53.237579
v  -7.767662 29.146568 49.918156
v  -7.382419 28.952261 53.074387
v  3.126236 -1.383823 -0.302711
v  -2.590902 -1.553427 -0.883298
v  -5.926942 28.483374 57.464035
v  -4.505651 22.104767 29.529373
v  0.362129 21.695744 30.055916
v  0.324937 20.091982 27.077221
v  -4.423486 20.433868 26.417387
v  -4.754247 24.518728 34.939171
v  -4.943456 25.627949 38.084522
v  -0.865023 25.063292 38.712055
v  -0.447912 24.013023 35.510857
v  3.845837 2.585794 3.669653
v  3.494187 0.223693 1.364329
v  0.282206 0.221514 2.151728
v  0.666905 2.622948 4.678510
v  0.628626 18.197090 23.914660
v  5.513177 21.494825 24.881845
v  5.484652 19.461311 21.750885
v  5.442255 23.367506 28.522024
v  4.176458 5.081443 6.110536
v  0.599984 5.044771 7.317920
v  1.102789 7.133108 9.572351
v  4.399365 7.405728 8.462769
v  0.951073 15.570221 20.000814
v  -3.389209 15.612154 19.494968
v  -4.028177 18.484709 23.427439
v  -1.056863 25.853439 41.885788
v  -5.144045 26.586157 41.730804
v  5.379062 16.687616 18.149179
v  -0.149570 22.836388 32.568195
v  5.244402 24.506769 31.531012
v  -2.727429 0.684028 2.075478
v  -2.467057 3.093674 4.778972
v  -4.876769 23.267143 31.685013
v  4.830585 25.408867 34.767570
v  -2.312686 5.423477 7.395244
v  -2.260463 7.459201 9.709453
v  4.918717 10.466867 11.333977
v  0.906366 10.002012 12.913402
v  1.273816 12.625694 16.056541
v  5.074750 13.380514 14.565163
v  -1.400253 26.593967 46.629105
v  -1.219378 26.249819 43.890541
v  -4.884817 26.895771 44.055222
v  -4.736152 27.132578 46.680386
v  -2.975693 12.972218 16.128767
v  -4.355580 27.140289 48.893238
v  -1.453992 26.725853 48.774677
v  -2.449696 10.145706 12.794841
v  3.354280 26.668884 41.905273
v  4.234465 26.158646 38.193405
v  1.674191 27.069305 48.838604
v  2.173282 27.021545 46.449512
v  2.778918 26.846260 43.827438
v  -3.872358 26.978159 51.604275
v  -3.383540 26.635756 54.279583
v  -2.150503 26.502325 54.181248
v  -1.862305 26.712881 51.633339
v  -0.363607 26.468054 54.532112
v  0.496210 26.853243 51.495186
v  -3.200164 -1.569368 -0.553845
v  2.791785 -1.683021 -0.355141
v  -2.485614 25.660931 58.604591
v  -2.615376 33.566483 15.201956
v  2.247424 33.354816 15.795887
v  2.008578 30.440317 14.024855
v  -2.741761 30.527994 13.333529
v  -2.479456 38.478466 18.614952
v  -2.433818 41.109066 20.718065
v  1.644074 40.779213 21.652691
v  1.824989 38.187729 19.411631
v  3.871377 3.820967 0.558116
v  3.448457 0.655774 -0.358943
v  0.410840 0.986371 1.001289
v  0.946092 4.288864 2.167104
v  2.101481 27.204521 12.150598
v  5.524692 30.532488 9.892737
v  5.377627 27.238667 8.201017
v  5.775266 33.975163 12.067768
v  4.255652 7.168432 1.523311
v  1.038440 7.660187 3.482034
v  1.673752 10.566339 4.496346
v  4.532117 10.323452 2.502994
v  2.168896 22.978783 9.923202
v  -2.206943 22.853029 9.690623
v  -2.567936 27.320509 11.721537
v  1.695254 43.151402 23.961121
v  -2.351865 43.897129 23.318317
v  5.273782 23.085274 6.419320
v  1.912531 35.635128 17.454176
v  6.031489 36.518730 14.087599
v  -2.618552 1.443137 0.816538
v  -2.199303 4.820045 2.215863
v  -2.804804 35.697361 16.416162
v  6.211701 39.022419 16.528378
v  -1.887855 8.092487 3.553321
v  -1.694959 10.971563 4.731479
v  4.938241 14.380278 3.467466
v  1.682924 14.672380 6.224481
v  2.239287 18.486662 7.756066
v  5.134846 18.473640 4.923481
v  1.731189 46.330082 27.642218
v  1.689589 44.568695 25.471928
v  -1.941418 45.402500 25.212746
v  -1.595228 47.007317 27.385424
v  -2.012228 18.895245 7.958162
v  -1.043365 48.167946 29.344210
v  1.858105 47.579819 29.415903
v  -1.695596 14.801054 6.290403
v  5.883784 43.958385 22.579229
v  6.200820 41.515564 19.313047
v  4.957071 47.984634 28.821432
v  5.225621 46.684097 26.668470
v  5.555121 45.137890 24.332409
v  -0.329212 49.413292 31.819328
v  0.404403 50.443169 34.341267
v  1.637992 50.201180 34.262730
v  1.696710 49.076111 31.917213
v  3.464676 50.329094 34.416012
v  4.042027 49.149101 31.455664
v  -3.232517 -1.752541 -0.616804
v  2.716275 -1.837843 -0.875676
v  1.722652 51.614323 38.603519
v  9.422970 13.704451 34.274929
v  8.814866 13.155548 30.743490
v  4.488220 12.138763 31.864115
v  4.953688 12.671227 35.210613
v  10.540599 14.071505 40.272163
v  6.604906 12.814997 41.015148
v  7.498701 12.540522 44.308365
v  11.207732 13.937181 43.662331
v  -2.841058 2.211894 4.912356
v  0.206248 1.453358 5.658507
v  0.118048 -0.317604 2.599859
v  -2.981031 0.353997 2.091864
v  3.659635 11.365780 28.303379
v  0.375120 14.719154 27.423035
v  1.053887 15.720589 31.220222
v  1.683901 16.291162 35.442341
v  -2.630726 4.177625 7.903604
v  -2.334880 5.966714 10.778881
v  0.673380 4.691321 11.540651
v  0.745127 3.163761 8.795878
v  7.947068 12.151342 27.286600
v  6.679607 10.443254 22.721535
v  2.673647 10.052074 23.821177
v  8.156444 12.011490 47.501934
v  11.934873 13.397053 47.471905
v  -0.524422 13.032944 22.927588
v  2.067273 16.271330 38.726437
v  5.850181 12.812664 37.892277
v  3.185926 2.058804 5.361004
v  2.934351 0.417283 2.105700
v  10.101444 14.147703 36.733807
v  2.545094 15.761431 42.057175
v  3.885195 5.039212 11.261008
v  3.516410 3.653406 8.499060
v  -2.012369 8.492254 14.394988
v  -1.396247 10.602753 18.366661
v  1.672971 8.355423 19.243786
v  1.458183 6.604035 15.480604
v  9.162165 10.766277 52.084084
v  12.312764 11.693874 52.229969
v  12.064806 12.635435 49.726532
v  8.604239 11.574890 49.472378
v  5.701271 8.781704 18.794409
v  12.277985 10.665884 54.232754
v  9.504768 9.985233 54.079288
v  4.616723 6.870260 14.903974
v  4.338531 13.557665 48.830872
v  3.271197 14.893269 45.423294
v  5.897429 11.690502 52.838257
v  6.649143 10.626442 54.919216
v  5.040205 12.768194 50.515694
v  12.189157 9.257538 56.615723
v  10.269693 8.784798 56.622627
v  10.864557 7.520092 58.815090
v  12.061675 7.718063 58.900127
v  8.040677 9.113914 56.961895
v  9.211616 7.367527 59.376064
v  2.879513 -1.044494 -1.076100
v  -2.684919 -1.253788 -0.073071
v  11.705299 4.881251 62.440876
v  11.637739 30.631311 17.011736
v  10.631561 28.029409 14.786769
v  6.755765 27.747227 17.525776
v  7.604331 30.227316 19.692898
v  13.544049 34.672188 21.006014
v  10.064011 34.154530 23.528906
v  11.503413 36.127460 25.913599
v  14.738080 36.717827 23.421570
v  -2.768094 3.616720 3.061032
v  0.527380 3.891873 3.099171
v  0.265326 0.804563 1.416195
v  -3.004213 0.597776 1.706475
v  5.566055 24.918575 15.421705
v  1.433135 25.907936 13.434013
v  2.386558 28.888554 15.548818
v  3.413600 31.880663 18.204454
v  -2.454586 6.816607 4.456404
v  -2.043120 9.822521 5.801375
v  1.331658 9.748787 6.259469
v  1.242869 7.042932 4.692449
v  9.493712 25.160845 12.932676
v  7.925090 21.099430 10.646059
v  4.181676 21.147579 12.882726
v  12.769038 37.786865 28.462185
v  16.164270 38.724583 26.364006
v  0.271874 22.050375 11.163220
v  4.214303 33.955784 20.592861
v  8.853257 32.115898 21.378769
v  3.367876 4.408722 1.786965
v  2.903303 1.263085 -0.023947
v  12.544529 32.483807 18.389053
v  5.252722 35.806747 23.360544
v  4.433969 10.135998 4.955727
v  3.894670 7.457844 3.487398
v  -1.617858 13.766199 7.275350
v  -0.799126 17.639988 9.159662
v  2.826327 17.067043 10.405527
v  2.362847 13.555855 8.283237
v  14.784421 39.726299 32.408802
v  17.722219 40.448444 30.946068
v  16.845552 39.593723 28.532227
v  13.624398 38.708584 30.095409
v  6.691351 17.474962 8.663310
v  18.262035 40.901287 33.141792
v  15.630586 40.351967 34.297527
v  5.383458 13.689697 6.802656
v  8.645121 38.847321 29.608847
v  6.678821 37.469124 26.361092
v  11.363290 40.195328 33.426750
v  12.724680 40.750420 35.442162
v  9.844231 39.441681 31.225067
v  18.899006 41.236378 35.863400
v  17.094574 40.921021 36.738636
v  18.348713 41.162457 38.987457
v  19.511312 41.332115 38.572639
v  14.845308 41.025265 37.495136
v  16.829983 41.175064 40.006504
v  2.598356 -1.691821 -1.934705
v  -2.743862 -1.805027 0.627646
v  20.404556 40.930351 43.026417
v  8.151954 17.707151 31.974379
v  12.714193 17.213816 30.524397
v  11.473539 16.153984 27.553982
v  6.961389 16.602964 28.818077
v  10.104986 19.059212 37.446117
v  11.184727 19.508633 40.602005
v  15.040285 18.816238 39.463196
v  14.158827 18.444292 36.202671
v  5.074188 2.150446 2.495490
v  3.776833 0.087493 0.215775
v  1.148943 -0.050057 2.108423
v  2.546565 2.031373 4.565124
v  10.459703 14.810266 24.254387
v  15.796002 17.911335 24.143515
v  14.451509 16.406286 20.921217
v  17.191601 19.128317 27.851547
v  6.416230 4.324678 4.930934
v  3.581163 4.106742 7.301742
v  4.973353 5.901515 9.436693
v  7.622082 6.333478 7.308389
v  9.147180 12.824711 20.165537
v  5.034949 12.939686 21.325993
v  6.086533 15.171883 25.610043
v  16.096893 18.908735 42.566532
v  12.432090 19.663349 44.193478
v  12.787930 14.206472 17.194672
v  13.258082 17.863276 33.201401
v  18.146158 19.698183 30.874363
v  -1.585970 0.436781 3.201336
v  -0.233274 2.495470 5.867976
v  8.698713 18.452589 34.307594
v  18.950499 19.968512 34.105911
v  0.989099 4.480483 8.490381
v  1.994864 6.204843 10.844011
v  9.371418 8.992550 10.182405
v  6.179193 8.307579 12.935025
v  7.814794 10.483936 16.025379
v  10.902598 11.442890 13.501837
v  17.590170 18.568674 47.134384
v  16.719063 18.855143 44.521404
v  13.544921 19.456030 46.246265
v  14.663742 19.090189 48.604355
v  4.013562 10.811947 17.713484
v  15.815161 18.585627 50.441925
v  18.340494 18.197453 49.118000
v  3.103565 8.465958 14.083797
v  20.217216 19.746532 41.250942
v  19.661797 20.024725 37.529236
v  21.239826 18.564783 48.141689
v  20.816376 19.077255 45.807381
v  20.398808 19.501221 43.204231
v  17.226151 17.784695 52.651108
v  18.614452 16.804455 54.788441
v  19.675146 16.690504 54.196449
v  19.019217 17.508337 51.842468
v  21.419029 16.584120 53.847057
v  21.120333 17.708349 50.893169
v  -3.094876 -1.478855 0.708941
v  2.401536 -1.599900 -1.343977
v  20.920864 14.796848 58.109810
v  9.013432 24.381107 26.977732
v  13.675790 24.016155 25.147432
v  12.271379 22.273581 22.558987
v  7.655012 22.557177 24.211687
v  11.309069 26.967857 31.895243
v  12.618328 28.115515 34.805267
v  16.598541 27.610981 33.410019
v  15.475439 26.517939 30.353853
v  5.032979 2.878344 1.125507
v  3.736132 0.296749 -0.573403
v  1.190139 0.415294 1.635499
v  2.637339 3.041855 3.533212
v  11.107299 20.186144 19.679506
v  15.652813 23.671827 18.040829
v  14.197081 21.416418 15.332139
v  17.315405 25.746201 21.284773
v  6.363919 5.607818 2.944987
v  3.723104 5.707758 5.736562
v  5.164567 7.987407 7.364805
v  7.564720 8.155315 4.755667
v  9.636218 17.285212 16.177635
v  5.466074 17.277483 17.793242
v  6.653695 20.424549 21.445585
v  17.921814 28.370533 36.352398
v  14.164425 29.045715 38.191170
v  12.517451 18.348322 12.295695
v  14.373830 25.262554 27.600945
v  18.610489 26.994085 24.060921
v  -1.576314 0.838017 2.993350
v  -0.164623 3.502095 5.097896
v  9.676132 25.634792 29.048542
v  19.831423 27.949457 27.167789
v  1.114136 6.074990 7.182240
v  2.171422 8.321070 9.071014
v  9.210175 11.501051 6.830821
v  6.449722 11.153088 10.231454
v  8.171802 14.029774 12.690245
v  10.739200 14.709381 9.439728
v  19.851633 28.944906 40.783962
v  18.722050 28.715858 38.234375
v  15.497598 29.289110 40.164577
v  16.872757 29.413109 42.457947
v  4.343764 14.377678 14.757662
v  18.255920 29.293932 44.255165
v  20.813934 28.958439 42.734707
v  3.351327 11.277340 11.722360
v  21.943792 29.135794 34.313427
v  20.958878 28.699923 30.544552
v  23.693901 29.238333 41.331181
v  23.023487 29.321375 38.956573
v  22.334543 29.255194 36.314899
v  19.958485 28.936737 46.432270
v  21.639828 28.362558 48.554615
v  22.707254 28.275686 47.870949
v  21.783922 28.723753 45.480007
v  24.489752 28.206341 47.330261
v  23.862123 28.847197 44.244114
v  -3.151907 -1.662759 1.038650
v  2.377288 -1.770395 -1.617077
v  24.429537 26.935987 51.881588
v  4.883079 33.549328 14.757315
v  9.412286 33.294437 13.092257
v  8.360800 30.398962 11.605863
v  3.884703 30.525206 13.131393
v  6.632559 38.427319 17.776081
v  7.682002 41.030247 19.658205
v  11.663391 40.639462 18.643354
v  10.755791 38.084755 16.538349
v  3.603743 3.842888 -1.277011
v  2.833660 0.665120 -1.890809
v  0.832353 0.984297 0.706615
v  1.851719 4.284095 1.503656
v  7.557403 27.175285 9.883590
v  9.001929 30.738134 6.597104
v  8.091302 27.436981 5.112961
v  10.273687 34.171104 8.412315
v  4.351362 7.208228 -0.598965
v  2.547175 7.656080 2.629205
v  3.584077 10.558975 3.246840
v  5.014669 10.378962 0.147135
v  6.567122 22.959969 7.860279
v  2.621862 22.843756 9.653739
v  3.268219 27.315456 11.619423
v  12.812933 42.956760 20.712240
v  9.006281 43.772045 21.979506
v  7.215125 23.258812 3.478306
v  9.902135 35.559196 14.733717
v  11.522387 36.688377 10.030445
v  -1.898660 1.437861 1.945865
v  -0.877695 4.813042 3.001126
v  5.304744 35.684460 15.922031
v  12.956785 39.136040 12.053216
v  0.020257 8.084824 4.048211
v  0.740387 10.963427 5.007421
v  5.708952 14.480148 0.853164
v  4.400705 14.664270 4.779336
v  5.610281 18.474224 5.893851
v  6.508798 18.597715 2.092320
v  14.610262 46.018837 24.039345
v  13.532844 44.330288 22.087420
v  10.264539 45.208397 23.527964
v  11.605446 46.733505 25.351360
v  1.976477 18.886456 8.023294
v  13.019800 47.802784 26.882887
v  15.571048 47.202850 25.589710
v  1.470414 14.792141 6.395063
v  15.786436 43.853020 17.593019
v  14.396072 41.542706 14.516493
v  18.023640 47.612888 23.667110
v  17.221933 46.403397 21.595188
v  16.372028 44.954575 19.328201
v  14.822069 48.925671 28.798315
v  16.661530 49.824764 30.734978
v  17.696053 49.593369 30.082502
v  16.627930 48.586010 27.933857
v  19.374611 49.704174 29.384003
v  18.477650 48.657749 26.457165
v  -3.105191 -1.750530 0.937881
v  1.980130 -1.842512 -2.002787
v  19.828995 50.759445 33.948231
v  18.435669 26.916641 17.924271
v  16.702707 24.771301 15.669028
v  13.269260 24.671230 18.960575
v  14.838416 26.727949 21.192022
v  21.607033 30.079895 21.876564
v  18.486879 29.842245 24.861704
v  20.624889 31.307371 27.106358
v  23.528776 31.571592 24.201450
v  -1.346582 3.049119 4.671724
v  1.730487 3.416044 3.535105
v  0.814575 0.587253 1.610314
v  -2.160990 0.316213 2.934880
v  11.362629 22.260639 16.835842
v  6.072919 22.629789 17.972496
v  7.662344 25.128193 20.255907
v  9.666285 27.561794 22.908401
v  -0.451246 5.933581 6.487946
v  0.495452 8.634760 8.191940
v  3.762477 8.759212 7.097664
v  3.063322 6.297562 5.274259
v  14.819905 22.371126 13.738190
v  12.288919 18.885759 11.319642
v  9.084889 18.977924 14.226572
v  22.601875 32.441975 29.506088
v  25.781704 32.910069 26.958681
v  4.361427 19.333496 15.356954
v  11.500202 29.193640 25.062574
v  16.616808 28.253500 22.784513
v  4.279315 3.866375 1.765014
v  3.178005 0.973129 -0.209289
v  19.901865 28.362297 19.313072
v  13.681115 30.636560 27.307205
v  6.514213 9.099558 5.222304
v  5.426482 6.658916 3.622096
v  1.429835 12.107416 10.407489
v  2.877539 15.526796 12.706092
v  6.832390 15.356543 11.649868
v  5.561254 12.210089 9.263050
v  25.647451 33.578598 33.119228
v  28.345701 33.927166 31.190321
v  26.924944 33.469025 28.979464
v  23.896011 33.025330 31.013937
v  10.259598 15.694292 9.208069
v  29.347466 34.107075 33.218830
v  26.957945 33.843559 34.831173
v  8.181713 12.315052 7.217224
v  19.027828 32.961189 32.070724
v  16.141453 31.926008 29.634317
v  22.659060 33.820431 35.041748
v  24.476227 34.052814 36.693092
v  20.623810 33.384026 33.276596
v  30.569458 34.096954 35.720844
v  28.981981 33.934532 36.927452
v  30.727715 33.765549 38.842831
v  31.769350 33.840649 38.197674
v  27.006836 34.019520 38.180729
v  29.505083 33.727703 40.167336
v  2.279345 -1.763761 -2.264611
v  -2.407662 -1.845612 1.390961
v  33.617996 32.877460 42.253372
v  21.726505 12.875978 28.728394
v  25.279198 12.123735 25.607342
v  22.891346 11.613110 23.197538
v  19.297211 12.343355 26.110195
v  25.784868 13.237297 33.239155
v  28.051235 13.115732 35.816776
v  30.973259 12.126688 33.194031
v  28.890505 12.344933 30.465712
v  5.955771 1.776439 0.837195
v  3.724200 0.007175 -1.015618
v  2.039545 -0.392084 1.711032
v  4.471848 1.286801 3.683789
v  20.560446 10.841677 20.365007
v  25.015436 14.799934 19.701315
v  22.405569 13.827139 16.893101
v  27.945583 15.328773 22.759199
v  8.285818 3.651505 2.842992
v  6.670696 2.943133 6.052016
v  8.949875 4.375597 7.700528
v  10.457463 5.362652 4.838579
v  17.587109 9.550095 16.841242
v  14.232244 9.800823 19.476427
v  17.089487 11.401741 23.301144
v  33.125683 11.635538 35.673706
v  30.610458 12.614264 38.696232
v  19.335629 12.171379 13.518980
v  26.862217 12.309887 27.958122
v  30.238663 15.267286 25.090706
v  -0.034190 0.133390 3.800702
v  2.430645 1.747568 5.988834
v  23.241241 13.281202 30.771481
v  32.472424 14.758873 27.554056
v  4.752165 3.307566 8.174646
v  6.746967 4.656375 10.164516
v  13.273645 7.775555 7.265454
v  11.632885 6.235233 10.750964
v  14.541832 7.890720 13.241339
v  16.124557 9.803518 10.150228
v  36.178284 10.440590 39.284706
v  34.427345 11.215227 37.237278
v  32.344910 11.924854 40.151405
v  34.199715 11.057766 41.862278
v  11.689461 8.225744 16.274900
v  35.851524 10.119690 43.051888
v  37.572670 9.698771 40.786358
v  9.228859 6.416708 12.996350
v  36.564533 12.749163 33.228069
v  34.593784 13.955191 30.236759
v  39.959438 10.103111 38.881172
v  38.760021 11.073090 36.983162
v  37.448872 12.045595 34.850349
v  37.853466 8.825333 44.445137
v  39.806259 7.399647 45.763420
v  40.538631 7.300344 44.789314
v  39.141117 8.527069 42.960896
v  42.014030 7.145186 43.790318
v  40.761116 8.752661 41.315552
v  -2.560959 -1.323633 1.835260
v  1.732171 -1.493795 -2.124877
v  42.958187 4.747322 47.718430
v  22.762461 25.680004 15.179653
v  20.544937 23.633545 13.226417
v  18.026762 23.127722 17.271790
v  20.058043 25.092810 19.216333
v  26.719669 28.770401 18.529440
v  24.454510 28.007593 22.210499
v  27.012938 29.416824 24.025393
v  29.073317 30.283445 20.465790
v  -0.439318 3.228630 4.764887
v  2.629208 3.168083 3.365933
v  1.227276 0.470035 1.531639
v  -1.711075 0.598129 3.120910
v  15.633571 20.883694 15.453003
v  10.510009 22.193676 16.838501
v  12.630972 24.599205 18.838083
v  15.189410 26.918760 21.165478
v  0.939756 6.006597 6.472758
v  2.344251 8.599306 8.060030
v  5.580171 8.236921 6.715158
v  4.444407 5.869365 4.969921
v  18.255814 21.305923 11.614188
v  15.192375 17.937292 9.604986
v  12.726953 17.827602 13.179774
v  29.408876 30.594625 25.994938
v  31.821898 31.711939 22.752462
v  8.134074 19.003628 14.544583
v  17.426044 28.436289 23.067219
v  22.178101 26.495422 20.495724
v  4.690375 3.766607 1.042606
v  3.022708 1.093871 -0.860697
v  24.480358 27.132107 16.293190
v  20.011570 29.736448 25.024809
v  7.890488 8.635670 4.305470
v  6.361260 6.359427 2.808398
v  3.875104 12.002033 10.107443
v  5.933769 15.283110 12.195057
v  9.815454 14.458830 10.900964
v  7.970141 11.458578 8.679312
v  33.062584 31.943254 28.927715
v  35.214329 32.831440 26.433281
v  33.370647 32.285709 24.527483
v  30.956402 31.249807 27.214279
v  12.657335 14.892929 7.792883
v  36.621956 33.070557 28.245420
v  34.667721 32.338356 30.347248
v  10.086976 11.665188 6.100307
v  26.229998 31.811255 28.973246
v  22.896978 30.890581 26.994482
v  30.407446 32.641163 31.296244
v  32.525177 32.943707 32.595249
v  28.049444 32.185951 29.909245
v  38.341248 33.182816 30.488262
v  37.050400 32.708057 32.007229
v  39.144665 32.824829 33.561493
v  40.035488 33.100849 32.719368
v  35.328575 32.942184 33.609898
v  38.195454 32.838329 35.106831
v  1.521169 -1.399530 -2.886619
v  -2.326516 -1.535707 1.615389
v  42.711864 32.514805 36.418690
v  20.134373 29.675209 10.195529
v  18.019316 27.196138 8.671719
v  16.115301 26.790995 12.901188
v  18.057384 29.154152 14.444992
v  23.974522 33.509197 12.856482
v  22.295019 32.850529 16.698460
v  24.822979 34.694271 18.121117
v  26.305643 35.441292 14.428718
v  -0.592736 3.613728 4.106269
v  2.291570 3.747885 2.615112
v  1.069287 0.737938 1.184201
v  -1.632355 0.647727 2.957796
v  13.888686 24.091831 11.559399
v  9.605893 25.407034 11.679561
v  11.664605 28.262611 13.140395
v  14.017121 31.110090 15.033547
v  0.547663 6.758811 5.255936
v  1.739498 9.707058 6.310315
v  4.862814 9.449621 5.156125
v  3.867436 6.810489 3.756250
v  15.971538 24.425983 7.515609
v  13.278185 20.488199 6.151929
v  11.226281 20.476065 9.901154
v  27.262140 36.241440 19.752966
v  29.091965 37.326008 16.337608
v  7.207576 21.686581 10.157116
v  15.951681 33.070465 16.783810
v  20.074873 30.932821 15.362170
v  4.064575 4.292798 0.113257
v  2.587655 1.247312 -1.337844
v  21.687405 31.461824 11.016026
v  18.248669 34.782024 18.764191
v  6.872493 9.844984 2.538437
v  5.531979 7.248161 1.435712
v  3.088009 13.602266 7.475502
v  4.966538 17.382757 8.824877
v  8.603464 16.546768 8.269750
v  6.962441 13.138493 6.541449
v  31.052174 38.045025 22.227818
v  32.819672 38.873325 19.565168
v  30.813328 38.102264 17.891796
v  28.854319 37.100704 20.770748
v  11.041424 16.974930 4.907136
v  34.416416 39.255470 21.201809
v  32.752293 38.621567 23.460733
v  8.796666 13.294880 3.799712
v  24.343872 37.464710 22.699635
v  21.001438 36.276638 20.761284
v  28.637886 38.613796 24.745922
v  30.841486 39.094246 25.845770
v  26.201084 37.963284 23.549316
v  36.359234 39.525219 23.245020
v  35.258720 39.152767 24.868511
v  37.482029 39.378681 26.207954
v  38.268398 39.581036 25.289751
v  33.710297 39.287262 26.608007
v  36.695328 39.393394 27.823313
v  1.200855 -1.599437 -2.943595
v  -2.071125 -1.732123 1.833755
v  41.304802 39.165321 28.707733
v  26.798101 23.028904 11.608947
v  24.109379 21.299370 10.037500
v  22.519032 20.498829 14.375676
v  25.008375 22.147768 15.965603
v  31.517670 25.580832 14.274990
v  30.052303 24.504988 18.149639
v  32.981781 25.581732 19.479719
v  34.286858 26.785145 15.800922
v  0.784322 3.098819 4.708601
v  3.546182 2.708729 2.987106
v  1.645209 0.259022 1.354153
v  -0.919801 0.591110 3.353574
v  19.690023 18.572479 12.973154
v  16.253546 20.997705 13.435466
v  19.027760 23.087284 14.988735
v  22.043545 25.082592 16.936356
v  2.631319 5.762562 6.069362
v  4.488301 8.233706 7.309353
v  7.394825 7.312849 5.887940
v  5.791114 5.167283 4.303847
v  21.454880 19.197260 8.774776
v  17.916948 16.127426 7.239599
v  16.220615 15.904312 11.193914
v  35.769302 26.405285 20.986029
v  37.500481 27.848612 17.600193
v  12.889887 18.173233 11.760777
v  24.373251 26.376011 18.697729
v  27.406563 23.300365 16.856075
v  5.164134 3.296532 0.351542
v  2.988427 0.893727 -1.281929
v  28.736673 24.351458 12.481397
v  26.966700 27.304665 20.668531
v  9.223697 7.696271 3.101064
v  7.301075 5.638050 1.849053
v  6.756925 11.604509 8.702413
v  9.529844 14.687178 10.245725
v  12.727076 12.920515 9.398230
v  10.303110 10.222628 7.465815
v  39.969242 27.199240 23.191641
v  41.647186 28.242563 20.494413
v  39.433224 28.057501 19.000353
v  37.552387 26.825813 21.902821
v  14.920959 13.375193 5.831971
v  43.388195 28.131477 21.947769
v  41.818165 27.349360 24.276901
v  11.899396 10.439667 4.546025
v  33.481625 28.036066 24.324770
v  29.969168 27.879887 22.587173
v  37.946865 28.023296 26.014534
v  40.242290 27.974590 26.905510
v  35.400684 28.010344 25.028563
v  45.480362 27.852493 23.758379
v  44.460587 27.370630 25.438995
v  46.778416 27.186441 26.540676
v  47.514179 27.430828 25.567978
v  43.108376 27.589735 27.357403
v  46.138027 27.159943 28.238323
v  0.923191 -1.298960 -3.051774
v  -1.909776 -1.491847 2.028763
v  50.717411 26.377628 28.594368
v  5.523605 36.183521 -1.515112
v  4.937628 32.718525 -1.782102
v  3.879673 33.032825 2.908633
v  4.392046 36.381401 3.269891
v  6.595367 41.957516 -1.118542
v  5.853263 42.236004 3.183433
v  6.737741 45.543369 3.210713
v  7.263007 45.180317 -0.906515
v  -2.046175 3.810708 3.264336
v  0.331192 4.626899 1.034773
v  0.166368 1.142495 0.454801
v  -2.003464 0.518960 2.920219
v  3.191158 29.368332 2.844820
v  -1.343023 28.347670 3.791483
v  -0.850527 31.925642 3.962239
v  -0.174873 35.769062 4.375229
v  -2.082341 7.291153 3.543539
v  -2.030340 10.585312 3.739521
v  0.786498 11.278685 1.871060
v  0.730555 8.212500 1.216822
v  4.470048 29.200396 -1.705762
v  3.836847 24.372780 -1.459916
v  2.395555 24.674173 2.731587
v  7.573147 48.730129 3.468870
v  8.102656 48.789818 -0.605309
v  -1.816150 23.908583 3.768503
v  0.507930 38.737972 4.921599
v  5.120179 39.112541 3.099360
v  1.476772 5.080068 -1.951482
v  1.110907 1.462664 -2.473704
v  5.842890 38.570290 -1.629086
v  1.487216 41.856064 5.597007
v  2.161319 11.659372 -1.274618
v  1.832899 8.580191 -1.547219
v  -2.259562 14.761879 3.813115
v  -2.007204 19.073645 3.915312
v  1.618813 19.763325 2.625576
v  1.365089 15.682650 2.009691
v  8.971917 53.363636 3.860487
v  9.620208 53.521297 0.542962
v  8.820950 51.025517 -0.014301
v  8.145684 50.711903 3.606088
v  3.265079 20.113560 -1.374701
v  10.353843 55.600525 1.304636
v  9.630053 55.406448 4.164185
v  2.664241 15.748211 -1.167885
v  4.519357 48.765877 6.645271
v  2.777295 45.173798 6.204824
v  6.779180 53.149574 6.778424
v  7.867864 55.418243 6.833461
v  5.545761 50.631207 6.705414
v  11.260183 58.119446 2.297039
v  10.729013 58.097603 4.291768
v  11.766340 60.459415 4.517975
v  12.174318 60.575821 3.326782
v  9.526167 57.926308 6.388387
v  11.106914 60.741566 6.238872
v  0.719880 -1.991022 -3.212267
v  -1.638749 -2.029400 2.340851
v  13.758207 64.490112 5.186015
v  25.202337 27.229168 4.978709
v  22.461782 25.084747 4.024904
v  21.699898 24.615780 8.654318
v  24.259951 26.664852 9.668601
v  30.112331 30.408625 6.583074
v  29.415417 29.663054 10.777246
v  32.473869 31.060198 11.499641
v  33.048271 31.916677 7.499543
v  1.058856 3.409072 4.378770
v  3.364791 3.454245 1.995718
v  1.557056 0.602490 0.895862
v  -0.548339 0.631054 3.420024
v  18.888586 22.246458 7.901072
v  14.639121 23.503664 10.772569
v  17.283699 26.064795 11.793455
v  20.485107 28.527922 13.003765
v  2.780811 6.344643 5.348017
v  4.499475 9.089003 6.204655
v  7.019602 8.821838 3.856898
v  5.461993 6.323945 2.730385
v  19.826595 22.634068 3.418451
v  16.400578 19.078440 2.758617
v  15.489603 19.005434 6.941303
v  35.462639 32.159882 12.431372
v  36.515869 33.268700 8.604070
v  11.697495 20.109865 9.630292
v  23.260965 30.122000 13.982307
v  26.674009 28.123611 10.049129
v  4.353092 4.039150 -0.902880
v  2.276496 1.188816 -1.964796
v  27.186974 28.736292 5.362677
v  26.407364 31.448832 14.901038
v  8.213640 9.223398 0.789037
v  6.387272 6.801085 0.035369
v  6.462085 12.680908 7.378194
v  8.958180 16.164782 8.433166
v  12.126635 15.422726 5.993049
v  9.759521 12.248890 4.701092
v  40.008793 33.274910 13.792773
v  41.125740 34.136097 10.747570
v  38.657310 33.743279 9.668016
v  37.378845 32.736294 12.986832
v  13.543116 15.855347 2.090503
v  43.131695 34.208736 11.892786
v  42.052856 33.517365 14.510028
v  10.725446 12.439293 1.554813
v  33.735420 33.376045 16.341753
v  29.857832 32.572163 15.707446
v  38.522572 33.968723 16.961420
v  40.991089 34.097294 17.380219
v  35.790321 33.665085 16.544584
v  45.574547 34.070690 13.313507
v  44.905716 33.620193 15.160717
v  47.429325 33.452236 15.812901
v  47.965164 33.695263 14.725100
v  43.950951 33.858028 17.273939
v  47.140213 33.425549 17.579828
v  0.289502 -1.478864 -3.202190
v  -1.530632 -1.607947 2.334224
v  51.735859 32.545116 17.090906
v  26.726566 24.159405 10.443920
v  28.506001 23.447405 5.884508
v  25.644207 21.673250 5.293501
v  23.744005 22.303690 9.700063
v  31.912977 26.912025 11.834880
v  34.937710 28.223007 12.687292
v  36.625027 27.227304 8.949924
v  33.607452 26.026436 7.850639
v  3.870113 3.117691 -3.017921
v  1.721999 0.552997 -3.176845
v  2.072309 0.354953 0.160553
v  4.514411 2.916504 0.295782
v  22.679726 19.611750 4.325953
v  23.563145 24.003214 1.022584
v  20.570074 21.734968 0.290442
v  27.090225 26.120588 1.770185
v  6.126189 5.836963 -2.787677
v  6.982609 5.489884 0.907178
v  9.188259 7.731930 0.869106
v  8.298239 8.369030 -2.464099
v  19.013145 16.774046 3.185225
v  17.459167 16.925795 7.317886
v  21.004932 20.114374 8.721416
v  39.673122 28.172258 9.821514
v  38.475815 29.405958 13.661284
v  17.164637 18.664927 -0.635752
v  30.825686 24.703394 6.927446
v  30.059223 27.419146 2.321595
v  1.178648 0.955065 3.063950
v  3.812797 3.489525 3.383597
v  28.694527 25.524298 11.217666
v  33.313889 28.386353 3.056060
v  6.329225 5.952172 3.781484
v  8.529932 8.113668 4.212525
v  10.879270 11.781570 -2.155323
v  12.302721 10.787617 1.756931
v  15.329060 13.616566 2.041586
v  13.871846 14.979378 -1.495375
v  44.236553 29.141184 11.185450
v  41.593506 28.668779 10.414128
v  40.849373 29.747421 13.961001
v  43.492489 30.054659 14.414179
v  14.388960 14.049492 6.228259
v  45.782005 30.067806 14.556358
v  46.333702 29.364460 11.704130
v  11.390560 10.987707 5.035380
v  40.410923 29.553173 5.571721
v  36.751198 29.124163 4.099078
v  47.041344 29.932381 8.631988
v  44.763607 29.858261 7.632182
v  42.255249 29.681971 6.497944
v  48.585548 29.920996 14.697516
v  51.350906 29.605391 14.812048
v  51.520142 29.373283 13.574114
v  49.062157 29.480556 12.731479
v  52.260109 29.355375 11.877317
v  49.436733 29.688234 10.362587
v  -1.466881 -1.385719 2.941507
v  0.083107 -1.548032 -2.859050
v  55.838524 28.680557 14.876579
v  15.103472 32.857189 6.010122
v  16.602327 32.691605 1.316264
v  14.729670 29.866217 1.153896
v  13.157085 29.912746 5.716634
v  18.658070 37.569057 6.649019
v  20.847128 40.057705 7.083616
v  22.480696 39.782738 3.210662
v  20.217846 37.329628 2.534282
v  1.627227 3.700451 -3.693525
v  0.549511 0.593874 -3.463504
v  1.106491 0.946997 -0.178781
v  2.409241 4.202714 -0.442280
v  12.833873 26.714487 0.646134
v  11.979819 29.727140 -3.850550
v  10.193975 26.528124 -4.037395
v  14.269982 33.069965 -3.573327
v  2.755317 6.982272 -3.886877
v  3.762660 7.524603 -0.241478
v  4.940750 10.386612 -0.635771
v  3.864022 10.074657 -3.972711
v  10.576403 22.582417 0.085206
v  9.456372 22.445095 4.330848
v  11.505786 26.799704 5.163482
v  24.865725 41.993656 3.676168
v  23.555468 42.650303 7.595887
v  8.309233 22.495110 -4.210188
v  18.226061 34.887970 2.012138
v  16.371908 35.540615 -3.249218
v  0.329074 1.387842 2.758136
v  1.819168 4.720199 2.650217
v  16.352640 34.897991 6.497447
v  18.828354 37.969650 -2.707185
v  3.232391 7.946537 2.638055
v  4.465686 10.782578 2.709124
v  5.068851 14.023537 -4.275428
v  6.695910 14.427633 -0.262076
v  8.388544 18.175331 -0.464593
v  6.652461 18.023312 -4.215521
v  28.652260 44.881374 4.462019
v  26.417875 43.297585 4.018966
v  25.548599 44.041054 7.586604
v  27.824383 45.484737 7.715276
v  7.707472 18.568892 3.745043
v  29.902367 46.504940 7.587734
v  30.491848 45.975151 4.732550
v  6.054461 14.550295 3.056758
v  24.666273 42.695648 -0.776641
v  21.552999 40.372219 -1.927506
v  30.661329 46.352005 1.577484
v  28.561260 45.208115 0.829684
v  26.308270 43.801846 -0.031352
v  32.531651 47.545723 7.419667
v  35.207275 48.336674 7.249342
v  35.360916 48.118153 6.019671
v  33.003017 47.233601 5.444639
v  35.914341 48.214386 4.272342
v  33.076408 47.320572 3.058024
v  -1.214618 -1.772074 3.062212
v  -0.208707 -1.848021 -2.845785
v  39.711014 49.047237 6.887233
v  29.403563 22.750141 -2.189029
v  26.276798 21.044722 -2.331860
v  26.872536 20.242680 2.276336
v  29.830622 21.872219 2.528035
v  34.842487 25.264477 -2.024851
v  35.339520 24.181189 2.119098
v  38.562237 25.235163 1.935837
v  38.011662 26.450352 -1.964627
v  2.934242 3.074199 3.844822
v  4.570941 2.672490 0.999224
v  2.105864 0.242120 0.435541
v  0.754848 0.601907 3.417680
v  23.692654 18.347010 2.348083
v  20.742502 20.832064 4.772152
v  23.924337 22.920246 4.877905
v  27.546957 24.876862 5.194076
v  5.244614 5.698205 4.220936
v  7.501091 8.133034 4.486014
v  9.376837 7.232167 1.781706
v  7.201982 5.101445 1.123384
v  23.312469 18.976734 -2.206728
v  19.425026 15.951841 -1.913020
v  19.761042 15.718256 2.383407
v  41.735310 26.049961 1.974376
v  41.698025 27.498636 -1.871129
v  17.017969 17.992205 4.803001
v  30.500168 26.094196 5.627481
v  32.383484 22.998295 2.202700
v  4.770550 3.277359 -2.088952
v  2.055080 0.904712 -2.527796
v  31.541943 24.046200 -2.332292
v  33.774776 26.946564 6.059482
v  9.699667 7.621237 -1.537105
v  7.388792 5.589048 -1.753739
v  10.190414 11.455397 4.767657
v  13.381732 14.503536 4.902840
v  15.795521 12.776197 2.415241
v  12.723190 10.104130 1.829121
v  46.482639 26.848394 1.975633
v  46.712524 27.911285 -1.212105
v  44.057770 27.717697 -1.514018
v  43.741768 26.471060 1.957554
v  16.083294 13.234566 -1.765565
v  48.930759 27.815260 -0.724402
v  48.625835 27.001974 2.077424
v  12.774279 10.332422 -1.499730
v  41.262043 27.675529 6.051527
v  37.346645 27.496355 6.243931
v  45.999100 27.700342 5.426601
v  48.448563 27.662897 5.142642
v  43.285877 27.669920 5.753382
v  51.629349 27.552507 -0.086855
v  51.508560 27.042154 1.878465
v  54.077435 26.876535 1.776978
v  54.277882 27.143190 0.572946
v  51.202347 27.284359 4.206254
v  54.300236 26.854700 3.578281
v  -0.618123 -1.263285 -3.143817
v  -0.773555 -1.452851 2.687879
v  58.531834 26.104803 1.765444
# 3900 vertices

vn -0.023880 0.783964 0.620347
vn -0.123215 0.764026 0.633311
vn 0.113939 0.806388 0.580308
vn -0.462080 0.852028 -0.246029
vn -0.442412 0.843836 -0.303665
vn -0.478903 0.863096 -0.160365
vn -0.362881 0.611604 0.703035
vn -0.529899 0.562848 0.634358
vn -0.107019 0.662095 0.741740
vn -0.496545 0.419230 0.760059
vn -0.680473 0.394414 0.617571
vn -0.182884 0.446770 0.875757
vn -0.553495 0.782779 0.284429
vn -0.662903 0.733555 0.149856
vn -0.359898 0.819805 0.445413
vn 0.409135 0.535379 0.738903
vn 0.212551 0.484071 0.848821
vn 0.633615 0.585003 0.506265
vn -0.750801 0.452079 0.481583
vn -0.847495 0.484971 0.215765
vn -0.636687 0.426017 0.642759
vn 0.678720 0.527555 0.510905
vn 0.563118 0.490424 0.665119
vn 0.781684 0.569096 0.255147
vn 0.604027 0.781019 0.158623
vn 0.547814 0.794553 0.261886
vn 0.632187 0.770497 0.081693
vn 0.344859 0.719602 0.602698
vn 0.221301 0.742714 0.631983
vn 0.427514 0.702272 0.569250
vn -0.900871 0.377332 0.214600
vn -0.922809 0.374942 0.088551
vn -0.835594 0.389294 0.387598
vn -0.014664 0.792402 0.609824
vn -0.161726 0.723461 0.671155
vn 0.178011 0.858484 0.480955
vn 0.714001 0.456147 0.531161
vn 0.480057 0.482029 0.732935
vn 0.830655 0.432508 0.350640
vn -0.546629 0.796188 -0.259387
vn -0.534574 0.740696 -0.406940
vn -0.526181 0.849126 -0.046020
vn -0.575974 0.641643 0.506506
vn -0.633954 0.659489 0.403951
vn -0.525086 0.630520 0.571602
vn -0.134119 0.371332 0.918762
vn -0.276205 0.368485 0.887654
vn 0.076208 0.383025 0.920589
vn -0.758707 0.550933 0.347614
vn -0.846711 0.508198 0.157525
vn -0.562828 0.593394 0.575419
vn 0.546098 0.681487 0.487188
vn 0.474811 0.660542 0.581583
vn 0.622933 0.706288 0.336320
vn 0.628745 0.703957 0.330339
vn 0.520684 0.723669 0.452980
vn 0.688603 0.686529 0.233462
vn 0.429036 0.697811 0.573574
vn 0.302010 0.650287 0.697077
vn 0.568246 0.740241 0.359360
vn -0.010789 0.253002 0.967406
vn -0.195962 0.255353 0.946781
vn 0.116294 0.260111 0.958550
vn -0.409241 0.713123 0.569191
vn -0.548507 0.680973 0.485198
vn -0.187954 0.738785 0.647202
vn 0.131557 0.340894 0.930851
vn -0.180307 0.360899 0.915009
vn 0.342186 0.329792 0.879856
vn -0.692847 0.714300 -0.098678
vn -0.682577 0.709492 -0.175245
vn -0.692275 0.721520 0.012855
vn 0.594577 0.657363 0.462983
vn 0.370269 0.700613 0.609953
vn 0.721594 0.610418 0.326636
vn 0.331059 0.321399 0.887188
vn 0.143976 0.323568 0.935187
vn 0.575904 0.325553 0.749900
vn -0.480355 0.682864 0.550414
vn -0.654854 0.611797 0.443701
vn -0.196648 0.745509 0.636825
vn -0.580811 0.800957 -0.145350
vn -0.610946 0.729771 -0.306887
vn -0.494822 0.865392 0.079044
vn -0.108049 0.774836 0.622860
vn -0.297066 0.823506 0.483312
vn 0.038383 0.720292 0.692608
vn 0.219109 0.790866 0.571422
vn -0.023526 0.864485 0.502108
vn 0.390282 0.710059 0.586085
vn 0.490964 0.850810 -0.187289
vn 0.475083 0.879800 -0.015742
vn 0.485000 0.819006 -0.306601
vn 0.852388 0.443609 0.276850
vn 0.739427 0.461331 0.490329
vn 0.894435 0.432292 0.114498
vn 0.882313 0.374195 0.285485
vn 0.833827 0.376093 0.404089
vn 0.919068 0.380426 0.102908
vn 0.706591 0.609565 -0.359387
vn 0.759468 0.628995 -0.166056
vn 0.643669 0.592938 -0.483854
vn 0.717708 0.383910 -0.580955
vn 0.834902 0.392648 -0.385703
vn 0.609226 0.382620 -0.694583
vn 0.298655 0.864671 -0.403917
vn 0.352814 0.894821 -0.273529
vn 0.249505 0.835762 -0.489132
vn 0.636349 0.769461 0.054678
vn 0.642950 0.756184 0.121662
vn 0.614253 0.788176 -0.038360
vn 0.306354 0.780492 -0.544958
vn 0.431273 0.820437 -0.375348
vn 0.199757 0.737686 -0.644916
vn 0.345378 0.711731 -0.611681
vn 0.529526 0.745093 -0.405510
vn 0.188902 0.666290 -0.721370
vn 0.491580 0.865716 -0.094263
vn 0.525922 0.850133 -0.026078
vn 0.430214 0.883625 -0.184724
vn 0.191632 0.710890 -0.676692
vn 0.437488 0.751467 -0.493864
vn -0.003489 0.653201 -0.757177
vn 0.912426 0.136584 -0.385776
vn 0.978035 0.159510 -0.134181
vn 0.699771 0.127774 -0.702848
vn 0.782728 0.424188 -0.455414
vn 0.866565 0.413640 -0.279226
vn 0.599706 0.438266 -0.669533
vn 0.655151 0.671590 -0.346041
vn 0.743013 0.630703 -0.223932
vn 0.496432 0.715605 -0.491391
vn -0.073445 0.779833 -0.621664
vn 0.080369 0.794627 -0.601755
vn -0.181078 0.764744 -0.618366
vn -0.167158 0.450264 -0.877109
vn 0.113711 0.486643 -0.866169
vn -0.358643 0.421956 -0.832663
vn -0.160618 0.762565 -0.626655
vn -0.015234 0.786845 -0.616963
vn -0.262068 0.741150 -0.618075
vn 0.449452 0.667725 -0.593410
vn 0.604822 0.621951 -0.497361
vn 0.199847 0.708687 -0.676627
vn -0.595509 0.668302 -0.445804
vn -0.502885 0.612451 -0.609926
vn -0.668975 0.720072 -0.184304
vn -0.207697 0.713894 -0.668743
vn -0.073776 0.727402 -0.682235
vn -0.298435 0.702962 -0.645585
vn -0.417256 0.344936 -0.840784
vn -0.203543 0.354862 -0.912493
vn -0.550483 0.344383 -0.760506
vn 0.326885 0.800244 -0.502748
vn 0.472454 0.740834 -0.477444
vn 0.112572 0.857404 -0.502180
vn -0.017619 0.458820 -0.888355
vn 0.179399 0.443506 -0.878134
vn -0.295536 0.476029 -0.828285
vn -0.413197 0.788554 -0.455467
vn -0.311122 0.803791 -0.507074
vn -0.478597 0.776619 -0.409643
vn -0.515312 0.656787 -0.550531
vn -0.377369 0.668557 -0.640800
vn -0.598730 0.646840 -0.472356
vn -0.774552 0.345315 -0.529931
vn -0.586471 0.356771 -0.727163
vn -0.866007 0.341453 -0.365297
vn -0.337238 0.590579 -0.733135
vn -0.257322 0.588823 -0.766207
vn -0.444483 0.596446 -0.668347
vn -0.521447 0.844640 -0.121148
vn -0.385142 0.880071 -0.277742
vn -0.597161 0.802121 0.000038
vn -0.309399 0.626767 -0.715147
vn -0.221849 0.611910 -0.759177
vn -0.422662 0.648375 -0.633219
vn -0.406745 0.500109 -0.764493
vn -0.220745 0.473742 -0.852550
vn -0.630149 0.526614 -0.570605
vn -0.320014 0.659580 -0.680107
vn -0.139108 0.594598 -0.791898
vn -0.530621 0.714673 -0.455724
vn -0.691071 0.130134 -0.710976
vn -0.521258 0.153200 -0.839535
vn -0.879944 0.119576 -0.459782
vn -0.591176 0.572547 -0.568068
vn -0.511513 0.557735 -0.653671
vn -0.681118 0.594675 -0.427130
vn -0.731313 0.655347 0.188948
vn -0.722730 0.689906 -0.041125
vn -0.703375 0.620495 0.346770
vn -0.915695 0.363914 0.170496
vn -0.928661 0.370927 0.001565
vn -0.886523 0.365727 0.283408
vn -0.193569 0.917303 -0.347974
vn -0.195953 0.965596 -0.170959
vn -0.292391 0.942705 -0.160667
vn -0.267134 0.857255 -0.440175
vn -0.195953 0.965596 -0.170959
vn -0.102797 0.977761 -0.182804
vn -0.072430 0.977837 0.196440
vn -0.179286 0.949435 0.257738
vn -0.179286 0.949435 0.257738
vn -0.241974 0.880047 0.408615
vn -0.292391 0.942705 -0.160667
vn -0.195953 0.965596 -0.170959
vn -0.745952 0.437863 -0.501828
vn -0.802010 0.456800 -0.384854
vn -0.847495 0.484971 0.215765
vn -0.750801 0.452079 0.481583
vn 0.020592 0.979821 -0.198814
vn -0.072430 0.977837 0.196440
vn -0.102797 0.977761 -0.182804
vn -0.101144 0.955111 -0.278448
vn -0.576949 0.791615 -0.201186
vn -0.435859 0.828743 0.351015
vn -0.475811 0.801596 0.362006
vn -0.614869 0.763829 -0.196219
vn -0.496965 0.838156 -0.224767
vn -0.444463 0.861777 -0.244527
vn -0.295191 0.908931 0.294459
vn -0.353371 0.881322 0.313689
vn -0.484285 0.625412 0.611823
vn -0.525086 0.630520 0.571602
vn -0.633954 0.659489 0.403951
vn -0.628046 0.662702 0.407903
vn -0.508677 0.772939 0.379227
vn -0.475811 0.801596 0.362006
vn 0.061657 0.603286 0.795138
vn 0.033210 0.599406 0.799756
vn 0.061657 0.603286 0.795138
vn -0.475811 0.801596 0.362006
vn -0.435859 0.828743 0.351015
vn 0.042354 0.628443 0.776702
vn -0.433300 0.621654 0.652531
vn -0.622145 0.669493 0.405851
vn -0.606910 0.675933 0.418060
vn -0.387411 0.621426 0.680987
vn -0.508677 0.772939 0.379227
vn -0.542446 0.739319 0.398949
vn -0.684724 0.722163 -0.098149
vn -0.648090 0.745187 -0.157086
vn -0.346620 0.933955 -0.087077
vn -0.295191 0.908931 0.294459
vn -0.444463 0.861777 -0.244527
vn -0.376522 0.886369 -0.269410
vn -0.048724 0.603261 0.796054
vn -0.542446 0.739319 0.398949
vn -0.508677 0.772939 0.379227
vn 0.033210 0.599406 0.799756
vn -0.648090 0.745187 -0.157086
vn -0.614869 0.763829 -0.196219
vn -0.475811 0.801596 0.362006
vn -0.508677 0.772939 0.379227
vn -0.435859 0.828743 0.351015
vn -0.401338 0.853845 0.331477
vn -0.016488 0.674022 0.738528
vn 0.042354 0.628443 0.776702
vn -0.628046 0.662702 0.407903
vn -0.633954 0.659489 0.403951
vn -0.761722 0.644739 -0.063954
vn -0.756476 0.652926 -0.037830
vn -0.496965 0.838156 -0.224767
vn -0.353371 0.881322 0.313689
vn -0.401338 0.853845 0.331477
vn -0.545488 0.802737 -0.240949
vn -0.086341 0.740160 0.666865
vn -0.016488 0.674022 0.738528
vn -0.401338 0.853845 0.331477
vn -0.353371 0.881322 0.313689
vn -0.606910 0.675933 0.418060
vn -0.622145 0.669493 0.405851
vn -0.748869 0.662301 -0.023503
vn -0.740060 0.672283 -0.018637
vn -0.261189 0.611762 0.746677
vn -0.593949 0.692765 0.409024
vn -0.567152 0.709354 0.418517
vn -0.194639 0.614857 0.764242
vn -0.235394 0.964082 -0.123029
vn -0.301707 0.947976 -0.101560
vn -0.324776 0.911960 -0.250697
vn -0.261919 0.932530 -0.248570
vn -0.194639 0.614857 0.764242
vn -0.567152 0.709354 0.418517
vn -0.542446 0.739319 0.398949
vn -0.048724 0.603261 0.796054
vn -0.709033 0.702145 -0.065311
vn -0.684724 0.722163 -0.098149
vn -0.542446 0.739319 0.398949
vn -0.567152 0.709354 0.418517
vn -0.387411 0.621426 0.680987
vn -0.606910 0.675933 0.418060
vn -0.593949 0.692765 0.409024
vn -0.261189 0.611762 0.746677
vn -0.376522 0.886369 -0.269410
vn -0.324776 0.911960 -0.250697
vn -0.301707 0.947976 -0.101560
vn -0.346620 0.933955 -0.087077
vn -0.201573 0.951236 -0.233490
vn -0.181140 0.973366 -0.140521
vn -0.235394 0.964082 -0.123029
vn -0.261919 0.932530 -0.248570
vn -0.567152 0.709354 0.418517
vn -0.593949 0.692765 0.409024
vn -0.726619 0.686424 -0.029112
vn -0.709033 0.702145 -0.065311
vn -0.576949 0.791615 -0.201186
vn -0.545488 0.802737 -0.240949
vn -0.401338 0.853845 0.331477
vn -0.435859 0.828743 0.351015
vn -0.628046 0.662702 0.407903
vn -0.622145 0.669493 0.405851
vn -0.433300 0.621654 0.652531
vn -0.484285 0.625412 0.611823
vn -0.740060 0.672283 -0.018637
vn -0.726619 0.686424 -0.029112
vn -0.593949 0.692765 0.409024
vn -0.606910 0.675933 0.418060
vn -0.135572 0.877828 0.459390
vn -0.127525 0.808885 0.573970
vn -0.295191 0.908931 0.294459
vn -0.346620 0.933955 -0.087077
vn -0.235394 0.964082 -0.123029
vn -0.181140 0.973366 -0.140521
vn -0.038910 0.956049 0.290613
vn -0.085680 0.937637 0.336891
vn -0.353371 0.881322 0.313689
vn -0.295191 0.908931 0.294459
vn -0.127525 0.808885 0.573970
vn -0.086341 0.740160 0.666865
vn -0.346620 0.933955 -0.087077
vn -0.301707 0.947976 -0.101560
vn -0.124627 0.908750 0.398299
vn -0.135572 0.877828 0.459390
vn -0.123068 0.966785 -0.224013
vn -0.041565 0.973658 -0.224193
vn -0.034388 0.980681 -0.192567
vn -0.105398 0.980305 -0.167014
vn -0.756476 0.652926 -0.037830
vn -0.748869 0.662301 -0.023503
vn -0.622145 0.669493 0.405851
vn -0.628046 0.662702 0.407903
vn -0.085680 0.937637 0.336891
vn -0.124627 0.908750 0.398299
vn -0.301707 0.947976 -0.101560
vn -0.235394 0.964082 -0.123029
vn -0.123068 0.966785 -0.224013
vn -0.105398 0.980305 -0.167014
vn -0.181140 0.973366 -0.140521
vn -0.201573 0.951236 -0.233490
vn -0.105398 0.980305 -0.167014
vn -0.034388 0.980681 -0.192567
vn 0.094382 0.980028 0.175037
vn 0.013982 0.975253 0.220649
vn 0.013982 0.975253 0.220649
vn -0.038910 0.956049 0.290613
vn -0.181140 0.973366 -0.140521
vn -0.105398 0.980305 -0.167014
vn -0.763328 0.635149 -0.117969
vn -0.761722 0.644739 -0.063954
vn -0.633954 0.659489 0.403951
vn -0.575974 0.641643 0.506506
vn 0.057653 0.972433 -0.225945
vn 0.094382 0.980028 0.175037
vn -0.034388 0.980681 -0.192567
vn -0.041565 0.973658 -0.224193
vn -0.419282 0.869359 0.261569
vn -0.462801 0.843582 0.272368
vn -0.508281 0.861100 -0.012510
vn -0.462683 0.886332 -0.018452
vn -0.325370 0.911614 0.251185
vn -0.362622 0.931764 -0.017948
vn -0.296730 0.954668 -0.023671
vn -0.263327 0.932109 0.248658
vn -0.668304 0.708594 -0.226416
vn -0.688331 0.725362 0.007117
vn -0.692275 0.721520 0.012855
vn -0.682577 0.709492 -0.175245
vn -0.550488 0.834715 -0.014611
vn -0.341782 0.714164 -0.610864
vn -0.311394 0.722749 -0.616982
vn -0.508281 0.861100 -0.012510
vn -0.311394 0.722749 -0.616982
vn -0.304066 0.750568 -0.586678
vn -0.462683 0.886332 -0.018452
vn -0.508281 0.861100 -0.012510
vn -0.645986 0.709239 -0.282282
vn -0.621598 0.712481 -0.325556
vn -0.672236 0.740271 -0.009926
vn -0.681034 0.732223 0.006565
vn -0.550488 0.834715 -0.014611
vn -0.510098 0.822689 0.250964
vn -0.567090 0.795527 0.213414
vn -0.595463 0.803170 -0.018510
vn -0.214951 0.974045 0.070939
vn -0.184300 0.951774 0.245273
vn -0.263327 0.932109 0.248658
vn -0.296730 0.954668 -0.023671
vn -0.406981 0.712564 -0.571506
vn -0.341782 0.714164 -0.610864
vn -0.550488 0.834715 -0.014611
vn -0.595463 0.803170 -0.018510
vn -0.510098 0.822689 0.250964
vn -0.550488 0.834715 -0.014611
vn -0.508281 0.861100 -0.012510
vn -0.462801 0.843582 0.272368
vn -0.462683 0.886332 -0.018452
vn -0.304066 0.750568 -0.586678
vn -0.314368 0.792574 -0.522494
vn -0.418557 0.908069 -0.014876
vn -0.688331 0.725362 0.007117
vn -0.665109 0.722434 0.188998
vn -0.663844 0.716428 0.214574
vn -0.692275 0.721520 0.012855
vn -0.325370 0.911614 0.251185
vn -0.374233 0.882615 0.284499
vn -0.418557 0.908069 -0.014876
vn -0.362622 0.931764 -0.017948
vn -0.315282 0.847037 -0.427932
vn -0.362622 0.931764 -0.017948
vn -0.418557 0.908069 -0.014876
vn -0.314368 0.792574 -0.522494
vn -0.672236 0.740271 -0.009926
vn -0.652126 0.739895 0.165191
vn -0.660611 0.730496 0.173114
vn -0.681034 0.732223 0.006565
vn -0.552759 0.710348 -0.435733
vn -0.505996 0.717440 -0.478798
vn -0.631620 0.774849 -0.025790
vn -0.653764 0.756664 -0.007182
vn -0.093439 0.993832 0.059718
vn -0.074240 0.980119 0.184000
vn -0.136749 0.968241 0.209308
vn -0.165530 0.983969 0.066366
vn -0.505996 0.717440 -0.478798
vn -0.406981 0.712564 -0.571506
vn -0.595463 0.803170 -0.018510
vn -0.631620 0.774849 -0.025790
vn -0.603635 0.773270 0.194106
vn -0.631620 0.774849 -0.025790
vn -0.595463 0.803170 -0.018510
vn -0.567090 0.795527 0.213414
vn -0.621598 0.712481 -0.325556
vn -0.552759 0.710348 -0.435733
vn -0.653764 0.756664 -0.007182
vn -0.672236 0.740271 -0.009926
vn -0.184300 0.951774 0.245273
vn -0.214951 0.974045 0.070939
vn -0.165530 0.983969 0.066366
vn -0.136749 0.968241 0.209308
vn -0.020365 0.988832 0.147634
vn -0.074240 0.980119 0.184000
vn -0.093439 0.993832 0.059718
vn -0.035186 0.997903 0.054327
vn -0.631620 0.774849 -0.025790
vn -0.603635 0.773270 0.194106
vn -0.633917 0.754698 0.169058
vn -0.653764 0.756664 -0.007182
vn -0.419282 0.869359 0.261569
vn -0.462683 0.886332 -0.018452
vn -0.418557 0.908069 -0.014876
vn -0.374233 0.882615 0.284499
vn -0.688331 0.725362 0.007117
vn -0.668304 0.708594 -0.226416
vn -0.645986 0.709239 -0.282282
vn -0.681034 0.732223 0.006565
vn -0.652126 0.739895 0.165191
vn -0.672236 0.740271 -0.009926
vn -0.653764 0.756664 -0.007182
vn -0.633917 0.754698 0.169058
vn -0.225542 0.946715 -0.229916
vn -0.214951 0.974045 0.070939
vn -0.296730 0.954668 -0.023671
vn -0.286778 0.899084 -0.330768
vn -0.093439 0.993832 0.059718
vn -0.116022 0.982776 -0.143839
vn -0.050985 0.991283 -0.121482
vn -0.035186 0.997903 0.054327
vn -0.362622 0.931764 -0.017948
vn -0.315282 0.847037 -0.427932
vn -0.286778 0.899084 -0.330768
vn -0.296730 0.954668 -0.023671
vn -0.214951 0.974045 0.070939
vn -0.225542 0.946715 -0.229916
vn -0.182913 0.966183 -0.181750
vn -0.165530 0.983969 0.066366
vn 0.051068 0.992744 0.108864
vn 0.045834 0.997759 0.048751
vn 0.121058 0.991652 0.044391
vn 0.126855 0.988914 0.077180
vn -0.665109 0.722434 0.188998
vn -0.688331 0.725362 0.007117
vn -0.681034 0.732223 0.006565
vn -0.660611 0.730496 0.173114
vn -0.116022 0.982776 -0.143839
vn -0.093439 0.993832 0.059718
vn -0.165530 0.983969 0.066366
vn -0.182913 0.966183 -0.181750
vn 0.051068 0.992744 0.108864
vn -0.020365 0.988832 0.147634
vn -0.035186 0.997903 0.054327
vn 0.045834 0.997759 0.048751
vn 0.045834 0.997759 0.048751
vn 0.028040 0.996487 -0.078909
vn 0.120051 0.990405 -0.068456
vn 0.121058 0.991652 0.044391
vn 0.028040 0.996487 -0.078909
vn 0.045834 0.997759 0.048751
vn -0.035186 0.997903 0.054327
vn -0.050985 0.991283 -0.121482
vn -0.651392 0.711393 0.263834
vn -0.692847 0.714300 -0.098678
vn -0.692275 0.721520 0.012855
vn -0.663844 0.716428 0.214574
vn 0.217383 0.975296 0.039280
vn 0.126855 0.988914 0.077180
vn 0.121058 0.991652 0.044391
vn 0.120051 0.990405 -0.068456
vn -0.169944 0.962307 0.212330
vn -0.234186 0.949926 0.206875
vn -0.195250 0.972207 -0.129190
vn -0.130441 0.983911 -0.122088
vn -0.044804 0.970959 0.235013
vn 0.001318 0.995300 -0.096832
vn 0.083747 0.992809 -0.085541
vn 0.030478 0.966638 0.254326
vn -0.422260 0.839837 -0.341130
vn -0.471444 0.866591 -0.163588
vn -0.478903 0.863096 -0.160365
vn -0.442412 0.843836 -0.303665
vn -0.255694 0.956293 -0.141863
vn -0.074818 0.785495 -0.614329
vn -0.035711 0.786710 -0.616289
vn -0.195250 0.972207 -0.129190
vn -0.035711 0.786710 -0.616289
vn -0.004566 0.809741 -0.586770
vn -0.130441 0.983911 -0.122088
vn -0.195250 0.972207 -0.129190
vn -0.393777 0.836466 -0.381136
vn -0.363733 0.836034 -0.410785
vn -0.442238 0.880286 -0.171819
vn -0.459752 0.873161 -0.161919
vn -0.255694 0.956293 -0.141863
vn -0.291156 0.940058 0.177536
vn -0.358564 0.923777 0.134417
vn -0.321762 0.933741 -0.156837
vn 0.143805 0.982802 0.115848
vn 0.119430 0.952575 0.279887
vn 0.030478 0.966638 0.254326
vn 0.083747 0.992809 -0.085541
vn -0.142098 0.797898 -0.585805
vn -0.074818 0.785495 -0.614329
vn -0.255694 0.956293 -0.141863
vn -0.321762 0.933741 -0.156837
vn -0.291156 0.940058 0.177536
vn -0.255694 0.956293 -0.141863
vn -0.195250 0.972207 -0.129190
vn -0.234186 0.949926 0.206875
vn -0.130441 0.983911 -0.122088
vn -0.004566 0.809741 -0.586770
vn 0.018074 0.848991 -0.528098
vn -0.071740 0.991534 -0.108232
vn -0.471444 0.866591 -0.163588
vn -0.499751 0.861452 0.090273
vn -0.507437 0.854690 0.109599
vn -0.478903 0.863096 -0.160365
vn -0.044804 0.970959 0.235013
vn -0.121310 0.962179 0.243919
vn -0.071740 0.991534 -0.108232
vn 0.001318 0.995300 -0.096832
vn 0.053873 0.894418 -0.443976
vn 0.001318 0.995300 -0.096832
vn -0.071740 0.991534 -0.108232
vn 0.018074 0.848991 -0.528098
vn -0.442238 0.880286 -0.171819
vn -0.471016 0.878833 0.076134
vn -0.487036 0.869738 0.079701
vn -0.459752 0.873161 -0.161919
vn -0.290821 0.821772 -0.490014
vn -0.238207 0.821902 -0.517431
vn -0.375597 0.910636 -0.172248
vn -0.413735 0.895411 -0.164506
vn 0.275813 0.951910 0.133398
vn 0.255050 0.930794 0.261864
vn 0.183556 0.946696 0.264715
vn 0.199263 0.972171 0.123199
vn -0.238207 0.821902 -0.517431
vn -0.142098 0.797898 -0.585805
vn -0.321762 0.933741 -0.156837
vn -0.375597 0.910636 -0.172248
vn -0.406179 0.907094 0.110449
vn -0.375597 0.910636 -0.172248
vn -0.321762 0.933741 -0.156837
vn -0.358564 0.923777 0.134417
vn -0.363733 0.836034 -0.410785
vn -0.290821 0.821772 -0.490014
vn -0.413735 0.895411 -0.164506
vn -0.442238 0.880286 -0.171819
vn 0.119430 0.952575 0.279887
vn 0.143805 0.982802 0.115848
vn 0.199263 0.972171 0.123199
vn 0.183556 0.946696 0.264715
vn 0.319116 0.916218 0.242301
vn 0.255050 0.930794 0.261864
vn 0.275813 0.951910 0.133398
vn 0.334403 0.931798 0.141163
vn -0.375597 0.910636 -0.172248
vn -0.406179 0.907094 0.110449
vn -0.443877 0.892153 0.083885
vn -0.413735 0.895411 -0.164506
vn -0.169944 0.962307 0.212330
vn -0.130441 0.983911 -0.122088
vn -0.071740 0.991534 -0.108232
vn -0.121310 0.962179 0.243919
vn -0.471444 0.866591 -0.163588
vn -0.422260 0.839837 -0.341130
vn -0.393777 0.836466 -0.381136
vn -0.459752 0.873161 -0.161919
vn -0.471016 0.878833 0.076134
vn -0.442238 0.880286 -0.171819
vn -0.413735 0.895411 -0.164506
vn -0.443877 0.892153 0.083885
vn 0.189467 0.946791 -0.260170
vn 0.143805 0.982802 0.115848
vn 0.083747 0.992809 -0.085541
vn 0.110738 0.927677 -0.356583
vn 0.275813 0.951910 0.133398
vn 0.303241 0.938845 -0.163137
vn 0.365470 0.921759 -0.129588
vn 0.334403 0.931798 0.141163
vn 0.001318 0.995300 -0.096832
vn 0.053873 0.894418 -0.443976
vn 0.110738 0.927677 -0.356583
vn 0.083747 0.992809 -0.085541
vn 0.143805 0.982802 0.115848
vn 0.189467 0.946791 -0.260170
vn 0.235526 0.948979 -0.209680
vn 0.199263 0.972171 0.123199
vn 0.396300 0.891054 0.221291
vn 0.410246 0.898974 0.153442
vn 0.475713 0.863915 0.165375
vn 0.470333 0.858365 0.204930
vn -0.499751 0.861452 0.090273
vn -0.471444 0.866591 -0.163588
vn -0.459752 0.873161 -0.161919
vn -0.487036 0.869738 0.079701
vn 0.303241 0.938845 -0.163137
vn 0.275813 0.951910 0.133398
vn 0.199263 0.972171 0.123199
vn 0.235526 0.948979 -0.209680
vn 0.396300 0.891054 0.221291
vn 0.319116 0.916218 0.242301
vn 0.334403 0.931798 0.141163
vn 0.410246 0.898974 0.153442
vn 0.410246 0.898974 0.153442
vn 0.432948 0.898846 -0.068057
vn 0.510447 0.859137 -0.036447
vn 0.475713 0.863915 0.165375
vn 0.432948 0.898846 -0.068057
vn 0.410246 0.898974 0.153442
vn 0.334403 0.931798 0.141163
vn 0.365470 0.921759 -0.129588
vn -0.509633 0.847314 0.149444
vn -0.462080 0.852028 -0.246029
vn -0.478903 0.863096 -0.160365
vn -0.507437 0.854690 0.109599
vn 0.553517 0.812980 0.180783
vn 0.470333 0.858365 0.204930
vn 0.475713 0.863915 0.165375
vn 0.510447 0.859137 -0.036447
vn 0.023410 0.821000 0.570448
vn -0.026093 0.810096 0.585717
vn -0.262004 0.955572 -0.135041
vn -0.201780 0.966975 -0.155708
vn 0.128318 0.815661 0.564120
vn -0.070227 0.983246 -0.168212
vn 0.008820 0.982072 -0.188300
vn 0.192000 0.798397 0.570701
vn -0.510919 0.694814 -0.506157
vn -0.521440 0.851318 -0.057946
vn -0.526181 0.849126 -0.046020
vn -0.534574 0.740696 -0.406940
vn -0.322325 0.937445 -0.131540
vn 0.107556 -0.330936 -0.937503
vn 0.080655 -0.437922 -0.895388
vn -0.262004 0.955572 -0.135041
vn 0.080655 -0.437922 -0.895388
vn -0.043938 -0.399900 -0.915505
vn -0.201780 0.966975 -0.155708
vn -0.262004 0.955572 -0.135041
vn -0.470092 0.633656 -0.614405
vn -0.425149 0.576025 -0.698172
vn -0.500680 0.860428 -0.094777
vn -0.510325 0.857836 -0.060709
vn -0.322325 0.937445 -0.131540
vn -0.102230 0.834484 0.541466
vn -0.205350 0.858091 0.470649
vn -0.388403 0.912278 -0.129971
vn 0.182976 0.973472 0.137378
vn 0.263500 0.770545 0.580370
vn 0.192000 0.798397 0.570701
vn 0.008820 0.982072 -0.188300
vn 0.023197 -0.095302 -0.995178
vn 0.107556 -0.330936 -0.937503
vn -0.322325 0.937445 -0.131540
vn -0.388403 0.912278 -0.129971
vn -0.102230 0.834484 0.541466
vn -0.322325 0.937445 -0.131540
vn -0.262004 0.955572 -0.135041
vn -0.026093 0.810096 0.585717
vn -0.201780 0.966975 -0.155708
vn -0.043938 -0.399900 -0.915505
vn -0.178772 -0.174923 -0.968216
vn -0.141268 0.977876 -0.154281
vn -0.521440 0.851318 -0.057946
vn -0.368052 0.821765 0.435016
vn -0.351867 0.803415 0.480328
vn -0.526181 0.849126 -0.046020
vn 0.128318 0.815661 0.564120
vn 0.088227 0.776851 0.623473
vn -0.141268 0.977876 -0.154281
vn -0.070227 0.983246 -0.168212
vn -0.248093 0.175247 -0.952753
vn -0.070227 0.983246 -0.168212
vn -0.141268 0.977876 -0.154281
vn -0.178772 -0.174923 -0.968216
vn -0.500680 0.860428 -0.094777
vn -0.360390 0.847480 0.389739
vn -0.369524 0.836040 0.405573
vn -0.510325 0.857836 -0.060709
vn -0.274866 0.370662 -0.887163
vn -0.188731 0.247022 -0.950453
vn -0.443472 0.885904 -0.136042
vn -0.471964 0.876605 -0.093878
vn 0.309932 0.945097 0.103606
vn 0.357689 0.821033 0.444932
vn 0.303604 0.810441 0.501008
vn 0.236224 0.963860 0.123173
vn -0.188731 0.247022 -0.950453
vn 0.023197 -0.095302 -0.995178
vn -0.388403 0.912278 -0.129971
vn -0.443472 0.885904 -0.136042
vn -0.270557 0.857773 0.437063
vn -0.443472 0.885904 -0.136042
vn -0.388403 0.912278 -0.129971
vn -0.205350 0.858091 0.470649
vn -0.425149 0.576025 -0.698172
vn -0.274866 0.370662 -0.887163
vn -0.471964 0.876605 -0.093878
vn -0.500680 0.860428 -0.094777
vn 0.263500 0.770545 0.580370
vn 0.182976 0.973472 0.137378
vn 0.236224 0.963860 0.123173
vn 0.303604 0.810441 0.501008
vn 0.404284 0.844136 0.352120
vn 0.357689 0.821033 0.444932
vn 0.309932 0.945097 0.103606
vn 0.366462 0.926212 0.088524
vn -0.443472 0.885904 -0.136042
vn -0.270557 0.857773 0.437063
vn -0.330158 0.857728 0.394079
vn -0.471964 0.876605 -0.093878
vn 0.023410 0.821000 0.570448
vn -0.201780 0.966975 -0.155708
vn -0.141268 0.977876 -0.154281
vn 0.088227 0.776851 0.623473
vn -0.521440 0.851318 -0.057946
vn -0.510919 0.694814 -0.506157
vn -0.470092 0.633656 -0.614405
vn -0.510325 0.857836 -0.060709
vn -0.360390 0.847480 0.389739
vn -0.500680 0.860428 -0.094777
vn -0.471964 0.876605 -0.093878
vn -0.330158 0.857728 0.394079
vn -0.082432 0.726345 -0.682369
vn 0.182976 0.973472 0.137378
vn 0.008820 0.982072 -0.188300
vn -0.211085 0.482828 -0.849894
vn 0.309932 0.945097 0.103606
vn 0.108482 0.855555 -0.506218
vn 0.195793 0.868235 -0.455887
vn 0.366462 0.926212 0.088524
vn -0.070227 0.983246 -0.168212
vn -0.248093 0.175247 -0.952753
vn -0.211085 0.482828 -0.849894
vn 0.008820 0.982072 -0.188300
vn 0.182976 0.973472 0.137378
vn -0.082432 0.726345 -0.682369
vn 0.004560 0.810049 -0.586345
vn 0.236224 0.963860 0.123173
vn 0.463083 0.850869 0.248147
vn 0.441247 0.894302 0.074327
vn 0.506595 0.859745 0.064816
vn 0.521616 0.837838 0.161074
vn -0.368052 0.821765 0.435016
vn -0.521440 0.851318 -0.057946
vn -0.510325 0.857836 -0.060709
vn -0.369524 0.836040 0.405573
vn 0.108482 0.855555 -0.506218
vn 0.309932 0.945097 0.103606
vn 0.236224 0.963860 0.123173
vn 0.004560 0.810049 -0.586345
vn 0.463083 0.850869 0.248147
vn 0.404284 0.844136 0.352120
vn 0.366462 0.926212 0.088524
vn 0.441247 0.894302 0.074327
vn 0.441247 0.894302 0.074327
vn 0.317244 0.883103 -0.345665
vn 0.413256 0.854434 -0.314899
vn 0.506595 0.859745 0.064816
vn 0.317244 0.883103 -0.345665
vn 0.441247 0.894302 0.074327
vn 0.366462 0.926212 0.088524
vn 0.195793 0.868235 -0.455887
vn -0.303243 0.767942 0.564188
vn -0.546629 0.796188 -0.259387
vn -0.526181 0.849126 -0.046020
vn -0.351867 0.803415 0.480328
vn 0.584790 0.809283 0.055513
vn 0.521616 0.837838 0.161074
vn 0.506595 0.859745 0.064816
vn 0.413256 0.854434 -0.314899
vn 0.232964 0.787534 0.570542
vn 0.191041 0.779382 0.596714
vn -0.259517 0.962135 -0.083347
vn -0.206857 0.970938 -0.120370
vn 0.328536 0.772950 0.542783
vn -0.081461 0.982879 -0.165269
vn -0.010989 0.978590 -0.205525
vn 0.387978 0.748735 0.537464
vn -0.613668 0.669295 -0.418875
vn -0.493938 0.867059 0.065063
vn -0.494822 0.865392 0.079044
vn -0.610946 0.729771 -0.306887
vn -0.318325 0.945771 -0.064705
vn -0.025198 -0.597355 -0.801581
vn -0.047591 -0.704093 -0.708511
vn -0.259517 0.962135 -0.083347
vn -0.047591 -0.704093 -0.708511
vn -0.205579 -0.672922 -0.710572
vn -0.206857 0.970938 -0.120370
vn -0.259517 0.962135 -0.083347
vn -0.599393 0.587550 -0.543610
vn -0.573467 0.509369 -0.641622
vn -0.484732 0.874433 0.020063
vn -0.483614 0.873275 0.059235
vn -0.318325 0.945771 -0.064705
vn 0.102409 0.816974 0.567509
vn -0.023493 0.855533 0.517215
vn -0.383660 0.922302 -0.046512
vn 0.246394 0.966840 0.067165
vn 0.453071 0.713419 0.534565
vn 0.387978 0.748735 0.537464
vn -0.010989 0.978590 -0.205525
vn -0.135221 -0.343502 -0.929366
vn -0.025198 -0.597355 -0.801581
vn -0.318325 0.945771 -0.064705
vn -0.383660 0.922302 -0.046512
vn 0.102409 0.816974 0.567509
vn -0.318325 0.945771 -0.064705
vn -0.259517 0.962135 -0.083347
vn 0.191041 0.779382 0.596714
vn -0.206857 0.970938 -0.120370
vn -0.205579 -0.672922 -0.710572
vn -0.401483 -0.442335 -0.801967
vn -0.146588 0.980170 -0.133336
vn -0.493938 0.867059 0.065063
vn -0.199077 0.830982 0.519458
vn -0.167397 0.809391 0.562907
vn -0.494822 0.865392 0.079044
vn 0.328536 0.772950 0.542783
vn 0.310098 0.727153 0.612444
vn -0.146588 0.980170 -0.133336
vn -0.081461 0.982879 -0.165269
vn -0.515176 -0.035755 -0.856338
vn -0.081461 0.982879 -0.165269
vn -0.146588 0.980170 -0.133336
vn -0.401483 -0.442335 -0.801967
vn -0.484732 0.874433 0.020063
vn -0.206376 0.858406 0.469626
vn -0.210357 0.846689 0.488741
vn -0.483614 0.873275 0.059235
vn -0.452706 0.236933 -0.859605
vn -0.372678 0.073681 -0.925031
vn -0.440597 0.896854 -0.039073
vn -0.455622 0.890069 0.013672
vn 0.357390 0.933953 0.001872
vn 0.503541 0.781584 0.368203
vn 0.469110 0.765346 0.440660
vn 0.293075 0.955266 0.039660
vn -0.372678 0.073681 -0.925031
vn -0.135221 -0.343502 -0.929366
vn -0.383660 0.922302 -0.046512
vn -0.440597 0.896854 -0.039073
vn -0.100070 0.861682 0.497485
vn -0.440597 0.896854 -0.039073
vn -0.383660 0.922302 -0.046512
vn -0.023493 0.855533 0.517215
vn -0.573467 0.509369 -0.641622
vn -0.452706 0.236933 -0.859605
vn -0.455622 0.890069 0.013672
vn -0.484732 0.874433 0.020063
vn 0.453071 0.713419 0.534565
vn 0.246394 0.966840 0.067165
vn 0.293075 0.955266 0.039660
vn 0.469110 0.765346 0.440660
vn 0.521871 0.813731 0.255915
vn 0.503541 0.781584 0.368203
vn 0.357390 0.933953 0.001872
vn 0.406453 0.913271 -0.027039
vn -0.440597 0.896854 -0.039073
vn -0.100070 0.861682 0.497485
vn -0.174410 0.867057 0.466683
vn -0.455622 0.890069 0.013672
vn 0.232964 0.787534 0.570542
vn -0.206857 0.970938 -0.120370
vn -0.146588 0.980170 -0.133336
vn 0.310098 0.727153 0.612444
vn -0.493938 0.867059 0.065063
vn -0.613668 0.669295 -0.418875
vn -0.599393 0.587550 -0.543610
vn -0.483614 0.873275 0.059235
vn -0.206376 0.858406 0.469626
vn -0.484732 0.874433 0.020063
vn -0.455622 0.890069 0.013672
vn -0.174410 0.867057 0.466683
vn -0.288535 0.657335 -0.696174
vn 0.246394 0.966840 0.067165
vn -0.010989 0.978590 -0.205525
vn -0.469390 0.346792 -0.812040
vn 0.357390 0.933953 0.001872
vn -0.034586 0.824178 -0.565274
vn 0.069868 0.843189 -0.533058
vn 0.406453 0.913271 -0.027039
vn -0.081461 0.982879 -0.165269
vn -0.515176 -0.035755 -0.856338
vn -0.469390 0.346792 -0.812040
vn -0.010989 0.978590 -0.205525
vn 0.246394 0.966840 0.067165
vn -0.288535 0.657335 -0.696174
vn -0.166912 0.764478 -0.622667
vn 0.293075 0.955266 0.039660
vn 0.547211 0.827120 0.128190
vn 0.472917 0.879143 -0.058801
vn 0.531617 0.842886 -0.083223
vn 0.575943 0.817259 0.019426
vn -0.199077 0.830982 0.519458
vn -0.493938 0.867059 0.065063
vn -0.483614 0.873275 0.059235
vn -0.210357 0.846689 0.488741
vn -0.034586 0.824178 -0.565274
vn 0.357390 0.933953 0.001872
vn 0.293075 0.955266 0.039660
vn -0.166912 0.764478 -0.622667
vn 0.547211 0.827120 0.128190
vn 0.521871 0.813731 0.255915
vn 0.406453 0.913271 -0.027039
vn 0.472917 0.879143 -0.058801
vn 0.472917 0.879143 -0.058801
vn 0.230279 0.865672 -0.444504
vn 0.334001 0.837279 -0.432905
vn 0.531617 0.842886 -0.083223
vn 0.230279 0.865672 -0.444504
vn 0.472917 0.879143 -0.058801
vn 0.406453 0.913271 -0.027039
vn 0.069868 0.843189 -0.533058
vn -0.089358 0.765169 0.637598
vn -0.580811 0.800957 -0.145350
vn -0.494822 0.865392 0.079044
vn -0.167397 0.809391 0.562907
vn 0.602120 0.790792 -0.109999
vn 0.575943 0.817259 0.019426
vn 0.531617 0.842886 -0.083223
vn 0.334001 0.837279 -0.432905
vn -0.286179 0.544674 0.788309
vn -0.297277 0.511196 0.806415
vn -0.773952 0.543618 0.324773
vn -0.754967 0.579437 0.307045
vn -0.241617 0.609354 0.755188
vn -0.697292 0.657128 0.286299
vn -0.659955 0.704888 0.259983
vn -0.204664 0.647914 0.733703
vn -0.925978 0.377574 0.001341
vn -0.838268 0.392283 0.378709
vn -0.835594 0.389294 0.387598
vn -0.922809 0.374942 0.088551
vn -0.795915 0.508777 0.328124
vn -0.566526 0.469817 -0.676994
vn -0.537836 0.472018 -0.698520
vn -0.773952 0.543618 0.324773
vn -0.537836 0.472018 -0.698520
vn -0.566962 0.476583 -0.671880
vn -0.754967 0.579437 0.307045
vn -0.773952 0.543618 0.324773
vn -0.918127 0.384466 -0.096064
vn -0.902751 0.393529 -0.173711
vn -0.844047 0.405234 0.351241
vn -0.835885 0.398789 0.377179
vn -0.795915 0.508777 0.328124
vn -0.358581 0.486353 0.796794
vn -0.445230 0.456707 0.770188
vn -0.818911 0.470673 0.328408
vn -0.406144 0.755093 0.514667
vn -0.156690 0.695443 0.701290
vn -0.204664 0.647914 0.733703
vn -0.659955 0.704888 0.259983
vn -0.650072 0.457653 -0.606598
vn -0.566526 0.469817 -0.676994
vn -0.795915 0.508777 0.328124
vn -0.818911 0.470673 0.328408
vn -0.358581 0.486353 0.796794
vn -0.795915 0.508777 0.328124
vn -0.773952 0.543618 0.324773
vn -0.297277 0.511196 0.806415
vn -0.754967 0.579437 0.307045
vn -0.566962 0.476583 -0.671880
vn -0.641555 0.491398 -0.589012
vn -0.727855 0.614691 0.303943
vn -0.838268 0.392283 0.378709
vn -0.528652 0.385328 0.756339
vn -0.495078 0.379370 0.781650
vn -0.835594 0.389294 0.387598
vn -0.241617 0.609354 0.755188
vn -0.221458 0.563389 0.795958
vn -0.727855 0.614691 0.303943
vn -0.697292 0.657128 0.286299
vn -0.721909 0.531112 -0.443584
vn -0.697292 0.657128 0.286299
vn -0.727855 0.614691 0.303943
vn -0.641555 0.491398 -0.589012
vn -0.844047 0.405234 0.351241
vn -0.552390 0.402692 0.729866
vn -0.546531 0.393416 0.739275
vn -0.835885 0.398789 0.377179
vn -0.832024 0.415515 -0.367538
vn -0.782442 0.431996 -0.448513
vn -0.838902 0.439033 0.321703
vn -0.835013 0.421733 0.353404
vn -0.320616 0.832113 0.452542
vn -0.162749 0.789805 0.591373
vn -0.175330 0.742188 0.646851
vn -0.373060 0.787494 0.490591
vn -0.782442 0.431996 -0.448513
vn -0.650072 0.457653 -0.606598
vn -0.818911 0.470673 0.328408
vn -0.838902 0.439033 0.321703
vn -0.491070 0.434060 0.755276
vn -0.838902 0.439033 0.321703
vn -0.818911 0.470673 0.328408
vn -0.445230 0.456707 0.770188
vn -0.902751 0.393529 -0.173711
vn -0.832024 0.415515 -0.367538
vn -0.835013 0.421733 0.353404
vn -0.844047 0.405234 0.351241
vn -0.156690 0.695443 0.701290
vn -0.406144 0.755093 0.514667
vn -0.373060 0.787494 0.490591
vn -0.175330 0.742188 0.646851
vn -0.163657 0.835942 0.523849
vn -0.162749 0.789805 0.591373
vn -0.320616 0.832113 0.452542
vn -0.274934 0.865220 0.419292
vn -0.838902 0.439033 0.321703
vn -0.491070 0.434060 0.755276
vn -0.538800 0.416748 0.732131
vn -0.835013 0.421733 0.353404
vn -0.286179 0.544674 0.788309
vn -0.754967 0.579437 0.307045
vn -0.727855 0.614691 0.303943
vn -0.221458 0.563389 0.795958
vn -0.838268 0.392283 0.378709
vn -0.925978 0.377574 0.001341
vn -0.918127 0.384466 -0.096064
vn -0.835885 0.398789 0.377179
vn -0.552390 0.402692 0.729866
vn -0.844047 0.405234 0.351241
vn -0.835013 0.421733 0.353404
vn -0.538800 0.416748 0.732131
vn -0.720672 0.684871 -0.107632
vn -0.406144 0.755093 0.514667
vn -0.659955 0.704888 0.259983
vn -0.753449 0.595157 -0.279467
vn -0.320616 0.832113 0.452542
vn -0.608441 0.793498 0.012649
vn -0.540615 0.840884 0.025491
vn -0.274934 0.865220 0.419292
vn -0.697292 0.657128 0.286299
vn -0.721909 0.531112 -0.443584
vn -0.753449 0.595157 -0.279467
vn -0.659955 0.704888 0.259983
vn -0.406144 0.755093 0.514667
vn -0.720672 0.684871 -0.107632
vn -0.677217 0.735065 -0.032499
vn -0.373060 0.787494 0.490591
vn -0.142312 0.886730 0.439838
vn -0.203903 0.905844 0.371308
vn -0.131888 0.937024 0.323405
vn -0.098211 0.928606 0.357835
vn -0.528652 0.385328 0.756339
vn -0.838268 0.392283 0.378709
vn -0.835885 0.398789 0.377179
vn -0.546531 0.393416 0.739275
vn -0.608441 0.793498 0.012649
vn -0.320616 0.832113 0.452542
vn -0.373060 0.787494 0.490591
vn -0.677217 0.735065 -0.032499
vn -0.142312 0.886730 0.439838
vn -0.163657 0.835942 0.523849
vn -0.274934 0.865220 0.419292
vn -0.203903 0.905844 0.371308
vn -0.203903 0.905844 0.371308
vn -0.439882 0.896512 0.052642
vn -0.340569 0.940071 0.016699
vn -0.131888 0.937024 0.323405
vn -0.439882 0.896512 0.052642
vn -0.203903 0.905844 0.371308
vn -0.274934 0.865220 0.419292
vn -0.540615 0.840884 0.025491
vn -0.422701 0.375086 0.825006
vn -0.900871 0.377332 0.214600
vn -0.835594 0.389294 0.387598
vn -0.495078 0.379370 0.781650
vn -0.032325 0.965974 0.256610
vn -0.098211 0.928606 0.357835
vn -0.131888 0.937024 0.323405
vn -0.340569 0.940071 0.016699
vn -0.512226 0.814763 -0.271635
vn -0.046839 0.960182 0.275422
vn -0.094426 0.944480 0.314710
vn -0.549893 0.800237 -0.239245
vn -0.453260 0.816523 -0.357555
vn -0.425494 0.803375 -0.416586
vn 0.086102 0.989934 0.112329
vn 0.028394 0.985115 0.169538
vn 0.145614 0.674551 0.723725
vn 0.038383 0.720292 0.692608
vn -0.297066 0.823506 0.483312
vn -0.284115 0.826175 0.486532
vn -0.125864 0.922972 0.363706
vn -0.094426 0.944480 0.314710
vn 0.843702 -0.461318 0.274505
vn 0.891741 -0.349962 0.286924
vn 0.843702 -0.461318 0.274505
vn -0.094426 0.944480 0.314710
vn -0.046839 0.960182 0.275422
vn 0.802856 -0.440268 0.401979
vn 0.270960 0.613067 0.742112
vn -0.276631 0.833092 0.478992
vn -0.241115 0.837062 0.491112
vn 0.375054 0.554781 0.742666
vn -0.125864 0.922972 0.363706
vn -0.157813 0.894482 0.418328
vn -0.538198 0.842707 -0.013718
vn -0.549735 0.822477 -0.146026
vn -0.048151 0.987640 -0.149161
vn 0.086102 0.989934 0.112329
vn -0.425494 0.803375 -0.416586
vn -0.395249 0.780268 -0.484727
vn 0.898575 -0.118291 0.422576
vn -0.157813 0.894482 0.418328
vn -0.125864 0.922972 0.363706
vn 0.891741 -0.349962 0.286924
vn -0.549735 0.822477 -0.146026
vn -0.549893 0.800237 -0.239245
vn -0.094426 0.944480 0.314710
vn -0.125864 0.922972 0.363706
vn -0.046839 0.960182 0.275422
vn -0.019082 0.974686 0.222764
vn 0.777471 -0.228121 0.586088
vn 0.802856 -0.440268 0.401979
vn -0.284115 0.826175 0.486532
vn -0.297066 0.823506 0.483312
vn -0.614929 0.781748 0.103597
vn -0.582681 0.799593 0.145373
vn -0.453260 0.816523 -0.357555
vn 0.028394 0.985115 0.169538
vn -0.019082 0.974686 0.222764
vn -0.523974 0.771395 -0.361110
vn 0.710668 0.131981 0.691037
vn 0.777471 -0.228121 0.586088
vn -0.019082 0.974686 0.222764
vn 0.028394 0.985115 0.169538
vn -0.241115 0.837062 0.491112
vn -0.276631 0.833092 0.478992
vn -0.557321 0.813783 0.164773
vn -0.539037 0.825591 0.166849
vn 0.637006 0.346929 0.688377
vn -0.229026 0.854179 0.466824
vn -0.177328 0.865849 0.467825
vn 0.743336 0.221507 0.631178
vn 0.048749 0.968807 -0.242973
vn -0.007737 0.982092 -0.188243
vn -0.305332 0.827545 -0.471106
vn -0.226824 0.844447 -0.485242
vn 0.743336 0.221507 0.631178
vn -0.177328 0.865849 0.467825
vn -0.157813 0.894482 0.418328
vn 0.898575 -0.118291 0.422576
vn -0.539482 0.839688 0.062308
vn -0.538198 0.842707 -0.013718
vn -0.157813 0.894482 0.418328
vn -0.177328 0.865849 0.467825
vn 0.375054 0.554781 0.742666
vn -0.241115 0.837062 0.491112
vn -0.229026 0.854179 0.466824
vn 0.637006 0.346929 0.688377
vn -0.395249 0.780268 -0.484727
vn -0.305332 0.827545 -0.471106
vn -0.007737 0.982092 -0.188243
vn -0.048151 0.987640 -0.149161
vn -0.119857 0.873445 -0.471940
vn 0.092573 0.953942 -0.285350
vn 0.048749 0.968807 -0.242973
vn -0.226824 0.844447 -0.485242
vn -0.177328 0.865849 0.467825
vn -0.229026 0.854179 0.466824
vn -0.529087 0.837121 0.138909
vn -0.539482 0.839688 0.062308
vn -0.512226 0.814763 -0.271635
vn -0.523974 0.771395 -0.361110
vn -0.019082 0.974686 0.222764
vn -0.046839 0.960182 0.275422
vn -0.284115 0.826175 0.486532
vn -0.276631 0.833092 0.478992
vn 0.270960 0.613067 0.742112
vn 0.145614 0.674551 0.723725
vn -0.539037 0.825591 0.166849
vn -0.529087 0.837121 0.138909
vn -0.229026 0.854179 0.466824
vn -0.241115 0.837062 0.491112
vn 0.506704 0.732707 0.454303
vn 0.613829 0.463505 0.639043
vn 0.086102 0.989934 0.112329
vn -0.048151 0.987640 -0.149161
vn 0.048749 0.968807 -0.242973
vn 0.092573 0.953942 -0.285350
vn 0.430560 0.897951 0.091122
vn 0.432846 0.879937 0.195848
vn 0.028394 0.985115 0.169538
vn 0.086102 0.989934 0.112329
vn 0.613829 0.463505 0.639043
vn 0.710668 0.131981 0.691037
vn -0.048151 0.987640 -0.149161
vn -0.007737 0.982092 -0.188243
vn 0.456717 0.826248 0.329732
vn 0.506704 0.732707 0.454303
vn 0.004519 0.885491 -0.464635
vn 0.114437 0.876112 -0.468329
vn 0.190997 0.896439 -0.399896
vn 0.146131 0.927044 -0.345305
vn -0.582681 0.799593 0.145373
vn -0.557321 0.813783 0.164773
vn -0.276631 0.833092 0.478992
vn -0.284115 0.826175 0.486532
vn 0.432846 0.879937 0.195848
vn 0.456717 0.826248 0.329732
vn -0.007737 0.982092 -0.188243
vn 0.048749 0.968807 -0.242973
vn 0.004519 0.885491 -0.464635
vn 0.146131 0.927044 -0.345305
vn 0.092573 0.953942 -0.285350
vn -0.119857 0.873445 -0.471940
vn 0.146131 0.927044 -0.345305
vn 0.190997 0.896439 -0.399896
vn 0.415558 0.891655 -0.179621
vn 0.391911 0.916836 -0.076272
vn 0.391911 0.916836 -0.076272
vn 0.430560 0.897951 0.091122
vn 0.092573 0.953942 -0.285350
vn 0.146131 0.927044 -0.345305
vn -0.664397 0.747321 0.009389
vn -0.614929 0.781748 0.103597
vn -0.297066 0.823506 0.483312
vn -0.108049 0.774836 0.622860
vn 0.243633 0.849999 -0.467060
vn 0.415558 0.891655 -0.179621
vn 0.190997 0.896439 -0.399896
vn 0.114437 0.876112 -0.468329
vn 0.294276 0.673192 0.678391
vn 0.277208 0.641707 0.715100
vn -0.467602 0.791351 0.393844
vn -0.440168 0.829430 0.343946
vn 0.364297 0.709668 0.603041
vn -0.344317 0.903134 0.256504
vn -0.292858 0.938300 0.183920
vn 0.420022 0.716393 0.557102
vn -0.879960 0.474768 0.016294
vn -0.571465 0.597446 0.562571
vn -0.562828 0.593394 0.575419
vn -0.846711 0.508198 0.157525
vn -0.508398 0.749895 0.423307
vn -0.040696 -0.166595 -0.985185
vn 0.024447 -0.268406 -0.962996
vn -0.467602 0.791351 0.393844
vn 0.024447 -0.268406 -0.962996
vn -0.096813 -0.327817 -0.939768
vn -0.440168 0.829430 0.343946
vn -0.467602 0.791351 0.393844
vn -0.889355 0.432210 -0.149140
vn -0.874065 0.393035 -0.285543
vn -0.593472 0.614137 0.520218
vn -0.567259 0.606662 0.556937
vn -0.508398 0.749895 0.423307
vn 0.168966 0.649171 0.741638
vn 0.010507 0.650418 0.759504
vn -0.553046 0.701337 0.449740
vn -0.010855 0.966440 0.256664
vn 0.487030 0.715282 0.501171
vn 0.420022 0.716393 0.557102
vn -0.292858 0.938300 0.183920
vn -0.267673 -0.020331 -0.963295
vn -0.040696 -0.166595 -0.985185
vn -0.508398 0.749895 0.423307
vn -0.553046 0.701337 0.449740
vn 0.168966 0.649171 0.741638
vn -0.508398 0.749895 0.423307
vn -0.467602 0.791351 0.393844
vn 0.277208 0.641707 0.715100
vn -0.440168 0.829430 0.343946
vn -0.096813 -0.327817 -0.939768
vn -0.377942 -0.256730 -0.889522
vn -0.390933 0.865614 0.312863
vn -0.571465 0.597446 0.562571
vn -0.143943 0.574437 0.805793
vn -0.079244 0.557495 0.826389
vn -0.562828 0.593394 0.575419
vn 0.364297 0.709668 0.603041
vn 0.404418 0.639865 0.653467
vn -0.390933 0.865614 0.312863
vn -0.344317 0.903134 0.256504
vn -0.677543 -0.003252 -0.735476
vn -0.344317 0.903134 0.256504
vn -0.390933 0.865614 0.312863
vn -0.377942 -0.256730 -0.889522
vn -0.593472 0.614137 0.520218
vn -0.191266 0.604419 0.773366
vn -0.179183 0.589865 0.787370
vn -0.567259 0.606662 0.556937
vn -0.735013 0.259742 -0.626331
vn -0.622179 0.178316 -0.762297
vn -0.595020 0.658148 0.461293
vn -0.574644 0.637529 0.513168
vn 0.085746 0.989473 0.116580
vn 0.432921 0.836053 0.337040
vn 0.438752 0.792491 0.423621
vn 0.028325 0.979435 0.199764
vn -0.622179 0.178316 -0.762297
vn -0.267673 -0.020331 -0.963295
vn -0.553046 0.701337 0.449740
vn -0.595020 0.658148 0.461293
vn -0.074943 0.634597 0.769201
vn -0.595020 0.658148 0.461293
vn -0.553046 0.701337 0.449740
vn 0.010507 0.650418 0.759504
vn -0.874065 0.393035 -0.285543
vn -0.735013 0.259742 -0.626331
vn -0.574644 0.637529 0.513168
vn -0.593472 0.614137 0.520218
vn 0.487030 0.715282 0.501171
vn -0.010855 0.966440 0.256664
vn 0.028325 0.979435 0.199764
vn 0.438752 0.792491 0.423621
vn 0.392386 0.891594 0.226038
vn 0.432921 0.836053 0.337040
vn 0.085746 0.989473 0.116580
vn 0.131861 0.990027 0.049599
vn -0.595020 0.658148 0.461293
vn -0.074943 0.634597 0.769201
vn -0.165836 0.621982 0.765269
vn -0.574644 0.637529 0.513168
vn 0.294276 0.673192 0.678391
vn -0.440168 0.829430 0.343946
vn -0.390933 0.865614 0.312863
vn 0.404418 0.639865 0.653467
vn -0.571465 0.597446 0.562571
vn -0.879960 0.474768 0.016294
vn -0.889355 0.432210 -0.149140
vn -0.567259 0.606662 0.556937
vn -0.191266 0.604419 0.773366
vn -0.593472 0.614137 0.520218
vn -0.574644 0.637529 0.513168
vn -0.165836 0.621982 0.765269
vn -0.680081 0.656518 -0.326303
vn -0.010855 0.966440 0.256664
vn -0.292858 0.938300 0.183920
vn -0.785770 0.324676 -0.526451
vn 0.085746 0.989473 0.116580
vn -0.418925 0.877984 -0.231618
vn -0.301338 0.921303 -0.245755
vn 0.131861 0.990027 0.049599
vn -0.344317 0.903134 0.256504
vn -0.677543 -0.003252 -0.735476
vn -0.785770 0.324676 -0.526451
vn -0.292858 0.938300 0.183920
vn -0.010855 0.966440 0.256664
vn -0.680081 0.656518 -0.326303
vn -0.561629 0.787464 -0.253917
vn 0.028325 0.979435 0.199764
vn 0.362976 0.927897 0.085180
vn 0.200197 0.979015 -0.038084
vn 0.264167 0.957548 -0.115400
vn 0.355321 0.933452 -0.049140
vn -0.143943 0.574437 0.805793
vn -0.571465 0.597446 0.562571
vn -0.567259 0.606662 0.556937
vn -0.179183 0.589865 0.787370
vn -0.418925 0.877984 -0.231618
vn 0.085746 0.989473 0.116580
vn 0.028325 0.979435 0.199764
vn -0.561629 0.787464 -0.253917
vn 0.362976 0.927897 0.085180
vn 0.392386 0.891594 0.226038
vn 0.131861 0.990027 0.049599
vn 0.200197 0.979015 -0.038084
vn 0.200197 0.979015 -0.038084
vn -0.106492 0.965605 -0.237205
vn 0.015704 0.953414 -0.301257
vn 0.264167 0.957548 -0.115400
vn -0.106492 0.965605 -0.237205
vn 0.200197 0.979015 -0.038084
vn 0.131861 0.990027 0.049599
vn -0.301338 0.921303 -0.245755
vn 0.056563 0.528700 0.846922
vn -0.758707 0.550933 0.347614
vn -0.562828 0.593394 0.575419
vn -0.079244 0.557495 0.826389
vn 0.344215 0.915273 -0.209266
vn 0.355321 0.933452 -0.049140
vn 0.264167 0.957548 -0.115400
vn 0.015704 0.953414 -0.301257
vn 0.309370 0.824933 0.473049
vn 0.289198 0.809314 0.511249
vn -0.258542 0.934735 0.243777
vn -0.235024 0.951932 0.196444
vn 0.376247 0.832401 0.406875
vn -0.154658 0.981011 0.117043
vn -0.116132 0.991560 0.057639
vn 0.426512 0.824568 0.371721
vn -0.722121 0.690201 0.046518
vn -0.367085 0.822750 0.433970
vn -0.359898 0.819805 0.445413
vn -0.662903 0.733555 0.149856
vn -0.296556 0.913921 0.277134
vn -0.424817 -0.321762 -0.846168
vn -0.390834 -0.427938 -0.814934
vn -0.258542 0.934735 0.243777
vn -0.390834 -0.427938 -0.814934
vn -0.503325 -0.408757 -0.761303
vn -0.235024 0.951932 0.196444
vn -0.258542 0.934735 0.243777
vn -0.772334 0.630345 -0.078523
vn -0.798529 0.572546 -0.185856
vn -0.384984 0.834013 0.395233
vn -0.362016 0.828972 0.426322
vn -0.296556 0.913921 0.277134
vn 0.194644 0.828892 0.524454
vn 0.058077 0.845562 0.530709
vn -0.339898 0.887352 0.311569
vn 0.038640 0.997093 0.065678
vn 0.485157 0.809357 0.331005
vn 0.426512 0.824568 0.371721
vn -0.116132 0.991560 0.057639
vn -0.577386 -0.098108 -0.810556
vn -0.424817 -0.321762 -0.846168
vn -0.296556 0.913921 0.277134
vn -0.339898 0.887352 0.311569
vn 0.194644 0.828892 0.524454
vn -0.296556 0.913921 0.277134
vn -0.258542 0.934735 0.243777
vn 0.289198 0.809314 0.511249
vn -0.235024 0.951932 0.196444
vn -0.503325 -0.408757 -0.761303
vn -0.692352 -0.205266 -0.691747
vn -0.192137 0.967226 0.166006
vn -0.367085 0.822750 0.433970
vn -0.086272 0.803818 0.588586
vn -0.035350 0.788677 0.613791
vn -0.359898 0.819805 0.445413
vn 0.376247 0.832401 0.406875
vn 0.404541 0.785287 0.468691
vn -0.192137 0.967226 0.166006
vn -0.154658 0.981011 0.117043
vn -0.806412 0.150599 -0.571856
vn -0.154658 0.981011 0.117043
vn -0.192137 0.967226 0.166006
vn -0.692352 -0.205266 -0.691747
vn -0.384984 0.834013 0.395233
vn -0.120375 0.826142 0.550454
vn -0.112878 0.815840 0.567154
vn -0.362016 0.828972 0.426322
vn -0.803326 0.364484 -0.470976
vn -0.766692 0.238856 -0.595929
vn -0.382120 0.861531 0.334287
vn -0.364988 0.849210 0.381610
vn 0.103648 0.993898 -0.037737
vn 0.429001 0.885835 0.176790
vn 0.440528 0.861594 0.252172
vn 0.065454 0.997591 0.023000
vn -0.766692 0.238856 -0.595929
vn -0.577386 -0.098108 -0.810556
vn -0.339898 0.887352 0.311569
vn -0.382120 0.861531 0.334287
vn -0.017144 0.841272 0.540340
vn -0.382120 0.861531 0.334287
vn -0.339898 0.887352 0.311569
vn 0.058077 0.845562 0.530709
vn -0.798529 0.572546 -0.185856
vn -0.803326 0.364484 -0.470976
vn -0.364988 0.849210 0.381610
vn -0.384984 0.834013 0.395233
vn 0.485157 0.809357 0.331005
vn 0.038640 0.997093 0.065678
vn 0.065454 0.997591 0.023000
vn 0.440528 0.861594 0.252172
vn 0.382096 0.920675 0.079751
vn 0.429001 0.885835 0.176790
vn 0.103648 0.993898 -0.037737
vn 0.133775 0.987300 -0.085690
vn -0.382120 0.861531 0.334287
vn -0.017144 0.841272 0.540340
vn -0.095941 0.837098 0.538575
vn -0.364988 0.849210 0.381610
vn 0.309370 0.824933 0.473049
vn -0.235024 0.951932 0.196444
vn -0.192137 0.967226 0.166006
vn 0.404541 0.785287 0.468691
vn -0.367085 0.822750 0.433970
vn -0.722121 0.690201 0.046518
vn -0.772334 0.630345 -0.078523
vn -0.362016 0.828972 0.426322
vn -0.120375 0.826142 0.550454
vn -0.384984 0.834013 0.395233
vn -0.364988 0.849210 0.381610
vn -0.095941 0.837098 0.538575
vn -0.558421 0.762108 -0.327654
vn 0.038640 0.997093 0.065678
vn -0.116132 0.991560 0.057639
vn -0.753500 0.485524 -0.443288
vn 0.103648 0.993898 -0.037737
vn -0.289821 0.918532 -0.268894
vn -0.186186 0.942677 -0.276938
vn 0.133775 0.987300 -0.085690
vn -0.154658 0.981011 0.117043
vn -0.806412 0.150599 -0.571856
vn -0.753500 0.485524 -0.443288
vn -0.116132 0.991560 0.057639
vn 0.038640 0.997093 0.065678
vn -0.558421 0.762108 -0.327654
vn -0.426448 0.859175 -0.282773
vn 0.065454 0.997591 0.023000
vn 0.338309 0.940333 -0.036348
vn 0.179599 0.972668 -0.147180
vn 0.223268 0.953783 -0.201120
vn 0.312257 0.939251 -0.142489
vn -0.086272 0.803818 0.588586
vn -0.367085 0.822750 0.433970
vn -0.362016 0.828972 0.426322
vn -0.112878 0.815840 0.567154
vn -0.289821 0.918532 -0.268894
vn 0.103648 0.993898 -0.037737
vn 0.065454 0.997591 0.023000
vn -0.426448 0.859175 -0.282773
vn 0.338309 0.940333 -0.036348
vn 0.382096 0.920675 0.079751
vn 0.133775 0.987300 -0.085690
vn 0.179599 0.972668 -0.147180
vn 0.179599 0.972668 -0.147180
vn -0.012608 0.965763 -0.259119
vn 0.084010 0.950712 -0.298477
vn 0.223268 0.953783 -0.201120
vn -0.012608 0.965763 -0.259119
vn 0.179599 0.972668 -0.147180
vn 0.133775 0.987300 -0.085690
vn -0.186186 0.942677 -0.276938
vn 0.073604 0.758441 0.647572
vn -0.553495 0.782779 0.284429
vn -0.359898 0.819805 0.445413
vn -0.035350 0.788677 0.613791
vn 0.278941 0.922346 -0.267338
vn 0.312257 0.939251 -0.142489
vn 0.223268 0.953783 -0.201120
vn 0.084010 0.950712 -0.298477
vn -0.613224 0.759395 -0.217431
vn 0.158795 0.968637 0.191118
vn 0.124928 0.960703 0.247878
vn -0.635480 0.752214 -0.174182
vn -0.595102 0.740130 -0.313148
vn -0.596340 0.711998 -0.370726
vn 0.229390 0.973208 -0.015731
vn 0.194033 0.979210 0.059146
vn 0.506428 0.641129 0.576615
vn 0.390282 0.710059 0.586085
vn -0.023526 0.864485 0.502108
vn -0.008920 0.865977 0.500004
vn 0.110823 0.944343 0.309734
vn 0.124928 0.960703 0.247878
vn 0.579643 -0.811855 -0.070040
vn 0.693789 -0.712298 -0.106250
vn 0.579643 -0.811855 -0.070040
vn 0.124928 0.960703 0.247878
vn 0.158795 0.968637 0.191118
vn 0.602589 -0.791391 0.102892
vn 0.632771 0.547878 0.547203
vn -0.003773 0.872289 0.488976
vn 0.037330 0.872572 0.487057
vn 0.728958 0.458623 0.508218
vn 0.110823 0.944343 0.309734
vn 0.097756 0.920537 0.378228
vn -0.534355 0.844347 0.039277
vn -0.597414 0.797257 -0.086474
vn -0.091434 0.959366 -0.266940
vn 0.229390 0.973208 -0.015731
vn -0.596340 0.711998 -0.370726
vn -0.601168 0.672274 -0.432024
vn 0.884290 -0.466906 -0.005564
vn 0.097756 0.920537 0.378228
vn 0.110823 0.944343 0.309734
vn 0.693789 -0.712298 -0.106250
vn -0.597414 0.797257 -0.086474
vn -0.635480 0.752214 -0.174182
vn 0.124928 0.960703 0.247878
vn 0.110823 0.944343 0.309734
vn 0.158795 0.968637 0.191118
vn 0.166760 0.977625 0.128219
vn 0.752717 -0.577017 0.316968
vn 0.602589 -0.791391 0.102892
vn -0.008920 0.865977 0.500004
vn -0.023526 0.864485 0.502108
vn -0.568459 0.800465 0.190028
vn -0.521025 0.824613 0.220333
vn -0.595102 0.740130 -0.313148
vn 0.194033 0.979210 0.059146
vn 0.166760 0.977625 0.128219
vn -0.663481 0.689516 -0.290449
vn 0.875787 -0.157001 0.456451
vn 0.752717 -0.577017 0.316968
vn 0.166760 0.977625 0.128219
vn 0.194033 0.979210 0.059146
vn 0.037330 0.872572 0.487057
vn -0.003773 0.872289 0.488976
vn -0.488374 0.841704 0.230273
vn -0.468968 0.854064 0.225042
vn 0.924531 0.152658 0.349196
vn 0.041374 0.888650 0.456717
vn 0.095185 0.894311 0.437204
vn 0.966601 -0.028572 0.254690
vn -0.034384 0.922807 -0.383725
vn -0.067328 0.946304 -0.316189
vn -0.506250 0.731302 -0.457065
vn -0.434922 0.750635 -0.497383
vn 0.966601 -0.028572 0.254690
vn 0.095185 0.894311 0.437204
vn 0.097756 0.920537 0.378228
vn 0.884290 -0.466906 -0.005564
vn -0.507138 0.853897 0.116925
vn -0.534355 0.844347 0.039277
vn 0.097756 0.920537 0.378228
vn 0.095185 0.894311 0.437204
vn 0.728958 0.458623 0.508218
vn 0.037330 0.872572 0.487057
vn 0.041374 0.888650 0.456717
vn 0.924531 0.152658 0.349196
vn -0.601168 0.672274 -0.432024
vn -0.506250 0.731302 -0.457065
vn -0.067328 0.946304 -0.316189
vn -0.091434 0.959366 -0.266940
vn -0.319534 0.787969 -0.526311
vn -0.009277 0.900377 -0.435011
vn -0.034384 0.922807 -0.383725
vn -0.434922 0.750635 -0.497383
vn 0.095185 0.894311 0.437204
vn 0.041374 0.888650 0.456717
vn -0.468740 0.862254 0.191837
vn -0.507138 0.853897 0.116925
vn -0.613224 0.759395 -0.217431
vn -0.663481 0.689516 -0.290449
vn 0.166760 0.977625 0.128219
vn 0.158795 0.968637 0.191118
vn -0.008920 0.865977 0.500004
vn -0.003773 0.872289 0.488976
vn 0.632771 0.547878 0.547203
vn 0.506428 0.641129 0.576615
vn -0.468968 0.854064 0.225042
vn -0.468740 0.862254 0.191837
vn 0.041374 0.888650 0.456717
vn 0.037330 0.872572 0.487057
vn 0.752422 0.609251 0.250351
vn 0.865633 0.261328 0.427069
vn 0.229390 0.973208 -0.015731
vn -0.091434 0.959366 -0.266940
vn -0.034384 0.922807 -0.383725
vn -0.009277 0.900377 -0.435011
vn 0.559934 0.820970 -0.111722
vn 0.602179 0.798340 -0.005765
vn 0.194033 0.979210 0.059146
vn 0.229390 0.973208 -0.015731
vn 0.865633 0.261328 0.427069
vn 0.875787 -0.157001 0.456451
vn -0.091434 0.959366 -0.266940
vn -0.067328 0.946304 -0.316189
vn 0.671114 0.730208 0.128075
vn 0.752422 0.609251 0.250351
vn -0.188296 0.804975 -0.562636
vn -0.077256 0.796502 -0.599680
vn 0.035746 0.825335 -0.563510
vn 0.016751 0.863784 -0.503584
vn -0.521025 0.824613 0.220333
vn -0.488374 0.841704 0.230273
vn -0.003773 0.872289 0.488976
vn -0.008920 0.865977 0.500004
vn 0.602179 0.798340 -0.005765
vn 0.671114 0.730208 0.128075
vn -0.067328 0.946304 -0.316189
vn -0.034384 0.922807 -0.383725
vn -0.188296 0.804975 -0.562636
vn 0.016751 0.863784 -0.503584
vn -0.009277 0.900377 -0.435011
vn -0.319534 0.787969 -0.526311
vn 0.016751 0.863784 -0.503584
vn 0.035746 0.825335 -0.563510
vn 0.431147 0.819355 -0.377848
vn 0.453719 0.848279 -0.273059
vn 0.453719 0.848279 -0.273059
vn 0.559934 0.820970 -0.111722
vn -0.009277 0.900377 -0.435011
vn 0.016751 0.863784 -0.503584
vn -0.651459 0.750170 0.113341
vn -0.568459 0.800465 0.190028
vn -0.023526 0.864485 0.502108
vn 0.219109 0.790866 0.571422
vn 0.055645 0.770679 -0.634790
vn 0.431147 0.819355 -0.377848
vn 0.035746 0.825335 -0.563510
vn -0.077256 0.796502 -0.599680
vn -0.822278 0.466047 0.326588
vn -0.113438 0.548505 0.828416
vn -0.127710 0.512697 0.849018
vn -0.832981 0.437981 0.338106
vn -0.814652 0.514212 0.268194
vn -0.813838 0.538489 0.218395
vn -0.110070 0.678161 0.726624
vn -0.124094 0.628725 0.767662
vn 0.476888 0.324709 0.816787
vn 0.342186 0.329792 0.879856
vn -0.180307 0.360899 0.915009
vn -0.165059 0.363576 0.916825
vn -0.116917 0.477402 0.870872
vn -0.127710 0.512697 0.849018
vn 0.840204 0.205939 -0.501644
vn 0.866645 0.242566 -0.435992
vn 0.840204 0.205939 -0.501644
vn -0.127710 0.512697 0.849018
vn -0.113438 0.548505 0.828416
vn 0.882558 0.171997 -0.437617
vn 0.614507 0.321205 0.720561
vn -0.164435 0.369831 0.914432
vn -0.119185 0.375303 0.919208
vn 0.712925 0.319306 0.624325
vn -0.116917 0.477402 0.870872
vn -0.100980 0.439013 0.892788
vn -0.709934 0.412879 0.570547
vn -0.791124 0.427995 0.436970
vn -0.373834 0.730754 0.571180
vn -0.110070 0.678161 0.726624
vn -0.813838 0.538489 0.218395
vn -0.808272 0.567515 0.156921
vn 0.931505 0.276030 -0.236868
vn -0.100980 0.439013 0.892788
vn -0.116917 0.477402 0.870872
vn 0.866645 0.242566 -0.435992
vn -0.791124 0.427995 0.436970
vn -0.832981 0.437981 0.338106
vn -0.127710 0.512697 0.849018
vn -0.116917 0.477402 0.870872
vn -0.113438 0.548505 0.828416
vn -0.129109 0.585072 0.800639
vn 0.958709 0.170313 -0.227749
vn 0.882558 0.171997 -0.437617
vn -0.165059 0.363576 0.916825
vn -0.180307 0.360899 0.915009
vn -0.690700 0.343738 0.636222
vn -0.638430 0.351816 0.684567
vn -0.814652 0.514212 0.268194
vn -0.124094 0.628725 0.767662
vn -0.129109 0.585072 0.800639
vn -0.859302 0.462845 0.217660
vn 0.966899 0.231999 0.106219
vn 0.958709 0.170313 -0.227749
vn -0.129109 0.585072 0.800639
vn -0.124094 0.628725 0.767662
vn -0.119185 0.375303 0.919208
vn -0.164435 0.369831 0.914432
vn -0.605005 0.360744 0.709811
vn -0.588861 0.370313 0.718409
vn 0.898110 0.310292 0.311636
vn -0.128721 0.391608 0.911084
vn -0.076659 0.407153 0.910137
vn 0.942422 0.301475 0.144752
vn -0.337778 0.812907 0.474435
vn -0.359933 0.765065 0.533970
vn -0.739830 0.637457 0.215174
vn -0.679740 0.698843 0.222648
vn 0.942422 0.301475 0.144752
vn -0.076659 0.407153 0.910137
vn -0.100980 0.439013 0.892788
vn 0.931505 0.276030 -0.236868
vn -0.662299 0.395924 0.636085
vn -0.709934 0.412879 0.570547
vn -0.100980 0.439013 0.892788
vn -0.076659 0.407153 0.910137
vn 0.712925 0.319306 0.624325
vn -0.119185 0.375303 0.919208
vn -0.128721 0.391608 0.911084
vn 0.898110 0.310292 0.311636
vn -0.808272 0.567515 0.156921
vn -0.739830 0.637457 0.215174
vn -0.359933 0.765065 0.533970
vn -0.373834 0.730754 0.571180
vn -0.583861 0.772026 0.251160
vn -0.318204 0.848892 0.422053
vn -0.337778 0.812907 0.474435
vn -0.679740 0.698843 0.222648
vn -0.076659 0.407153 0.910137
vn -0.128721 0.391608 0.911084
vn -0.601062 0.383119 0.701388
vn -0.662299 0.395924 0.636085
vn -0.822278 0.466047 0.326588
vn -0.859302 0.462845 0.217660
vn -0.129109 0.585072 0.800639
vn -0.113438 0.548505 0.828416
vn -0.165059 0.363576 0.916825
vn -0.164435 0.369831 0.914432
vn 0.614507 0.321205 0.720561
vn 0.476888 0.324709 0.816787
vn -0.588861 0.370313 0.718409
vn -0.601062 0.383119 0.701388
vn -0.128721 0.391608 0.911084
vn -0.119185 0.375303 0.919208
vn 0.579040 0.533198 0.616775
vn 0.840271 0.353897 0.410734
vn -0.110070 0.678161 0.726624
vn -0.373834 0.730754 0.571180
vn -0.337778 0.812907 0.474435
vn -0.318204 0.848892 0.422053
vn 0.210812 0.791674 0.573421
vn 0.289969 0.722889 0.627176
vn -0.124094 0.628725 0.767662
vn -0.110070 0.678161 0.726624
vn 0.840271 0.353897 0.410734
vn 0.966899 0.231999 0.106219
vn -0.373834 0.730754 0.571180
vn -0.359933 0.765065 0.533970
vn 0.422697 0.629480 0.651983
vn 0.579040 0.533198 0.616775
vn -0.467776 0.848523 0.247374
vn -0.364051 0.908176 0.206598
vn -0.270845 0.928345 0.254597
vn -0.294011 0.893512 0.339403
vn -0.638430 0.351816 0.684567
vn -0.605005 0.360744 0.709811
vn -0.164435 0.369831 0.914432
vn -0.165059 0.363576 0.916825
vn 0.289969 0.722889 0.627176
vn 0.422697 0.629480 0.651983
vn -0.359933 0.765065 0.533970
vn -0.337778 0.812907 0.474435
vn -0.467776 0.848523 0.247374
vn -0.294011 0.893512 0.339403
vn -0.318204 0.848892 0.422053
vn -0.583861 0.772026 0.251160
vn -0.294011 0.893512 0.339403
vn -0.270845 0.928345 0.254597
vn 0.047450 0.931491 0.360657
vn 0.071350 0.876975 0.475209
vn 0.071350 0.876975 0.475209
vn 0.210812 0.791674 0.573421
vn -0.318204 0.848892 0.422053
vn -0.294011 0.893512 0.339403
vn -0.781900 0.334189 0.526260
vn -0.690700 0.343738 0.636222
vn -0.180307 0.360899 0.915009
vn 0.131557 0.340894 0.930851
vn -0.237931 0.961686 0.136193
vn 0.047450 0.931491 0.360657
vn -0.270845 0.928345 0.254597
vn -0.364051 0.908176 0.206598
vn -0.708857 0.397811 0.582467
vn -0.158208 0.406262 0.899956
vn -0.166286 0.376076 0.911546
vn -0.718526 0.370067 0.588872
vn -0.698868 0.456252 0.550834
vn -0.694351 0.494068 0.523233
vn -0.155542 0.519480 0.840206
vn -0.164152 0.474493 0.864818
vn 0.200411 0.270325 0.941679
vn 0.116294 0.260111 0.958550
vn -0.195962 0.255353 0.946781
vn -0.186906 0.257679 0.947981
vn -0.159708 0.347898 0.923829
vn -0.166286 0.376076 0.911546
vn 0.745017 0.483471 0.459571
vn 0.734730 0.471488 0.487721
vn 0.745017 0.483471 0.459571
vn -0.166286 0.376076 0.911546
vn -0.158208 0.406262 0.899956
vn 0.725364 0.483474 0.490000
vn 0.290746 0.286543 0.912885
vn -0.186604 0.262413 0.946741
vn -0.159824 0.267671 0.950162
vn 0.359964 0.303605 0.882185
vn -0.159708 0.347898 0.923829
vn -0.149929 0.317927 0.936186
vn -0.633453 0.313929 0.707238
vn -0.688165 0.344222 0.638703
vn -0.428948 0.569918 0.700855
vn -0.155542 0.519480 0.840206
vn -0.694351 0.494068 0.523233
vn -0.683196 0.543656 0.487526
vn 0.693499 0.438935 0.571310
vn -0.149929 0.317927 0.936186
vn -0.159708 0.347898 0.923829
vn 0.734730 0.471488 0.487721
vn -0.688165 0.344222 0.638703
vn -0.718526 0.370067 0.588872
vn -0.166286 0.376076 0.911546
vn -0.159708 0.347898 0.923829
vn -0.158208 0.406262 0.899956
vn -0.167268 0.436456 0.884041
vn 0.668636 0.474684 0.572364
vn 0.725364 0.483474 0.490000
vn -0.186906 0.257679 0.947981
vn -0.195962 0.255353 0.946781
vn -0.621599 0.253416 0.741212
vn -0.588113 0.255825 0.767252
vn -0.698868 0.456252 0.550834
vn -0.164152 0.474493 0.864818
vn -0.167268 0.436456 0.884041
vn -0.737451 0.421184 0.527987
vn 0.557473 0.472327 0.682738
vn 0.668636 0.474684 0.572364
vn -0.167268 0.436456 0.884041
vn -0.164152 0.474493 0.864818
vn -0.159824 0.267671 0.950162
vn -0.186604 0.262413 0.946741
vn -0.567214 0.260741 0.781206
vn -0.557255 0.267294 0.786143
vn 0.522053 0.351689 0.777030
vn -0.165671 0.279980 0.945603
vn -0.135186 0.293880 0.946234
vn 0.583801 0.380760 0.717077
vn -0.404938 0.655440 0.637514
vn -0.419894 0.604417 0.677030
vn -0.631285 0.583726 0.510631
vn -0.586934 0.632046 0.505991
vn 0.583801 0.380760 0.717077
vn -0.135186 0.293880 0.946234
vn -0.149929 0.317927 0.936186
vn 0.693499 0.438935 0.571310
vn -0.602988 0.293768 0.741691
vn -0.633453 0.313929 0.707238
vn -0.149929 0.317927 0.936186
vn -0.135186 0.293880 0.946234
vn 0.359964 0.303605 0.882185
vn -0.159824 0.267671 0.950162
vn -0.165671 0.279980 0.945603
vn 0.522053 0.351689 0.777030
vn -0.683196 0.543656 0.487526
vn -0.631285 0.583726 0.510631
vn -0.419894 0.604417 0.677030
vn -0.428948 0.569918 0.700855
vn -0.526147 0.679492 0.511332
vn -0.391229 0.696561 0.601450
vn -0.404938 0.655440 0.637514
vn -0.586934 0.632046 0.505991
vn -0.135186 0.293880 0.946234
vn -0.165671 0.279980 0.945603
vn -0.564757 0.278290 0.776919
vn -0.602988 0.293768 0.741691
vn -0.708857 0.397811 0.582467
vn -0.737451 0.421184 0.527987
vn -0.167268 0.436456 0.884041
vn -0.158208 0.406262 0.899956
vn -0.186906 0.257679 0.947981
vn -0.186604 0.262413 0.946741
vn 0.290746 0.286543 0.912885
vn 0.200411 0.270325 0.941679
vn -0.557255 0.267294 0.786143
vn -0.564757 0.278290 0.776919
vn -0.165671 0.279980 0.945603
vn -0.159824 0.267671 0.950162
vn 0.229777 0.540286 0.809502
vn 0.411463 0.491565 0.767504
vn -0.155542 0.519480 0.840206
vn -0.428948 0.569918 0.700855
vn -0.404938 0.655440 0.637514
vn -0.391229 0.696561 0.601450
vn 0.020472 0.680259 0.732686
vn 0.062224 0.629650 0.774383
vn -0.164152 0.474493 0.864818
vn -0.155542 0.519480 0.840206
vn 0.411463 0.491565 0.767504
vn 0.557473 0.472327 0.682738
vn -0.428948 0.569918 0.700855
vn -0.419894 0.604417 0.677030
vn 0.136830 0.576469 0.805581
vn 0.229777 0.540286 0.809502
vn -0.456020 0.739865 0.494617
vn -0.393853 0.799684 0.453195
vn -0.351663 0.804598 0.478492
vn -0.372029 0.753360 0.542257
vn -0.588113 0.255825 0.767252
vn -0.567214 0.260741 0.781206
vn -0.186604 0.262413 0.946741
vn -0.186906 0.257679 0.947981
vn 0.062224 0.629650 0.774383
vn 0.136830 0.576469 0.805581
vn -0.419894 0.604417 0.677030
vn -0.404938 0.655440 0.637514
vn -0.456020 0.739865 0.494617
vn -0.372029 0.753360 0.542257
vn -0.391229 0.696561 0.601450
vn -0.526147 0.679492 0.511332
vn -0.372029 0.753360 0.542257
vn -0.351663 0.804598 0.478492
vn -0.048374 0.810655 0.583522
vn -0.046617 0.744358 0.666152
vn -0.046617 0.744358 0.666152
vn 0.020472 0.680259 0.732686
vn -0.391229 0.696561 0.601450
vn -0.372029 0.753360 0.542257
vn -0.683414 0.255759 0.683764
vn -0.621599 0.253416 0.741212
vn -0.195962 0.255353 0.946781
vn -0.010789 0.253002 0.967406
vn -0.320334 0.865856 0.384291
vn -0.048374 0.810655 0.583522
vn -0.351663 0.804598 0.478492
vn -0.393853 0.799684 0.453195
vn 0.381325 0.803754 0.456696
vn 0.378681 0.782043 0.494984
vn -0.170757 0.870428 0.461732
vn -0.166442 0.893789 0.416460
vn 0.413257 0.829628 0.375415
vn -0.124358 0.937087 0.326195
vn -0.110822 0.958302 0.263394
vn 0.442836 0.836047 0.323918
vn -0.634074 0.654114 0.412415
vn -0.198100 0.742182 0.640252
vn -0.187954 0.738785 0.647202
vn -0.548507 0.680973 0.485198
vn -0.191879 0.845020 0.499123
vn -0.799828 0.020973 -0.599862
vn -0.777907 -0.058183 -0.625680
vn -0.170757 0.870428 0.461732
vn -0.777907 -0.058183 -0.625680
vn -0.832076 -0.043904 -0.552921
vn -0.166442 0.893789 0.416460
vn -0.170757 0.870428 0.461732
vn -0.719481 0.617899 0.317092
vn -0.778739 0.583956 0.229260
vn -0.226936 0.755052 0.615140
vn -0.196451 0.748696 0.633136
vn -0.191879 0.845020 0.499123
vn 0.302558 0.785557 0.539776
vn 0.187938 0.784700 0.590699
vn -0.217178 0.814373 0.538173
vn 0.014351 0.976125 0.216736
vn 0.477525 0.839022 0.260790
vn 0.442836 0.836047 0.323918
vn -0.110822 0.958302 0.263394
vn -0.871139 0.173022 -0.459544
vn -0.799828 0.020973 -0.599862
vn -0.191879 0.845020 0.499123
vn -0.217178 0.814373 0.538173
vn 0.302558 0.785557 0.539776
vn -0.191879 0.845020 0.499123
vn -0.170757 0.870428 0.461732
vn 0.378681 0.782043 0.494984
vn -0.166442 0.893789 0.416460
vn -0.832076 -0.043904 -0.552921
vn -0.912366 0.103220 -0.396149
vn -0.140131 0.914876 0.378635
vn -0.198100 0.742182 0.640252
vn 0.085218 0.729356 0.678806
vn 0.138183 0.717613 0.682596
vn -0.187954 0.738785 0.647202
vn 0.413257 0.829628 0.375415
vn 0.461344 0.784325 0.414724
vn -0.140131 0.914876 0.378635
vn -0.124358 0.937087 0.326195
vn -0.914220 0.354263 -0.196720
vn -0.124358 0.937087 0.326195
vn -0.140131 0.914876 0.378635
vn -0.912366 0.103220 -0.396149
vn -0.226936 0.755052 0.615140
vn 0.042172 0.750034 0.660053
vn 0.054602 0.739916 0.670479
vn -0.196451 0.748696 0.633136
vn -0.888302 0.458287 -0.029858
vn -0.908846 0.383996 -0.162930
vn -0.245492 0.786256 0.567041
vn -0.214570 0.771102 0.599468
vn 0.037543 0.994144 0.101330
vn 0.375151 0.914153 0.153574
vn 0.410950 0.886147 0.214157
vn 0.023784 0.985201 0.169746
vn -0.908846 0.383996 -0.162930
vn -0.871139 0.173022 -0.459544
vn -0.217178 0.814373 0.538173
vn -0.245492 0.786256 0.567041
vn 0.127015 0.772854 0.621743
vn -0.245492 0.786256 0.567041
vn -0.217178 0.814373 0.538173
vn 0.187938 0.784700 0.590699
vn -0.778739 0.583956 0.229260
vn -0.888302 0.458287 -0.029858
vn -0.214570 0.771102 0.599468
vn -0.226936 0.755052 0.615140
vn 0.477525 0.839022 0.260790
vn 0.014351 0.976125 0.216736
vn 0.023784 0.985201 0.169746
vn 0.410950 0.886147 0.214157
vn 0.303998 0.948437 0.089738
vn 0.375151 0.914153 0.153574
vn 0.037543 0.994144 0.101330
vn 0.048629 0.997752 0.046110
vn -0.245492 0.786256 0.567041
vn 0.127015 0.772854 0.621743
vn 0.058867 0.762772 0.643983
vn -0.214570 0.771102 0.599468
vn 0.381325 0.803754 0.456696
vn -0.166442 0.893789 0.416460
vn -0.140131 0.914876 0.378635
vn 0.461344 0.784325 0.414724
vn -0.198100 0.742182 0.640252
vn -0.634074 0.654114 0.412415
vn -0.719481 0.617899 0.317092
vn -0.196451 0.748696 0.633136
vn 0.042172 0.750034 0.660053
vn -0.226936 0.755052 0.615140
vn -0.214570 0.771102 0.599468
vn 0.058867 0.762772 0.643983
vn -0.593067 0.804441 0.033861
vn 0.014351 0.976125 0.216736
vn -0.110822 0.958302 0.263394
vn -0.802189 0.595049 -0.049088
vn 0.037543 0.994144 0.101330
vn -0.348554 0.937047 0.021261
vn -0.264200 0.964291 -0.018443
vn 0.048629 0.997752 0.046110
vn -0.124358 0.937087 0.326195
vn -0.914220 0.354263 -0.196720
vn -0.802189 0.595049 -0.049088
vn -0.110822 0.958302 0.263394
vn 0.014351 0.976125 0.216736
vn -0.593067 0.804441 0.033861
vn -0.467635 0.882734 0.045816
vn 0.023784 0.985201 0.169746
vn 0.231783 0.972756 0.004664
vn 0.069115 0.997174 -0.029447
vn 0.090259 0.990980 -0.099055
vn 0.179556 0.980273 -0.082605
vn 0.085218 0.729356 0.678806
vn -0.198100 0.742182 0.640252
vn -0.196451 0.748696 0.633136
vn 0.054602 0.739916 0.670479
vn -0.348554 0.937047 0.021261
vn 0.037543 0.994144 0.101330
vn 0.023784 0.985201 0.169746
vn -0.467635 0.882734 0.045816
vn 0.231783 0.972756 0.004664
vn 0.303998 0.948437 0.089738
vn 0.048629 0.997752 0.046110
vn 0.069115 0.997174 -0.029447
vn 0.069115 0.997174 -0.029447
vn -0.116542 0.991330 -0.060684
vn -0.047995 0.989545 -0.136005
vn 0.090259 0.990980 -0.099055
vn -0.116542 0.991330 -0.060684
vn 0.069115 0.997174 -0.029447
vn 0.048629 0.997752 0.046110
vn -0.264200 0.964291 -0.018443
vn 0.244674 0.696970 0.674068
vn -0.409241 0.713123 0.569191
vn -0.187954 0.738785 0.647202
vn 0.138183 0.717613 0.682596
vn 0.118275 0.975029 -0.187960
vn 0.179556 0.980273 -0.082605
vn 0.090259 0.990980 -0.099055
vn -0.047995 0.989545 -0.136005
vn 0.639098 0.700554 0.317455
vn 0.640257 0.682268 0.352961
vn -0.207668 0.880008 0.427152
vn -0.210330 0.902435 0.375996
vn 0.666646 0.707124 0.235710
vn -0.172905 0.946815 0.271378
vn -0.166857 0.965424 0.200290
vn 0.694355 0.695651 0.184233
vn -0.757956 0.551593 0.348205
vn -0.210483 0.747814 0.629659
vn -0.196648 0.745509 0.636825
vn -0.654854 0.611797 0.443701
vn -0.227612 0.852457 0.470648
vn -0.387004 -0.487407 -0.782728
vn -0.295115 -0.582991 -0.756987
vn -0.207668 0.880008 0.427152
vn -0.295115 -0.582991 -0.756987
vn -0.404113 -0.625588 -0.667332
vn -0.210330 0.902435 0.375996
vn -0.207668 0.880008 0.427152
vn -0.853812 0.471404 0.220869
vn -0.912501 0.395674 0.103842
vn -0.250724 0.757560 0.602695
vn -0.209673 0.754784 0.621561
vn -0.227612 0.852457 0.470648
vn 0.556654 0.716192 0.420957
vn 0.425194 0.749639 0.507200
vn -0.252322 0.818612 0.515955
vn 0.143439 0.979170 0.143704
vn 0.726121 0.676021 0.125477
vn 0.694355 0.695651 0.184233
vn -0.166857 0.965424 0.200290
vn -0.634737 -0.310816 -0.707462
vn -0.387004 -0.487407 -0.782728
vn -0.227612 0.852457 0.470648
vn -0.252322 0.818612 0.515955
vn 0.556654 0.716192 0.420957
vn -0.227612 0.852457 0.470648
vn -0.207668 0.880008 0.427152
vn 0.640257 0.682268 0.352961
vn -0.210330 0.902435 0.375996
vn -0.404113 -0.625588 -0.667332
vn -0.680763 -0.522596 -0.513279
vn -0.183649 0.925440 0.331411
vn -0.210483 0.747814 0.629659
vn 0.311846 0.713317 0.627640
vn 0.377433 0.691478 0.615957
vn -0.196648 0.745509 0.636825
vn 0.666646 0.707124 0.235710
vn 0.724898 0.640192 0.254315
vn -0.183649 0.925440 0.331411
vn -0.172905 0.946815 0.271378
vn -0.939556 -0.195349 -0.281201
vn -0.172905 0.946815 0.271378
vn -0.183649 0.925440 0.331411
vn -0.680763 -0.522596 -0.513279
vn -0.250724 0.757560 0.602695
vn 0.255516 0.742332 0.619398
vn 0.272639 0.729583 0.627198
vn -0.209673 0.754784 0.621561
vn -0.959305 0.147514 -0.240776
vn -0.915906 0.004797 -0.401365
vn -0.282334 0.786348 0.549494
vn -0.238131 0.775554 0.584646
vn 0.152153 0.988227 0.015997
vn 0.591505 0.805293 0.040318
vn 0.643277 0.759919 0.093371
vn 0.146977 0.984907 0.091409
vn -0.915906 0.004797 -0.401365
vn -0.634737 -0.310816 -0.707462
vn -0.252322 0.818612 0.515955
vn -0.282334 0.786348 0.549494
vn 0.354808 0.751252 0.556536
vn -0.282334 0.786348 0.549494
vn -0.252322 0.818612 0.515955
vn 0.425194 0.749639 0.507200
vn -0.912501 0.395674 0.103842
vn -0.959305 0.147514 -0.240776
vn -0.238131 0.775554 0.584646
vn -0.250724 0.757560 0.602695
vn 0.726121 0.676021 0.125477
vn 0.143439 0.979170 0.143704
vn 0.146977 0.984907 0.091409
vn 0.643277 0.759919 0.093371
vn 0.493557 0.869524 -0.018183
vn 0.591505 0.805293 0.040318
vn 0.152153 0.988227 0.015997
vn 0.156225 0.986731 -0.044229
vn -0.282334 0.786348 0.549494
vn 0.354808 0.751252 0.556536
vn 0.273729 0.753225 0.598100
vn -0.238131 0.775554 0.584646
vn 0.639098 0.700554 0.317455
vn -0.210330 0.902435 0.375996
vn -0.183649 0.925440 0.331411
vn 0.724898 0.640192 0.254315
vn -0.210483 0.747814 0.629659
vn -0.757956 0.551593 0.348205
vn -0.853812 0.471404 0.220869
vn -0.209673 0.754784 0.621561
vn 0.255516 0.742332 0.619398
vn -0.250724 0.757560 0.602695
vn -0.238131 0.775554 0.584646
vn 0.273729 0.753225 0.598100
vn -0.795867 0.605413 0.008463
vn 0.143439 0.979170 0.143704
vn -0.166857 0.965424 0.200290
vn -0.973173 0.212259 -0.088777
vn 0.152153 0.988227 0.015997
vn -0.516819 0.855704 -0.025857
vn -0.418785 0.904723 -0.078078
vn 0.156225 0.986731 -0.044229
vn -0.172905 0.946815 0.271378
vn -0.939556 -0.195349 -0.281201
vn -0.973173 0.212259 -0.088777
vn -0.166857 0.965424 0.200290
vn 0.143439 0.979170 0.143704
vn -0.795867 0.605413 0.008463
vn -0.655375 0.755209 0.011998
vn 0.146977 0.984907 0.091409
vn 0.387126 0.916486 -0.100934
vn 0.168774 0.977573 -0.125966
vn 0.183248 0.962486 -0.200102
vn 0.303544 0.934093 -0.187969
vn 0.311846 0.713317 0.627640
vn -0.210483 0.747814 0.629659
vn -0.209673 0.754784 0.621561
vn 0.272639 0.729583 0.627198
vn -0.516819 0.855704 -0.025857
vn 0.152153 0.988227 0.015997
vn 0.146977 0.984907 0.091409
vn -0.655375 0.755209 0.011998
vn 0.387126 0.916486 -0.100934
vn 0.493557 0.869524 -0.018183
vn 0.156225 0.986731 -0.044229
vn 0.168774 0.977573 -0.125966
vn 0.168774 0.977573 -0.125966
vn -0.235903 0.960886 -0.145080
vn -0.160281 0.959281 -0.232574
vn 0.183248 0.962486 -0.200102
vn -0.235903 0.960886 -0.145080
vn 0.168774 0.977573 -0.125966
vn 0.156225 0.986731 -0.044229
vn -0.418785 0.904723 -0.078078
vn 0.504335 0.647030 0.571838
vn -0.480355 0.682864 0.550414
vn -0.196648 0.745509 0.636825
vn 0.377433 0.691478 0.615957
vn 0.202938 0.934382 -0.292825
vn 0.303544 0.934093 -0.187969
vn 0.183248 0.962486 -0.200102
vn -0.160281 0.959281 -0.232574
vn 0.615737 0.532920 0.580400
vn 0.620187 0.504288 0.600884
vn -0.202255 0.612380 0.764253
vn -0.206336 0.649423 0.731899
vn 0.637131 0.575417 0.512796
vn -0.167127 0.729354 0.663409
vn -0.161483 0.776444 0.609146
vn 0.660888 0.592332 0.460836
vn -0.783413 0.376517 0.494469
vn -0.198602 0.449902 0.870716
vn -0.182884 0.446770 0.875757
vn -0.680473 0.394414 0.617571
vn -0.223228 0.575104 0.787035
vn -0.446590 0.073137 -0.891745
vn -0.374924 0.014789 -0.926938
vn -0.202255 0.612380 0.764253
vn -0.374924 0.014789 -0.926938
vn -0.460189 -0.032046 -0.887242
vn -0.206336 0.649423 0.731899
vn -0.202255 0.612380 0.764253
vn -0.872524 0.355233 0.335429
vn -0.921735 0.336222 0.193284
vn -0.244461 0.463157 0.851895
vn -0.198037 0.456927 0.867178
vn -0.223228 0.575104 0.787035
vn 0.533275 0.503959 0.679443
vn 0.392023 0.497992 0.773513
vn -0.249348 0.533690 0.808084
vn 0.067504 0.824328 0.562073
vn 0.686484 0.610039 0.395718
vn 0.660888 0.592332 0.460836
vn -0.161483 0.776444 0.609146
vn -0.643226 0.144170 -0.751981
vn -0.446590 0.073137 -0.891745
vn -0.223228 0.575104 0.787035
vn -0.249348 0.533690 0.808084
vn 0.533275 0.503959 0.679443
vn -0.223228 0.575104 0.787035
vn -0.202255 0.612380 0.764253
vn 0.620187 0.504288 0.600884
vn -0.206336 0.649423 0.731899
vn -0.460189 -0.032046 -0.887242
vn -0.678774 -0.021017 -0.734046
vn -0.177842 0.686364 0.705178
vn -0.198602 0.449902 0.870716
vn 0.269347 0.434714 0.859346
vn 0.342622 0.423423 0.838644
vn -0.182884 0.446770 0.875757
vn 0.637131 0.575417 0.512796
vn 0.702733 0.514197 0.491699
vn -0.177842 0.686364 0.705178
vn -0.167127 0.729354 0.663409
vn -0.901376 0.097646 -0.421885
vn -0.167127 0.729354 0.663409
vn -0.177842 0.686364 0.705178
vn -0.678774 -0.021017 -0.734046
vn -0.244461 0.463157 0.851895
vn 0.205550 0.456779 0.865507
vn 0.225175 0.445724 0.866387
vn -0.198037 0.456927 0.867178
vn -0.939123 0.273703 -0.207689
vn -0.888786 0.234257 -0.393932
vn -0.281522 0.498579 0.819856
vn -0.231192 0.481457 0.845429
vn 0.077187 0.893914 0.441542
vn 0.533822 0.755080 0.380641
vn 0.594219 0.692075 0.409800
vn 0.071267 0.854273 0.514916
vn -0.888786 0.234257 -0.393932
vn -0.643226 0.144170 -0.751981
vn -0.249348 0.533690 0.808084
vn -0.281522 0.498579 0.819856
vn 0.315188 0.482747 0.817075
vn -0.281522 0.498579 0.819856
vn -0.249348 0.533690 0.808084
vn 0.392023 0.497992 0.773513
vn -0.921735 0.336222 0.193284
vn -0.939123 0.273703 -0.207689
vn -0.231192 0.481457 0.845429
vn -0.244461 0.463157 0.851895
vn 0.686484 0.610039 0.395718
vn 0.067504 0.824328 0.562073
vn 0.071267 0.854273 0.514916
vn 0.594219 0.692075 0.409800
vn 0.427362 0.832370 0.352878
vn 0.533822 0.755080 0.380641
vn 0.077187 0.893914 0.441542
vn 0.082202 0.921885 0.378643
vn -0.281522 0.498579 0.819856
vn 0.315188 0.482747 0.817075
vn 0.225351 0.470853 0.852945
vn -0.231192 0.481457 0.845429
vn 0.615737 0.532920 0.580400
vn -0.206336 0.649423 0.731899
vn -0.177842 0.686364 0.705178
vn 0.702733 0.514197 0.491699
vn -0.198602 0.449902 0.870716
vn -0.783413 0.376517 0.494469
vn -0.872524 0.355233 0.335429
vn -0.198037 0.456927 0.867178
vn 0.205550 0.456779 0.865507
vn -0.244461 0.463157 0.851895
vn -0.231192 0.481457 0.845429
vn 0.225351 0.470853 0.852945
vn -0.796988 0.560533 0.224972
vn 0.067504 0.824328 0.562073
vn -0.161483 0.776444 0.609146
vn -0.951039 0.300267 -0.073243
vn 0.077187 0.893914 0.441542
vn -0.515015 0.789577 0.333658
vn -0.411693 0.858164 0.306697
vn 0.082202 0.921885 0.378643
vn -0.167127 0.729354 0.663409
vn -0.901376 0.097646 -0.421885
vn -0.951039 0.300267 -0.073243
vn -0.161483 0.776444 0.609146
vn 0.067504 0.824328 0.562073
vn -0.796988 0.560533 0.224972
vn -0.658298 0.684239 0.313784
vn 0.071267 0.854273 0.514916
vn 0.315039 0.904872 0.286280
vn 0.096566 0.953388 0.285879
vn 0.112907 0.974351 0.194657
vn 0.230678 0.953186 0.195508
vn 0.269347 0.434714 0.859346
vn -0.198602 0.449902 0.870716
vn -0.198037 0.456927 0.867178
vn 0.225175 0.445724 0.866387
vn -0.515015 0.789577 0.333658
vn 0.077187 0.893914 0.441542
vn 0.071267 0.854273 0.514916
vn -0.658298 0.684239 0.313784
vn 0.315039 0.904872 0.286280
vn 0.427362 0.832370 0.352878
vn 0.082202 0.921885 0.378643
vn 0.096566 0.953388 0.285879
vn 0.096566 0.953388 0.285879
vn -0.225658 0.938103 0.262759
vn -0.147880 0.975705 0.161650
vn 0.112907 0.974351 0.194657
vn -0.225658 0.938103 0.262759
vn 0.096566 0.953388 0.285879
vn 0.082202 0.921885 0.378643
vn -0.411693 0.858164 0.306697
vn 0.482431 0.405939 0.776192
vn -0.496545 0.419230 0.760059
vn -0.182884 0.446770 0.875757
vn 0.342622 0.423423 0.838644
vn 0.135125 0.988251 0.071420
vn 0.230678 0.953186 0.195508
vn 0.112907 0.974351 0.194657
vn -0.147880 0.975705 0.161650
vn 0.644893 0.536047 0.544764
vn 0.657317 0.502855 0.561312
vn 0.038641 0.538848 0.841517
vn 0.028649 0.575171 0.817531
vn 0.633103 0.599567 0.489591
vn 0.033505 0.654174 0.755602
vn 0.022939 0.702887 0.710932
vn 0.629097 0.636938 0.445586
vn -0.368916 0.370977 0.852219
vn 0.065732 0.386286 0.920034
vn 0.076208 0.383025 0.920589
vn -0.276205 0.368485 0.887654
vn 0.032077 0.503610 0.863335
vn -0.887676 0.438296 0.141168
vn -0.895934 0.432953 0.099270
vn 0.038641 0.538848 0.841517
vn -0.895934 0.432953 0.099270
vn -0.890382 0.431527 0.144928
vn 0.028649 0.575171 0.817531
vn 0.038641 0.538848 0.841517
vn -0.467090 0.377146 0.799743
vn -0.540960 0.385294 0.747604
vn 0.034483 0.399246 0.916195
vn 0.065243 0.392676 0.917360
vn 0.032077 0.503610 0.863335
vn 0.619924 0.479284 0.621274
vn 0.553606 0.450553 0.700373
vn 0.021887 0.465120 0.884977
vn 0.305426 0.754203 0.581286
vn 0.619420 0.682878 0.387294
vn 0.629097 0.636938 0.445586
vn 0.022939 0.702887 0.710932
vn -0.860115 0.434848 0.266664
vn -0.887676 0.438296 0.141168
vn 0.032077 0.503610 0.863335
vn 0.021887 0.465120 0.884977
vn 0.619924 0.479284 0.621274
vn 0.032077 0.503610 0.863335
vn 0.038641 0.538848 0.841517
vn 0.657317 0.502855 0.561312
vn 0.028649 0.575171 0.817531
vn -0.890382 0.431527 0.144928
vn -0.852897 0.446239 0.270994
vn 0.037980 0.610983 0.790732
vn 0.065732 0.386286 0.920034
vn 0.500946 0.379433 0.777871
vn 0.541853 0.373248 0.753048
vn 0.076208 0.383025 0.920589
vn 0.633103 0.599567 0.489591
vn 0.681631 0.552508 0.479702
vn 0.037980 0.610983 0.790732
vn 0.033505 0.654174 0.755602
vn -0.751827 0.492378 0.438543
vn 0.033505 0.654174 0.755602
vn 0.037980 0.610983 0.790732
vn -0.852897 0.446239 0.270994
vn 0.034483 0.399246 0.916195
vn 0.463178 0.396742 0.792504
vn 0.475451 0.387395 0.789855
vn 0.065243 0.392676 0.917360
vn -0.707457 0.404200 0.579765
vn -0.766947 0.417311 0.487488
vn 0.005813 0.433258 0.901251
vn 0.040824 0.415811 0.908534
vn 0.279085 0.833093 0.477564
vn 0.504682 0.782877 0.363867
vn 0.555876 0.733012 0.392039
vn 0.295214 0.787366 0.541206
vn -0.766947 0.417311 0.487488
vn -0.860115 0.434848 0.266664
vn 0.021887 0.465120 0.884977
vn 0.005813 0.433258 0.901251
vn 0.517366 0.428087 0.740995
vn 0.005813 0.433258 0.901251
vn 0.021887 0.465120 0.884977
vn 0.553606 0.450553 0.700373
vn -0.540960 0.385294 0.747604
vn -0.707457 0.404200 0.579765
vn 0.040824 0.415811 0.908534
vn 0.034483 0.399246 0.916195
vn 0.619420 0.682878 0.387294
vn 0.305426 0.754203 0.581286
vn 0.295214 0.787366 0.541206
vn 0.555876 0.733012 0.392039
vn 0.432933 0.832725 0.345165
vn 0.504682 0.782877 0.363867
vn 0.279085 0.833093 0.477564
vn 0.264915 0.867045 0.421963
vn 0.005813 0.433258 0.901251
vn 0.517366 0.428087 0.740995
vn 0.471786 0.410826 0.780153
vn 0.040824 0.415811 0.908534
vn 0.644893 0.536047 0.544764
vn 0.028649 0.575171 0.817531
vn 0.037980 0.610983 0.790732
vn 0.681631 0.552508 0.479702
vn 0.065732 0.386286 0.920034
vn -0.368916 0.370977 0.852219
vn -0.467090 0.377146 0.799743
vn 0.065243 0.392676 0.917360
vn 0.463178 0.396742 0.792504
vn 0.034483 0.399246 0.916195
vn 0.040824 0.415811 0.908534
vn 0.471786 0.410826 0.780153
vn -0.405237 0.669246 0.622811
vn 0.305426 0.754203 0.581286
vn 0.022939 0.702887 0.710932
vn -0.601071 0.566523 0.563707
vn 0.279085 0.833093 0.477564
vn -0.222896 0.788954 0.572599
vn -0.176594 0.839351 0.514106
vn 0.264915 0.867045 0.421963
vn 0.033505 0.654174 0.755602
vn -0.751827 0.492378 0.438543
vn -0.601071 0.566523 0.563707
vn 0.022939 0.702887 0.710932
vn 0.305426 0.754203 0.581286
vn -0.405237 0.669246 0.622811
vn -0.304151 0.725704 0.617127
vn 0.295214 0.787366 0.541206
vn 0.352767 0.886943 0.298139
vn 0.246902 0.908705 0.336593
vn 0.229493 0.940624 0.250120
vn 0.284561 0.931072 0.228320
vn 0.500946 0.379433 0.777871
vn 0.065732 0.386286 0.920034
vn 0.065243 0.392676 0.917360
vn 0.475451 0.387395 0.789855
vn -0.222896 0.788954 0.572599
vn 0.279085 0.833093 0.477564
vn 0.295214 0.787366 0.541206
vn -0.304151 0.725704 0.617127
vn 0.352767 0.886943 0.298139
vn 0.432933 0.832725 0.345165
vn 0.264915 0.867045 0.421963
vn 0.246902 0.908705 0.336593
vn 0.246902 0.908705 0.336593
vn -0.097517 0.898702 0.427581
vn -0.088204 0.943718 0.318774
vn 0.229493 0.940624 0.250120
vn -0.097517 0.898702 0.427581
vn 0.246902 0.908705 0.336593
vn 0.264915 0.867045 0.421963
vn -0.176594 0.839351 0.514106
vn 0.617785 0.368965 0.694411
vn -0.134119 0.371332 0.918762
vn 0.076208 0.383025 0.920589
vn 0.541853 0.373248 0.753048
vn 0.204881 0.970086 0.130220
vn 0.284561 0.931072 0.228320
vn 0.229493 0.940624 0.250120
vn -0.088204 0.943718 0.318774
vn 0.669583 0.675658 0.308457
vn 0.677816 0.653215 0.337453
vn -0.148245 0.800483 0.580733
vn -0.158340 0.826565 0.540111
vn 0.675812 0.699746 0.231587
vn -0.143464 0.881435 0.449990
vn -0.149799 0.908784 0.389451
vn 0.687998 0.703525 0.178077
vn -0.635321 0.524807 0.566521
vn -0.119914 0.664253 0.737827
vn -0.107019 0.662095 0.741740
vn -0.529899 0.562848 0.634358
vn -0.158475 0.770601 0.617300
vn -0.797815 -0.125954 -0.589599
vn -0.752154 -0.207422 -0.625492
vn -0.148245 0.800483 0.580733
vn -0.752154 -0.207422 -0.625492
vn -0.810481 -0.230420 -0.538541
vn -0.158340 0.826565 0.540111
vn -0.148245 0.800483 0.580733
vn -0.742281 0.476771 0.470859
vn -0.817838 0.433253 0.378726
vn -0.158314 0.673930 0.721634
vn -0.120448 0.670985 0.731622
vn -0.158475 0.770601 0.617300
vn 0.619439 0.667535 0.413150
vn 0.523755 0.680935 0.511868
vn -0.172610 0.735394 0.655287
vn 0.230522 0.933452 0.274821
vn 0.701150 0.703916 0.113534
vn 0.687998 0.703525 0.178077
vn -0.149799 0.908784 0.389451
vn -0.907630 0.009344 -0.419668
vn -0.797815 -0.125954 -0.589599
vn -0.158475 0.770601 0.617300
vn -0.172610 0.735394 0.655287
vn 0.619439 0.667535 0.413150
vn -0.158475 0.770601 0.617300
vn -0.148245 0.800483 0.580733
vn 0.677816 0.653215 0.337453
vn -0.158340 0.826565 0.540111
vn -0.810481 -0.230420 -0.538541
vn -0.933523 -0.134990 -0.332134
vn -0.142943 0.853682 0.500793
vn -0.119914 0.664253 0.737827
vn 0.448101 0.635383 0.628882
vn 0.501509 0.618086 0.605358
vn -0.107019 0.662095 0.741740
vn 0.675812 0.699746 0.231587
vn 0.730435 0.642416 0.231878
vn -0.142943 0.853682 0.500793
vn -0.143464 0.881435 0.449990
vn -0.993581 0.100624 -0.051680
vn -0.143464 0.881435 0.449990
vn -0.142943 0.853682 0.500793
vn -0.933523 -0.134990 -0.332134
vn -0.158314 0.673930 0.721634
vn 0.399430 0.661177 0.635060
vn 0.415046 0.649405 0.637189
vn -0.120448 0.670985 0.731622
vn -0.952843 0.290574 0.087507
vn -0.975716 0.208860 -0.065997
vn -0.193193 0.703168 0.684274
vn -0.150269 0.691482 0.706592
vn 0.216538 0.963132 0.159647
vn 0.571008 0.817395 0.076261
vn 0.624732 0.773064 0.109918
vn 0.224843 0.947267 0.228320
vn -0.975716 0.208860 -0.065997
vn -0.907630 0.009344 -0.419668
vn -0.172610 0.735394 0.655287
vn -0.193193 0.703168 0.684274
vn 0.472822 0.675597 0.565692
vn -0.193193 0.703168 0.684274
vn -0.172610 0.735394 0.655287
vn 0.523755 0.680935 0.511868
vn -0.817838 0.433253 0.378726
vn -0.952843 0.290574 0.087507
vn -0.150269 0.691482 0.706592
vn -0.158314 0.673930 0.721634
vn 0.701150 0.703916 0.113534
vn 0.230522 0.933452 0.274821
vn 0.224843 0.947267 0.228320
vn 0.624732 0.773064 0.109918
vn 0.480623 0.875505 0.049925
vn 0.571008 0.817395 0.076261
vn 0.216538 0.963132 0.159647
vn 0.209680 0.972275 0.103521
vn -0.193193 0.703168 0.684274
vn 0.472822 0.675597 0.565692
vn 0.411395 0.672618 0.615093
vn -0.150269 0.691482 0.706592
vn 0.669583 0.675658 0.308457
vn -0.158340 0.826565 0.540111
vn -0.142943 0.853682 0.500793
vn 0.730435 0.642416 0.231878
vn -0.119914 0.664253 0.737827
vn -0.635321 0.524807 0.566521
vn -0.742281 0.476771 0.470859
vn -0.120448 0.670985 0.731622
vn 0.399430 0.661177 0.635060
vn -0.158314 0.673930 0.721634
vn -0.150269 0.691482 0.706592
vn 0.411395 0.672618 0.615093
vn -0.709739 0.654204 0.261319
vn 0.230522 0.933452 0.274821
vn -0.149799 0.908784 0.389451
vn -0.912381 0.377385 0.158561
vn 0.216538 0.963132 0.159647
vn -0.471595 0.853459 0.221826
vn -0.398175 0.902116 0.166264
vn 0.209680 0.972275 0.103521
vn -0.143464 0.881435 0.449990
vn -0.993581 0.100624 -0.051680
vn -0.912381 0.377385 0.158561
vn -0.149799 0.908784 0.389451
vn 0.230522 0.933452 0.274821
vn -0.709739 0.654204 0.261319
vn -0.584022 0.767932 0.263056
vn 0.224843 0.947267 0.228320
vn 0.380707 0.924696 -0.000484
vn 0.205641 0.978337 0.023824
vn 0.204028 0.977623 -0.051236
vn 0.299347 0.951923 -0.065067
vn 0.448101 0.635383 0.628882
vn -0.119914 0.664253 0.737827
vn -0.120448 0.670985 0.731622
vn 0.415046 0.649405 0.637189
vn -0.471595 0.853459 0.221826
vn 0.216538 0.963132 0.159647
vn 0.224843 0.947267 0.228320
vn -0.584022 0.767932 0.263056
vn 0.380707 0.924696 -0.000484
vn 0.480623 0.875505 0.049925
vn 0.209680 0.972275 0.103521
vn 0.205641 0.978337 0.023824
vn 0.205641 0.978337 0.023824
vn -0.261439 0.961431 0.085445
vn -0.216653 0.976202 -0.009569
vn 0.204028 0.977623 -0.051236
vn -0.261439 0.961431 0.085445
vn 0.205641 0.978337 0.023824
vn 0.209680 0.972275 0.103521
vn -0.398175 0.902116 0.166264
vn 0.601688 0.586375 0.542342
vn -0.362881 0.611604 0.703035
vn -0.107019 0.662095 0.741740
vn 0.501509 0.618086 0.605358
vn 0.202652 0.967936 -0.148431
vn 0.299347 0.951923 -0.065067
vn 0.204028 0.977623 -0.051236
vn -0.216653 0.976202 -0.009569
vn 0.862475 0.470618 0.186161
vn 0.876653 0.441150 0.192008
vn 0.516274 0.467513 0.717560
vn 0.499178 0.501848 0.706378
vn 0.837739 0.527471 0.141306
vn 0.490364 0.577123 0.653048
vn 0.467252 0.625514 0.624826
vn 0.821858 0.560712 0.100759
vn 0.012784 0.328961 0.944257
vn 0.564404 0.328440 0.757348
vn 0.575904 0.325553 0.749900
vn 0.143976 0.323568 0.935187
vn 0.513788 0.435219 0.739328
vn -0.891729 0.382388 0.242072
vn -0.912106 0.364900 0.186847
vn 0.516274 0.467513 0.717560
vn -0.912106 0.364900 0.186847
vn -0.903229 0.349757 0.248690
vn 0.499178 0.501848 0.706378
vn 0.516274 0.467513 0.717560
vn -0.134009 0.338237 0.931470
vn -0.250512 0.347950 0.903424
vn 0.528814 0.340827 0.777298
vn 0.563266 0.334134 0.755702
vn 0.513788 0.435219 0.739328
vn 0.862031 0.419724 0.284139
vn 0.821173 0.391882 0.414853
vn 0.507170 0.400383 0.763199
vn 0.523541 0.678195 0.515709
vn 0.796505 0.602420 0.051663
vn 0.821858 0.560712 0.100759
vn 0.467252 0.625514 0.624826
vn -0.827115 0.390738 0.403987
vn -0.891729 0.382388 0.242072
vn 0.513788 0.435219 0.739328
vn 0.507170 0.400383 0.763199
vn 0.862031 0.419724 0.284139
vn 0.513788 0.435219 0.739328
vn 0.516274 0.467513 0.717560
vn 0.876653 0.441150 0.192008
vn 0.499178 0.501848 0.706378
vn -0.903229 0.349757 0.248690
vn -0.837049 0.353850 0.417300
vn 0.503787 0.535380 0.677914
vn 0.564404 0.328440 0.757348
vn 0.785657 0.326076 0.525754
vn 0.820523 0.322284 0.472096
vn 0.575904 0.325553 0.749900
vn 0.837739 0.527471 0.141306
vn 0.870860 0.483873 0.086430
vn 0.503787 0.535380 0.677914
vn 0.490364 0.577123 0.653048
vn -0.666989 0.394707 0.631927
vn 0.490364 0.577123 0.653048
vn 0.503787 0.535380 0.677914
vn -0.837049 0.353850 0.417300
vn 0.528814 0.340827 0.777298
vn 0.750065 0.340356 0.567063
vn 0.762211 0.332356 0.555494
vn 0.563266 0.334134 0.755702
vn -0.530405 0.370310 0.762588
vn -0.641340 0.380288 0.666381
vn 0.492593 0.372065 0.786715
vn 0.534168 0.355369 0.767058
vn 0.464967 0.763450 0.448274
vn 0.688859 0.710675 0.142880
vn 0.744846 0.656428 0.119614
vn 0.501172 0.713270 0.489972
vn -0.641340 0.380288 0.666381
vn -0.827115 0.390738 0.403987
vn 0.507170 0.400383 0.763199
vn 0.492593 0.372065 0.786715
vn 0.794803 0.370338 0.480768
vn 0.492593 0.372065 0.786715
vn 0.507170 0.400383 0.763199
vn 0.821173 0.391882 0.414853
vn -0.250512 0.347950 0.903424
vn -0.530405 0.370310 0.762588
vn 0.534168 0.355369 0.767058
vn 0.528814 0.340827 0.777298
vn 0.796505 0.602420 0.051663
vn 0.523541 0.678195 0.515709
vn 0.501172 0.713270 0.489972
vn 0.744846 0.656428 0.119614
vn 0.609650 0.768553 0.194044
vn 0.688859 0.710675 0.142880
vn 0.464967 0.763450 0.448274
vn 0.432639 0.802393 0.411082
vn 0.492593 0.372065 0.786715
vn 0.794803 0.370338 0.480768
vn 0.756637 0.353237 0.550204
vn 0.534168 0.355369 0.767058
vn 0.862475 0.470618 0.186161
vn 0.499178 0.501848 0.706378
vn 0.503787 0.535380 0.677914
vn 0.870860 0.483873 0.086430
vn 0.564404 0.328440 0.757348
vn 0.012784 0.328961 0.944257
vn -0.134009 0.338237 0.931470
vn 0.563266 0.334134 0.755702
vn 0.750065 0.340356 0.567063
vn 0.528814 0.340827 0.777298
vn 0.534168 0.355369 0.767058
vn 0.756637 0.353237 0.550204
vn -0.129518 0.584696 0.800847
vn 0.523541 0.678195 0.515709
vn 0.467252 0.625514 0.624826
vn -0.425286 0.471052 0.772814
vn 0.464967 0.763450 0.448274
vn 0.113684 0.719277 0.685359
vn 0.161402 0.776556 0.609023
vn 0.432639 0.802393 0.411082
vn 0.490364 0.577123 0.653048
vn -0.666989 0.394707 0.631927
vn -0.425286 0.471052 0.772814
vn 0.467252 0.625514 0.624826
vn 0.523541 0.678195 0.515709
vn -0.129518 0.584696 0.800847
vn 0.012265 0.648773 0.760883
vn 0.501172 0.713270 0.489972
vn 0.505311 0.833416 0.223781
vn 0.386343 0.853563 0.349529
vn 0.339068 0.896658 0.284669
vn 0.401783 0.889343 0.218265
vn 0.785657 0.326076 0.525754
vn 0.564404 0.328440 0.757348
vn 0.563266 0.334134 0.755702
vn 0.762211 0.332356 0.555494
vn 0.113684 0.719277 0.685359
vn 0.464967 0.763450 0.448274
vn 0.501172 0.713270 0.489972
vn 0.012265 0.648773 0.760883
vn 0.505311 0.833416 0.223781
vn 0.609650 0.768553 0.194044
vn 0.432639 0.802393 0.411082
vn 0.386343 0.853563 0.349529
vn 0.386343 0.853563 0.349529
vn 0.242966 0.844669 0.476972
vn 0.223693 0.901476 0.370544
vn 0.339068 0.896658 0.284669
vn 0.242966 0.844669 0.476972
vn 0.386343 0.853563 0.349529
vn 0.432639 0.802393 0.411082
vn 0.161402 0.776556 0.609023
vn 0.876729 0.321806 0.357473
vn 0.331059 0.321399 0.887188
vn 0.575904 0.325553 0.749900
vn 0.820523 0.322284 0.472096
vn 0.270698 0.943267 0.192274
vn 0.401783 0.889343 0.218265
vn 0.339068 0.896658 0.284669
vn 0.223693 0.901476 0.370544
vn -0.417224 0.749389 0.514141
vn 0.294213 0.893548 0.339132
vn 0.310012 0.865185 0.394142
vn -0.406405 0.724497 0.556722
vn -0.469528 0.773080 0.426486
vn -0.512690 0.773189 0.373267
vn 0.193932 0.968259 0.157686
vn 0.224902 0.945807 0.234240
vn 0.790778 0.572024 0.217851
vn 0.721594 0.610418 0.326636
vn 0.370269 0.700613 0.609953
vn 0.380089 0.704251 0.599636
vn 0.342299 0.832670 0.435308
vn 0.310012 0.865185 0.394142
vn 0.393427 -0.333080 -0.856897
vn 0.444417 -0.226790 -0.866637
vn 0.393427 -0.333080 -0.856897
vn 0.310012 0.865185 0.394142
vn 0.294213 0.893548 0.339132
vn 0.501665 -0.357250 -0.787848
vn 0.849201 0.521522 0.082901
vn 0.376844 0.712421 0.591984
vn 0.406702 0.718771 0.563881
vn 0.879628 0.474376 -0.034972
vn 0.342299 0.832670 0.435308
vn 0.379247 0.793128 0.476572
vn -0.175578 0.744265 0.644393
vn -0.313708 0.736630 0.599136
vn -0.068884 0.984183 0.163212
vn 0.193932 0.968259 0.157686
vn -0.512690 0.773189 0.373267
vn -0.564004 0.765357 0.310045
vn 0.619512 -0.045932 -0.783642
vn 0.379247 0.793128 0.476572
vn 0.342299 0.832670 0.435308
vn 0.444417 -0.226790 -0.866637
vn -0.313708 0.736630 0.599136
vn -0.406405 0.724497 0.556722
vn 0.310012 0.865185 0.394142
vn 0.342299 0.832670 0.435308
vn 0.294213 0.893548 0.339132
vn 0.255619 0.920003 0.297075
vn 0.716172 -0.220170 -0.662286
vn 0.501665 -0.357250 -0.787848
vn 0.380089 0.704251 0.599636
vn 0.370269 0.700613 0.609953
vn -0.102357 0.664098 0.740606
vn -0.042728 0.681110 0.730933
vn -0.469528 0.773080 0.426486
vn 0.224902 0.945807 0.234240
vn 0.255619 0.920003 0.297075
vn -0.512173 0.714218 0.477044
vn 0.878391 0.086421 -0.470064
vn 0.716172 -0.220170 -0.662286
vn 0.255619 0.920003 0.297075
vn 0.224902 0.945807 0.234240
vn 0.406702 0.718771 0.563881
vn 0.376844 0.712421 0.591984
vn -0.009342 0.695726 0.718247
vn 0.002890 0.709011 0.705191
vn 0.880703 0.309451 -0.358611
vn 0.389819 0.739354 0.548996
vn 0.416821 0.756532 0.503904
vn 0.836534 0.210424 -0.505897
vn -0.123056 0.992103 0.024266
vn -0.091058 0.990162 0.106247
vn -0.505680 0.828211 0.241566
vn -0.482732 0.860502 0.162806
vn 0.836534 0.210424 -0.505897
vn 0.416821 0.756532 0.503904
vn 0.379247 0.793128 0.476572
vn 0.619512 -0.045932 -0.783642
vn -0.100753 0.733182 0.672527
vn -0.175578 0.744265 0.644393
vn 0.379247 0.793128 0.476572
vn 0.416821 0.756532 0.503904
vn 0.879628 0.474376 -0.034972
vn 0.406702 0.718771 0.563881
vn 0.389819 0.739354 0.548996
vn 0.880703 0.309451 -0.358611
vn -0.564004 0.765357 0.310045
vn -0.505680 0.828211 0.241566
vn -0.091058 0.990162 0.106247
vn -0.068884 0.984183 0.163212
vn -0.421948 0.903923 0.069880
vn -0.148440 0.988073 -0.040951
vn -0.123056 0.992103 0.024266
vn -0.482732 0.860502 0.162806
vn 0.416821 0.756532 0.503904
vn 0.389819 0.739354 0.548996
vn -0.019125 0.724156 0.689371
vn -0.100753 0.733182 0.672527
vn -0.417224 0.749389 0.514141
vn -0.512173 0.714218 0.477044
vn 0.255619 0.920003 0.297075
vn 0.294213 0.893548 0.339132
vn 0.380089 0.704251 0.599636
vn 0.376844 0.712421 0.591984
vn 0.849201 0.521522 0.082901
vn 0.790778 0.572024 0.217851
vn 0.002890 0.709011 0.705191
vn -0.019125 0.724156 0.689371
vn 0.389819 0.739354 0.548996
vn 0.406702 0.718771 0.563881
vn 0.675970 0.713709 -0.183534
vn 0.859058 0.415873 -0.298445
vn 0.193932 0.968259 0.157686
vn -0.068884 0.984183 0.163212
vn -0.123056 0.992103 0.024266
vn -0.148440 0.988073 -0.040951
vn 0.302892 0.929641 -0.209818
vn 0.406132 0.897295 -0.172968
vn 0.224902 0.945807 0.234240
vn 0.193932 0.968259 0.157686
vn 0.859058 0.415873 -0.298445
vn 0.878391 0.086421 -0.470064
vn -0.068884 0.984183 0.163212
vn -0.091058 0.990162 0.106247
vn 0.543388 0.824656 -0.157076
vn 0.675970 0.713709 -0.183534
vn -0.363154 0.930488 -0.048079
vn -0.324423 0.931926 -0.162062
vn -0.227052 0.952426 -0.203303
vn -0.188477 0.973831 -0.127001
vn -0.042728 0.681110 0.730933
vn -0.009342 0.695726 0.718247
vn 0.376844 0.712421 0.591984
vn 0.380089 0.704251 0.599636
vn 0.406132 0.897295 -0.172968
vn 0.543388 0.824656 -0.157076
vn -0.091058 0.990162 0.106247
vn -0.123056 0.992103 0.024266
vn -0.363154 0.930488 -0.048079
vn -0.188477 0.973831 -0.127001
vn -0.148440 0.988073 -0.040951
vn -0.421948 0.903923 0.069880
vn -0.188477 0.973831 -0.127001
vn -0.227052 0.952426 -0.203303
vn 0.031178 0.948611 -0.314905
vn 0.125238 0.962817 -0.239370
vn 0.125238 0.962817 -0.239370
vn 0.302892 0.929641 -0.209818
vn -0.148440 0.988073 -0.040951
vn -0.188477 0.973831 -0.127001
vn -0.224512 0.633319 0.740609
vn -0.102357 0.664098 0.740606
vn 0.370269 0.700613 0.609953
vn 0.594577 0.657363 0.462983
vn -0.276186 0.914167 -0.296683
vn 0.031178 0.948611 -0.314905
vn -0.227052 0.952426 -0.203303
vn -0.324423 0.931926 -0.162062
vn 0.434377 0.897053 0.081317
vn 0.460213 0.878326 0.129412
vn 0.004619 0.933793 0.357785
vn -0.021255 0.952115 0.304999
vn 0.397310 0.917355 -0.024591
vn -0.058148 0.980705 0.186644
vn -0.089188 0.989468 0.114015
vn 0.380578 0.920011 -0.093487
vn -0.192955 0.750032 0.632630
vn 0.105140 0.809738 0.577296
vn 0.113939 0.806388 0.580308
vn -0.123215 0.764026 0.633311
vn 0.019066 0.911596 0.410645
vn -0.818419 0.457006 0.348334
vn -0.841166 0.425741 0.333443
vn 0.004619 0.933793 0.357785
vn -0.841166 0.425741 0.333443
vn -0.816073 0.458975 0.351236
vn -0.021255 0.952115 0.304999
vn 0.004619 0.933793 0.357785
vn -0.272387 0.733267 0.622997
vn -0.337441 0.719791 0.606659
vn 0.076918 0.823154 0.562585
vn 0.101280 0.816726 0.568068
vn 0.019066 0.911596 0.410645
vn 0.447872 0.872012 0.197498
vn 0.421095 0.860777 0.285905
vn 0.032962 0.882981 0.468250
vn 0.110800 0.991745 -0.064540
vn 0.361465 0.915408 -0.177117
vn 0.380578 0.920011 -0.093487
vn -0.089188 0.989468 0.114015
vn -0.741159 0.531783 0.409743
vn -0.818419 0.457006 0.348334
vn 0.019066 0.911596 0.410645
vn 0.032962 0.882981 0.468250
vn 0.447872 0.872012 0.197498
vn 0.019066 0.911596 0.410645
vn 0.004619 0.933793 0.357785
vn 0.460213 0.878326 0.129412
vn -0.021255 0.952115 0.304999
vn -0.816073 0.458975 0.351236
vn -0.741394 0.560064 0.369681
vn -0.033409 0.967463 0.250795
vn 0.105140 0.809738 0.577296
vn 0.429646 0.797942 0.422721
vn 0.459611 0.787901 0.409841
vn 0.113939 0.806388 0.580308
vn 0.397310 0.917355 -0.024591
vn 0.452949 0.891364 0.017543
vn -0.033409 0.967463 0.250795
vn -0.058148 0.980705 0.186644
vn -0.628235 0.695523 0.348667
vn -0.058148 0.980705 0.186644
vn -0.033409 0.967463 0.250795
vn -0.741394 0.560064 0.369681
vn 0.076918 0.823154 0.562585
vn 0.395708 0.818615 0.416275
vn 0.408741 0.808265 0.423839
vn 0.101280 0.816726 0.568068
vn -0.505895 0.662021 0.552991
vn -0.582201 0.633791 0.509265
vn 0.039321 0.855351 0.516555
vn 0.072283 0.839882 0.537935
vn 0.057294 0.980619 -0.187358
vn 0.247828 0.931823 -0.265116
vn 0.298792 0.930456 -0.212073
vn 0.088583 0.989353 -0.115469
vn -0.582201 0.633791 0.509265
vn -0.741159 0.531783 0.409743
vn 0.032962 0.882981 0.468250
vn 0.039321 0.855351 0.516555
vn 0.411246 0.845318 0.341049
vn 0.039321 0.855351 0.516555
vn 0.032962 0.882981 0.468250
vn 0.421095 0.860777 0.285905
vn -0.337441 0.719791 0.606659
vn -0.505895 0.662021 0.552991
vn 0.072283 0.839882 0.537935
vn 0.076918 0.823154 0.562585
vn 0.361465 0.915408 -0.177117
vn 0.110800 0.991745 -0.064540
vn 0.088583 0.989353 -0.115469
vn 0.298792 0.930456 -0.212073
vn 0.179054 0.935945 -0.303228
vn 0.247828 0.931823 -0.265116
vn 0.057294 0.980619 -0.187358
vn 0.032788 0.969339 -0.243529
vn 0.039321 0.855351 0.516555
vn 0.411246 0.845318 0.341049
vn 0.392886 0.832312 0.391021
vn 0.072283 0.839882 0.537935
vn 0.434377 0.897053 0.081317
vn -0.021255 0.952115 0.304999
vn -0.033409 0.967463 0.250795
vn 0.452949 0.891364 0.017543
vn 0.105140 0.809738 0.577296
vn -0.192955 0.750032 0.632630
vn -0.272387 0.733267 0.622997
vn 0.101280 0.816726 0.568068
vn 0.395708 0.818615 0.416275
vn 0.076918 0.823154 0.562585
vn 0.072283 0.839882 0.537935
vn 0.392886 0.832312 0.391021
vn -0.407490 0.899384 0.158302
vn 0.110800 0.991745 -0.064540
vn -0.089188 0.989468 0.114015
vn -0.517487 0.809423 0.277565
vn 0.057294 0.980619 -0.187358
vn -0.325331 0.945576 -0.006746
vn -0.312816 0.945905 -0.086079
vn 0.032788 0.969339 -0.243529
vn -0.058148 0.980705 0.186644
vn -0.628235 0.695523 0.348667
vn -0.517487 0.809423 0.277565
vn -0.089188 0.989468 0.114015
vn 0.110800 0.991745 -0.064540
vn -0.407490 0.899384 0.158302
vn -0.356485 0.930434 0.084920
vn 0.088583 0.989353 -0.115469
vn 0.100757 0.929555 -0.354650
vn 0.003201 0.947543 -0.319613
vn -0.021530 0.921510 -0.387757
vn 0.032019 0.911584 -0.409866
vn 0.429646 0.797942 0.422721
vn 0.105140 0.809738 0.577296
vn 0.101280 0.816726 0.568068
vn 0.408741 0.808265 0.423839
vn -0.325331 0.945576 -0.006746
vn 0.057294 0.980619 -0.187358
vn 0.088583 0.989353 -0.115469
vn -0.356485 0.930434 0.084920
vn 0.100757 0.929555 -0.354650
vn 0.179054 0.935945 -0.303228
vn 0.032788 0.969339 -0.243529
vn 0.003201 0.947543 -0.319613
vn 0.003201 0.947543 -0.319613
vn -0.269642 0.943544 -0.192400
vn -0.275609 0.917589 -0.286479
vn -0.021530 0.921510 -0.387757
vn -0.269642 0.943544 -0.192400
vn 0.003201 0.947543 -0.319613
vn 0.032788 0.969339 -0.243529
vn -0.312816 0.945905 -0.086079
vn 0.513260 0.773297 0.372259
vn -0.023880 0.783964 0.620347
vn 0.113939 0.806388 0.580308
vn 0.459611 0.787901 0.409841
vn -0.050589 0.880451 -0.471430
vn 0.032019 0.911584 -0.409866
vn -0.021530 0.921510 -0.387757
vn -0.275609 0.917589 -0.286479
vn -0.308827 0.602517 0.735934
vn 0.426744 0.712979 0.556372
vn 0.440012 0.671658 0.596042
vn -0.302707 0.568539 0.764939
vn -0.357524 0.654212 0.666471
vn -0.400973 0.675697 0.618591
vn 0.323973 0.846738 0.421990
vn 0.356826 0.798499 0.484844
vn 0.884439 0.415483 0.212466
vn 0.830655 0.432508 0.350640
vn 0.480057 0.482029 0.732935
vn 0.491544 0.485881 0.722706
vn 0.470537 0.629995 0.617820
vn 0.440012 0.671658 0.596042
vn 0.179911 0.000303 -0.983683
vn 0.246981 0.070641 -0.966442
vn 0.179911 0.000303 -0.983683
vn 0.440012 0.671658 0.596042
vn 0.426744 0.712979 0.556372
vn 0.273923 -0.044881 -0.960704
vn 0.917459 0.395018 0.047217
vn 0.489246 0.494047 0.718719
vn 0.523223 0.501953 0.688680
vn 0.921759 0.376746 -0.091776
vn 0.470537 0.629995 0.617820
vn 0.504973 0.583271 0.636237
vn -0.044746 0.549444 0.834331
vn -0.199469 0.562511 0.802367
vn 0.107199 0.893009 0.437085
vn 0.323973 0.846738 0.421990
vn -0.400973 0.675697 0.618591
vn -0.453298 0.696501 0.556244
vn 0.450578 0.160696 -0.878155
vn 0.504973 0.583271 0.636237
vn 0.470537 0.629995 0.617820
vn 0.246981 0.070641 -0.966442
vn -0.199469 0.562511 0.802367
vn -0.302707 0.568539 0.764939
vn 0.440012 0.671658 0.596042
vn 0.470537 0.629995 0.617820
vn 0.426744 0.712979 0.556372
vn 0.387812 0.752841 0.531820
vn 0.507633 -0.007135 -0.861544
vn 0.273923 -0.044881 -0.960704
vn 0.491544 0.485881 0.722706
vn 0.480057 0.482029 0.732935
vn 0.024893 0.460541 0.887289
vn 0.094277 0.472103 0.876488
vn -0.357524 0.654212 0.666471
vn 0.356826 0.798499 0.484844
vn 0.387812 0.752841 0.531820
vn -0.415956 0.588616 0.693190
vn 0.760354 0.153586 -0.631089
vn 0.507633 -0.007135 -0.861544
vn 0.387812 0.752841 0.531820
vn 0.356826 0.798499 0.484844
vn 0.523223 0.501953 0.688680
vn 0.489246 0.494047 0.718719
vn 0.133839 0.484066 0.864735
vn 0.149563 0.496439 0.855090
vn 0.835637 0.310922 -0.452812
vn 0.507938 0.522824 0.684584
vn 0.540374 0.543546 0.642303
vn 0.747366 0.268931 -0.607553
vn 0.039153 0.952649 0.301541
vn 0.080318 0.920055 0.383469
vn -0.380167 0.773833 0.506612
vn -0.351348 0.829546 0.434060
vn 0.747366 0.268931 -0.607553
vn 0.540374 0.543546 0.642303
vn 0.504973 0.583271 0.636237
vn 0.450578 0.160696 -0.878155
vn 0.037240 0.529275 0.847633
vn -0.044746 0.549444 0.834331
vn 0.504973 0.583271 0.636237
vn 0.540374 0.543546 0.642303
vn 0.921759 0.376746 -0.091776
vn 0.523223 0.501953 0.688680
vn 0.507938 0.522824 0.684584
vn 0.835637 0.310922 -0.452812
vn -0.453298 0.696501 0.556244
vn -0.380167 0.773833 0.506612
vn 0.080318 0.920055 0.383469
vn 0.107199 0.893009 0.437085
vn -0.284839 0.894209 0.345336
vn 0.004642 0.972538 0.232698
vn 0.039153 0.952649 0.301541
vn -0.351348 0.829546 0.434060
vn 0.540374 0.543546 0.642303
vn 0.507938 0.522824 0.684584
vn 0.127286 0.513171 0.848795
vn 0.037240 0.529275 0.847633
vn -0.308827 0.602517 0.735934
vn -0.415956 0.588616 0.693190
vn 0.387812 0.752841 0.531820
vn 0.426744 0.712979 0.556372
vn 0.491544 0.485881 0.722706
vn 0.489246 0.494047 0.718719
vn 0.917459 0.395018 0.047217
vn 0.884439 0.415483 0.212466
vn 0.149563 0.496439 0.855090
vn 0.127286 0.513171 0.848795
vn 0.507938 0.522824 0.684584
vn 0.523223 0.501953 0.688680
vn 0.754888 0.649746 -0.089299
vn 0.853504 0.384711 -0.351466
vn 0.323973 0.846738 0.421990
vn 0.107199 0.893009 0.437085
vn 0.039153 0.952649 0.301541
vn 0.004642 0.972538 0.232698
vn 0.397518 0.917405 0.018655
vn 0.507358 0.861074 0.033753
vn 0.356826 0.798499 0.484844
vn 0.323973 0.846738 0.421990
vn 0.853504 0.384711 -0.351466
vn 0.760354 0.153586 -0.631089
vn 0.107199 0.893009 0.437085
vn 0.080318 0.920055 0.383469
vn 0.642038 0.766668 0.002641
vn 0.754888 0.649746 -0.089299
vn -0.229298 0.948036 0.220566
vn -0.203054 0.974982 0.090436
vn -0.105310 0.993375 0.046004
vn -0.050629 0.989348 0.136481
vn 0.094277 0.472103 0.876488
vn 0.133839 0.484066 0.864735
vn 0.489246 0.494047 0.718719
vn 0.491544 0.485881 0.722706
vn 0.507358 0.861074 0.033753
vn 0.642038 0.766668 0.002641
vn 0.080318 0.920055 0.383469
vn 0.039153 0.952649 0.301541
vn -0.229298 0.948036 0.220566
vn -0.050629 0.989348 0.136481
vn 0.004642 0.972538 0.232698
vn -0.284839 0.894209 0.345336
vn -0.050629 0.989348 0.136481
vn -0.105310 0.993375 0.046004
vn 0.099045 0.992517 -0.071418
vn 0.211217 0.977356 0.012746
vn 0.211217 0.977356 0.012746
vn 0.397518 0.917405 0.018655
vn 0.004642 0.972538 0.232698
vn -0.050629 0.989348 0.136481
vn -0.116475 0.443444 0.888702
vn 0.024893 0.460541 0.887289
vn 0.480057 0.482029 0.732935
vn 0.714001 0.456147 0.531161
vn -0.177002 0.981643 -0.071043
vn 0.099045 0.992517 -0.071418
vn -0.105310 0.993375 0.046004
vn -0.203054 0.974982 0.090436
vn -0.370945 0.849963 0.374117
vn 0.219816 0.900704 0.374718
vn 0.220296 0.877883 0.425195
vn -0.374270 0.826465 0.420569
vn -0.378700 0.883451 0.275863
vn -0.389038 0.896372 0.212522
vn 0.198797 0.959998 0.197189
vn 0.202930 0.941815 0.267962
vn 0.481481 0.691639 0.538342
vn 0.427514 0.702272 0.569250
vn 0.221301 0.742714 0.631983
vn 0.227041 0.745844 0.626234
vn 0.229472 0.852110 0.470373
vn 0.220296 0.877883 0.425195
vn 0.852710 0.522354 0.005659
vn 0.844044 0.535137 0.034912
vn 0.852710 0.522354 0.005659
vn 0.220296 0.877883 0.425195
vn 0.219816 0.900704 0.374718
vn 0.834647 0.550223 0.024867
vn 0.539200 0.680364 0.496355
vn 0.226488 0.752753 0.618115
vn 0.243426 0.758775 0.604156
vn 0.582835 0.672863 0.455586
vn 0.229472 0.852110 0.470373
vn 0.240985 0.820582 0.518239
vn -0.286573 0.798408 0.529548
vn -0.340192 0.814518 0.469926
vn -0.181427 0.973426 0.139733
vn 0.198797 0.959998 0.197189
vn -0.389038 0.896372 0.212522
vn -0.402166 0.905780 0.133510
vn 0.811243 0.571679 0.122753
vn 0.240985 0.820582 0.518239
vn 0.229472 0.852110 0.470373
vn 0.844044 0.535137 0.034912
vn -0.340192 0.814518 0.469926
vn -0.374270 0.826465 0.420569
vn 0.220296 0.877883 0.425195
vn 0.229472 0.852110 0.470373
vn 0.219816 0.900704 0.374718
vn 0.208506 0.921302 0.328220
vn 0.780137 0.620981 0.075948
vn 0.834647 0.550223 0.024867
vn 0.227041 0.745844 0.626234
vn 0.221301 0.742714 0.631983
vn -0.270246 0.723337 0.635414
vn -0.241548 0.733120 0.635759
vn -0.378700 0.883451 0.275863
vn 0.202930 0.941815 0.267962
vn 0.208506 0.921302 0.328220
vn -0.407358 0.852106 0.328596
vn 0.682983 0.720410 0.120594
vn 0.780137 0.620981 0.075948
vn 0.208506 0.921302 0.328220
vn 0.202930 0.941815 0.267962
vn 0.243426 0.758775 0.604156
vn 0.226488 0.752753 0.618115
vn -0.224563 0.743377 0.630050
vn -0.217167 0.753762 0.620227
vn 0.690600 0.638313 0.340042
vn 0.237445 0.775738 0.584679
vn 0.254793 0.791365 0.555718
vn 0.730599 0.626038 0.272583
vn -0.187991 0.982086 0.012881
vn -0.184079 0.978984 0.087775
vn -0.367590 0.926427 0.081307
vn -0.348463 0.937191 0.015706
vn 0.730599 0.626038 0.272583
vn 0.254793 0.791365 0.555718
vn 0.240985 0.820582 0.518239
vn 0.811243 0.571679 0.122753
vn -0.258116 0.781224 0.568389
vn -0.286573 0.798408 0.529548
vn 0.240985 0.820582 0.518239
vn 0.254793 0.791365 0.555718
vn 0.582835 0.672863 0.455586
vn 0.243426 0.758775 0.604156
vn 0.237445 0.775738 0.584679
vn 0.690600 0.638313 0.340042
vn -0.402166 0.905780 0.133510
vn -0.367590 0.926427 0.081307
vn -0.184079 0.978984 0.087775
vn -0.181427 0.973426 0.139733
vn -0.312654 0.948851 -0.043926
vn -0.191041 0.980460 -0.046915
vn -0.187991 0.982086 0.012881
vn -0.348463 0.937191 0.015706
vn 0.254793 0.791365 0.555718
vn 0.237445 0.775738 0.584679
vn -0.224613 0.767563 0.600330
vn -0.258116 0.781224 0.568389
vn -0.370945 0.849963 0.374117
vn -0.407358 0.852106 0.328596
vn 0.208506 0.921302 0.328220
vn 0.219816 0.900704 0.374718
vn 0.227041 0.745844 0.626234
vn 0.226488 0.752753 0.618115
vn 0.539200 0.680364 0.496355
vn 0.481481 0.691639 0.538342
vn -0.217167 0.753762 0.620227
vn -0.224613 0.767563 0.600330
vn 0.237445 0.775738 0.584679
vn 0.243426 0.758775 0.604156
vn 0.441676 0.892958 0.086883
vn 0.570095 0.812083 0.124549
vn 0.198797 0.959998 0.197189
vn -0.181427 0.973426 0.139733
vn -0.187991 0.982086 0.012881
vn -0.191041 0.980460 -0.046915
vn 0.281397 0.957047 -0.069834
vn 0.319626 0.947509 -0.008157
vn 0.202930 0.941815 0.267962
vn 0.198797 0.959998 0.197189
vn 0.570095 0.812083 0.124549
vn 0.682983 0.720410 0.120594
vn -0.181427 0.973426 0.139733
vn -0.184079 0.978984 0.087775
vn 0.376589 0.924876 0.052766
vn 0.441676 0.892958 0.086883
vn -0.276066 0.953446 -0.121362
vn -0.248525 0.947496 -0.201212
vn -0.204995 0.957537 -0.202731
vn -0.197757 0.971796 -0.128472
vn -0.241548 0.733120 0.635759
vn -0.224563 0.743377 0.630050
vn 0.226488 0.752753 0.618115
vn 0.227041 0.745844 0.626234
vn 0.319626 0.947509 -0.008157
vn 0.376589 0.924876 0.052766
vn -0.184079 0.978984 0.087775
vn -0.187991 0.982086 0.012881
vn -0.276066 0.953446 -0.121362
vn -0.197757 0.971796 -0.128472
vn -0.191041 0.980460 -0.046915
vn -0.312654 0.948851 -0.043926
vn -0.197757 0.971796 -0.128472
vn -0.204995 0.957537 -0.202731
vn 0.184870 0.954982 -0.232017
vn 0.213905 0.966335 -0.142976
vn 0.213905 0.966335 -0.142976
vn 0.281397 0.957047 -0.069834
vn -0.191041 0.980460 -0.046915
vn -0.197757 0.971796 -0.128472
vn -0.327209 0.710033 0.623529
vn -0.270246 0.723337 0.635414
vn 0.221301 0.742714 0.631983
vn 0.344859 0.719602 0.602698
vn -0.214805 0.930741 -0.295940
vn 0.184870 0.954982 -0.232017
vn -0.204995 0.957537 -0.202731
vn -0.248525 0.947496 -0.201212
vn -0.028290 0.835046 0.549453
vn 0.379024 0.888015 0.260325
vn 0.407283 0.863185 0.298382
vn -0.005421 0.810349 0.585922
vn -0.092664 0.871279 0.481960
vn -0.139784 0.886148 0.441818
vn 0.257499 0.955932 0.141028
vn 0.301666 0.933787 0.192455
vn 0.720302 0.674667 0.161214
vn 0.688603 0.686529 0.233462
vn 0.520684 0.723669 0.452980
vn 0.523509 0.727070 0.444193
vn 0.441646 0.836213 0.325110
vn 0.407283 0.863185 0.298382
vn 0.651226 0.409142 -0.639146
vn 0.663399 0.436992 -0.607404
vn 0.651226 0.409142 -0.639146
vn 0.407283 0.863185 0.298382
vn 0.379024 0.888015 0.260325
vn 0.669060 0.434550 -0.602931
vn 0.746811 0.660786 0.075064
vn 0.518557 0.734004 0.438562
vn 0.528520 0.740753 0.414670
vn 0.759987 0.649936 0.001339
vn 0.441646 0.836213 0.325110
vn 0.479684 0.803784 0.351902
vn 0.153454 0.783191 0.602548
vn 0.060868 0.799201 0.597974
vn 0.047655 0.974171 0.220725
vn 0.257499 0.955932 0.141028
vn -0.139784 0.886148 0.441818
vn -0.198253 0.898761 0.391055
vn 0.708199 0.497565 -0.500882
vn 0.479684 0.803784 0.351902
vn 0.441646 0.836213 0.325110
vn 0.663399 0.436992 -0.607404
vn 0.060868 0.799201 0.597974
vn -0.005421 0.810349 0.585922
vn 0.407283 0.863185 0.298382
vn 0.441646 0.836213 0.325110
vn 0.379024 0.888015 0.260325
vn 0.341219 0.910349 0.234168
vn 0.688328 0.522458 -0.503233
vn 0.669060 0.434550 -0.602931
vn 0.523509 0.727070 0.444193
vn 0.520684 0.723669 0.452980
vn 0.231040 0.707518 0.667862
vn 0.261262 0.716821 0.646459
vn -0.092664 0.871279 0.481960
vn 0.301666 0.933787 0.192455
vn 0.341219 0.910349 0.234168
vn -0.095283 0.835369 0.541369
vn 0.663013 0.652817 -0.366394
vn 0.688328 0.522458 -0.503233
vn 0.341219 0.910349 0.234168
vn 0.301666 0.933787 0.192455
vn 0.528520 0.740753 0.414670
vn 0.518557 0.734004 0.438562
vn 0.275716 0.726704 0.629192
vn 0.277959 0.736922 0.616185
vn 0.773400 0.602424 -0.197327
vn 0.511903 0.757682 0.404813
vn 0.514184 0.774261 0.368965
vn 0.759935 0.579898 -0.293627
vn -0.032541 0.991538 0.125670
vn 0.015004 0.983185 0.181993
vn -0.188834 0.926918 0.324292
vn -0.204595 0.944414 0.257337
vn 0.759935 0.579898 -0.293627
vn 0.514184 0.774261 0.368965
vn 0.479684 0.803784 0.351902
vn 0.708199 0.497565 -0.500882
vn 0.205930 0.765456 0.609648
vn 0.153454 0.783191 0.602548
vn 0.479684 0.803784 0.351902
vn 0.514184 0.774261 0.368965
vn 0.759987 0.649936 0.001339
vn 0.528520 0.740753 0.414670
vn 0.511903 0.757682 0.404813
vn 0.773400 0.602424 -0.197327
vn -0.198253 0.898761 0.391055
vn -0.188834 0.926918 0.324292
vn 0.015004 0.983185 0.181993
vn 0.047655 0.974171 0.220725
vn -0.199764 0.962992 0.180945
vn -0.070823 0.994255 0.080256
vn -0.032541 0.991538 0.125670
vn -0.204595 0.944414 0.257337
vn 0.514184 0.774261 0.368965
vn 0.511903 0.757682 0.404813
vn 0.259129 0.751005 0.607325
vn 0.205930 0.765456 0.609648
vn -0.028290 0.835046 0.549453
vn -0.095283 0.835369 0.541369
vn 0.341219 0.910349 0.234168
vn 0.379024 0.888015 0.260325
vn 0.523509 0.727070 0.444193
vn 0.518557 0.734004 0.438562
vn 0.746811 0.660786 0.075064
vn 0.720302 0.674667 0.161214
vn 0.277959 0.736922 0.616185
vn 0.259129 0.751005 0.607325
vn 0.511903 0.757682 0.404813
vn 0.528520 0.740753 0.414670
vn 0.443569 0.882182 -0.158117
vn 0.580997 0.774476 -0.250259
vn 0.257499 0.955932 0.141028
vn 0.047655 0.974171 0.220725
vn -0.032541 0.991538 0.125670
vn -0.070823 0.994255 0.080256
vn 0.189834 0.971736 -0.140332
vn 0.266094 0.955924 -0.124109
vn 0.301666 0.933787 0.192455
vn 0.257499 0.955932 0.141028
vn 0.580997 0.774476 -0.250259
vn 0.663013 0.652817 -0.366394
vn 0.047655 0.974171 0.220725
vn 0.015004 0.983185 0.181993
vn 0.359820 0.924447 -0.126201
vn 0.443569 0.882182 -0.158117
vn -0.205471 0.974669 0.088335
vn -0.223598 0.974681 0.000318
vn -0.178553 0.983292 -0.035442
vn -0.126288 0.991800 0.019617
vn 0.261262 0.716821 0.646459
vn 0.275716 0.726704 0.629192
vn 0.518557 0.734004 0.438562
vn 0.523509 0.727070 0.444193
vn 0.266094 0.955924 -0.124109
vn 0.359820 0.924447 -0.126201
vn 0.015004 0.983185 0.181993
vn -0.032541 0.991538 0.125670
vn -0.205471 0.974669 0.088335
vn -0.126288 0.991800 0.019617
vn -0.070823 0.994255 0.080256
vn -0.199764 0.962992 0.180945
vn -0.126288 0.991800 0.019617
vn -0.178553 0.983292 -0.035442
vn -0.008529 0.981526 -0.191141
vn 0.075558 0.986920 -0.142405
vn 0.075558 0.986920 -0.142405
vn 0.189834 0.971736 -0.140332
vn -0.070823 0.994255 0.080256
vn -0.126288 0.991800 0.019617
vn 0.163905 0.694580 0.700495
vn 0.231040 0.707518 0.667862
vn 0.520684 0.723669 0.452980
vn 0.628745 0.703957 0.330339
vn -0.245635 0.963656 -0.105023
vn -0.008529 0.981526 -0.191141
vn -0.178553 0.983292 -0.035442
vn -0.223598 0.974681 0.000318
vn 0.349822 0.776380 -0.524269
vn 0.408354 0.790377 -0.456674
vn -0.208836 0.972657 0.101617
vn -0.292099 0.956142 0.021715
vn 0.279706 0.702879 -0.654007
vn -0.422353 0.893852 -0.150484
vn -0.499739 0.834025 -0.233799
vn 0.264435 0.640126 -0.721327
vn -0.269231 0.667354 0.694372
vn 0.160576 0.863122 0.478786
vn 0.178011 0.858484 0.480955
vn -0.161726 0.723461 0.671155
vn -0.139092 0.971121 0.193847
vn -0.596660 -0.654224 0.464745
vn -0.415545 -0.720483 0.555182
vn -0.208836 0.972657 0.101617
vn -0.415545 -0.720483 0.555182
vn -0.332176 -0.586433 0.738752
vn -0.292099 0.956142 0.021715
vn -0.208836 0.972657 0.101617
vn -0.392982 0.591906 0.703713
vn -0.493689 0.519725 0.697250
vn 0.100164 0.881045 0.462307
vn 0.145892 0.874292 0.462956
vn -0.139092 0.971121 0.193847
vn 0.418239 0.840248 -0.345050
vn 0.430530 0.883787 -0.183207
vn -0.062422 0.952409 0.298364
vn -0.275934 0.763043 -0.584488
vn 0.263745 0.563470 -0.782905
vn 0.264435 0.640126 -0.721327
vn -0.499739 0.834025 -0.233799
vn -0.792175 -0.378951 0.478388
vn -0.596660 -0.654224 0.464745
vn -0.139092 0.971121 0.193847
vn -0.062422 0.952409 0.298364
vn 0.418239 0.840248 -0.345050
vn -0.139092 0.971121 0.193847
vn -0.208836 0.972657 0.101617
vn 0.408354 0.790377 -0.456674
vn -0.292099 0.956142 0.021715
vn -0.332176 -0.586433 0.738752
vn -0.423475 -0.301353 0.854316
vn -0.348086 0.935254 -0.064319
vn 0.160576 0.863122 0.478786
vn 0.558629 0.826739 0.066607
vn 0.596584 0.801942 0.031250
vn 0.178011 0.858484 0.480955
vn 0.279706 0.702879 -0.654007
vn 0.378493 0.698383 -0.607458
vn -0.348086 0.935254 -0.064319
vn -0.422353 0.893852 -0.150484
vn -0.584953 0.062653 0.808644
vn -0.422353 0.893852 -0.150484
vn -0.348086 0.935254 -0.064319
vn -0.423475 -0.301353 0.854316
vn 0.100164 0.881045 0.462307
vn 0.496628 0.865333 0.067529
vn 0.525051 0.847599 0.076793
vn 0.145892 0.874292 0.462956
vn -0.722856 0.251759 0.643503
vn -0.792298 0.081570 0.604657
vn -0.005602 0.921077 0.389339
vn 0.069541 0.906292 0.416891
vn -0.362397 0.642072 -0.675583
vn 0.067590 0.533727 -0.842952
vn 0.149231 0.564888 -0.811561
vn -0.315479 0.713121 -0.626044
vn -0.792298 0.081570 0.604657
vn -0.792175 -0.378951 0.478388
vn -0.062422 0.952409 0.298364
vn -0.005602 0.921077 0.389339
vn 0.457805 0.885573 -0.078580
vn -0.005602 0.921077 0.389339
vn -0.062422 0.952409 0.298364
vn 0.430530 0.883787 -0.183207
vn -0.493689 0.519725 0.697250
vn -0.722856 0.251759 0.643503
vn 0.069541 0.906292 0.416891
vn 0.100164 0.881045 0.462307
vn 0.263745 0.563470 -0.782905
vn -0.275934 0.763043 -0.584488
vn -0.315479 0.713121 -0.626044
vn 0.149231 0.564888 -0.811561
vn -0.062353 0.516970 -0.853730
vn 0.067590 0.533727 -0.842952
vn -0.362397 0.642072 -0.675583
vn -0.393425 0.586247 -0.708189
vn -0.005602 0.921077 0.389339
vn 0.457805 0.885573 -0.078580
vn 0.469542 0.882658 0.021094
vn 0.069541 0.906292 0.416891
vn 0.349822 0.776380 -0.524269
vn -0.292099 0.956142 0.021715
vn -0.348086 0.935254 -0.064319
vn 0.378493 0.698383 -0.607458
vn 0.160576 0.863122 0.478786
vn -0.269231 0.667354 0.694372
vn -0.392982 0.591906 0.703713
vn 0.145892 0.874292 0.462956
vn 0.496628 0.865333 0.067529
vn 0.100164 0.881045 0.462307
vn 0.069541 0.906292 0.416891
vn 0.469542 0.882658 0.021094
vn -0.798193 0.524775 0.295802
vn -0.275934 0.763043 -0.584488
vn -0.499739 0.834025 -0.233799
vn -0.712762 0.343186 0.611713
vn -0.362397 0.642072 -0.675583
vn -0.822106 0.566492 -0.056814
vn -0.824158 0.537579 -0.178249
vn -0.393425 0.586247 -0.708189
vn -0.422353 0.893852 -0.150484
vn -0.584953 0.062653 0.808644
vn -0.712762 0.343186 0.611713
vn -0.499739 0.834025 -0.233799
vn -0.275934 0.763043 -0.584488
vn -0.798193 0.524775 0.295802
vn -0.813184 0.570602 0.114649
vn -0.315479 0.713121 -0.626044
vn -0.203923 0.480171 -0.853142
vn -0.420970 0.513080 -0.748020
vn -0.436383 0.449567 -0.779397
vn -0.317543 0.432637 -0.843796
vn 0.558629 0.826739 0.066607
vn 0.160576 0.863122 0.478786
vn 0.145892 0.874292 0.462956
vn 0.525051 0.847599 0.076793
vn -0.822106 0.566492 -0.056814
vn -0.362397 0.642072 -0.675583
vn -0.315479 0.713121 -0.626044
vn -0.813184 0.570602 0.114649
vn -0.203923 0.480171 -0.853142
vn -0.062353 0.516970 -0.853730
vn -0.393425 0.586247 -0.708189
vn -0.420970 0.513080 -0.748020
vn -0.420970 0.513080 -0.748020
vn -0.773671 0.506582 -0.380537
vn -0.761866 0.441607 -0.473860
vn -0.436383 0.449567 -0.779397
vn -0.773671 0.506582 -0.380537
vn -0.420970 0.513080 -0.748020
vn -0.393425 0.586247 -0.708189
vn -0.824158 0.537579 -0.178249
vn 0.650542 0.757271 -0.057752
vn -0.014664 0.792402 0.609824
vn 0.178011 0.858484 0.480955
vn 0.596584 0.801942 0.031250
vn -0.446941 0.373801 -0.812722
vn -0.317543 0.432637 -0.843796
vn -0.436383 0.449567 -0.779397
vn -0.761866 0.441607 -0.473860
vn 0.106456 0.617969 0.778962
vn 0.632686 0.683512 0.364033
vn 0.657743 0.643179 0.392039
vn 0.122040 0.581714 0.804186
vn 0.044803 0.681287 0.730644
vn -0.005620 0.714347 0.699769
vn 0.503815 0.816502 0.281947
vn 0.552805 0.767702 0.324099
vn 0.904261 0.426981 -0.000347
vn 0.894435 0.432292 0.114498
vn 0.739427 0.461331 0.490329
vn 0.744325 0.465100 0.479231
vn 0.689096 0.603125 0.401729
vn 0.657743 0.643179 0.392039
vn 0.282336 0.285431 -0.915869
vn 0.327007 0.319196 -0.889484
vn 0.282336 0.285431 -0.915869
vn 0.657743 0.643179 0.392039
vn 0.632686 0.683512 0.364033
vn 0.344473 0.274439 -0.897787
vn 0.896787 0.422781 -0.130494
vn 0.741092 0.472845 0.476655
vn 0.755958 0.480706 0.444351
vn 0.876030 0.420894 -0.235413
vn 0.689096 0.603125 0.401729
vn 0.722349 0.558533 0.407742
vn 0.327226 0.536279 0.778028
vn 0.207105 0.562180 0.800663
vn 0.283735 0.864615 0.414651
vn 0.503815 0.816502 0.281947
vn -0.005620 0.714347 0.699769
vn -0.070060 0.751266 0.656270
vn 0.467750 0.359268 -0.807550
vn 0.722349 0.558533 0.407742
vn 0.689096 0.603125 0.401729
vn 0.327007 0.319196 -0.889484
vn 0.207105 0.562180 0.800663
vn 0.122040 0.581714 0.804186
vn 0.657743 0.643179 0.392039
vn 0.689096 0.603125 0.401729
vn 0.632686 0.683512 0.364033
vn 0.594056 0.722377 0.353933
vn 0.491924 0.315992 -0.811270
vn 0.344473 0.274439 -0.897787
vn 0.744325 0.465100 0.479231
vn 0.739427 0.461331 0.490329
vn 0.396345 0.446662 0.802125
vn 0.442534 0.455417 0.772502
vn 0.044803 0.681287 0.730644
vn 0.552805 0.767702 0.324099
vn 0.594056 0.722377 0.353933
vn 0.016808 0.625122 0.780346
vn 0.648026 0.423605 -0.632947
vn 0.491924 0.315992 -0.811270
vn 0.594056 0.722377 0.353933
vn 0.552805 0.767702 0.324099
vn 0.755958 0.480706 0.444351
vn 0.741092 0.472845 0.476655
vn 0.467146 0.465683 0.751608
vn 0.475170 0.477061 0.739342
vn 0.767175 0.405494 -0.497008
vn 0.742659 0.500461 0.444967
vn 0.752006 0.520971 0.403827
vn 0.688816 0.397210 -0.606430
vn 0.178073 0.930114 0.321213
vn 0.242202 0.893615 0.377877
vn -0.041193 0.808804 0.586634
vn -0.052813 0.856420 0.513572
vn 0.688816 0.397210 -0.606430
vn 0.752006 0.520971 0.403827
vn 0.722349 0.558533 0.407742
vn 0.467750 0.359268 -0.807550
vn 0.390645 0.512350 0.764783
vn 0.327226 0.536279 0.778028
vn 0.722349 0.558533 0.407742
vn 0.752006 0.520971 0.403827
vn 0.876030 0.420894 -0.235413
vn 0.755958 0.480706 0.444351
vn 0.742659 0.500461 0.444967
vn 0.767175 0.405494 -0.497008
vn -0.070060 0.751266 0.656270
vn -0.041193 0.808804 0.586634
vn 0.242202 0.893615 0.377877
vn 0.283735 0.864615 0.414651
vn -0.042630 0.905502 0.422195
vn 0.123743 0.953993 0.273102
vn 0.178073 0.930114 0.321213
vn -0.052813 0.856420 0.513572
vn 0.752006 0.520971 0.403827
vn 0.742659 0.500461 0.444967
vn 0.456469 0.493596 0.740269
vn 0.390645 0.512350 0.764783
vn 0.106456 0.617969 0.778962
vn 0.016808 0.625122 0.780346
vn 0.594056 0.722377 0.353933
vn 0.632686 0.683512 0.364033
vn 0.744325 0.465100 0.479231
vn 0.741092 0.472845 0.476655
vn 0.896787 0.422781 -0.130494
vn 0.904261 0.426981 -0.000347
vn 0.475170 0.477061 0.739342
vn 0.456469 0.493596 0.740269
vn 0.742659 0.500461 0.444967
vn 0.755958 0.480706 0.444351
vn 0.656970 0.726337 -0.202051
vn 0.710080 0.564478 -0.420893
vn 0.503815 0.816502 0.281947
vn 0.283735 0.864615 0.414651
vn 0.178073 0.930114 0.321213
vn 0.123743 0.953993 0.273102
vn 0.393340 0.917945 -0.051585
vn 0.486498 0.871566 -0.060768
vn 0.552805 0.767702 0.324099
vn 0.503815 0.816502 0.281947
vn 0.710080 0.564478 -0.420893
vn 0.648026 0.423605 -0.632947
vn 0.283735 0.864615 0.414651
vn 0.242202 0.893615 0.377877
vn 0.587021 0.802032 -0.110236
vn 0.656970 0.726337 -0.202051
vn -0.055332 0.950011 0.307274
vn -0.092480 0.976250 0.195916
vn -0.038745 0.988965 0.142993
vn 0.041570 0.977598 0.206335
vn 0.442534 0.455417 0.772502
vn 0.467146 0.465683 0.751608
vn 0.741092 0.472845 0.476655
vn 0.744325 0.465100 0.479231
vn 0.486498 0.871566 -0.060768
vn 0.587021 0.802032 -0.110236
vn 0.242202 0.893615 0.377877
vn 0.178073 0.930114 0.321213
vn -0.055332 0.950011 0.307274
vn 0.041570 0.977598 0.206335
vn 0.123743 0.953993 0.273102
vn -0.042630 0.905502 0.422195
vn 0.041570 0.977598 0.206335
vn -0.038745 0.988965 0.142993
vn 0.130128 0.989190 -0.067606
vn 0.250410 0.967927 -0.020289
vn 0.250410 0.967927 -0.020289
vn 0.393340 0.917945 -0.051585
vn 0.123743 0.953993 0.273102
vn 0.041570 0.977598 0.206335
vn 0.296493 0.436989 0.849195
vn 0.396345 0.446662 0.802125
vn 0.739427 0.461331 0.490329
vn 0.852388 0.443609 0.276850
vn -0.144954 0.987638 0.059656
vn 0.130128 0.989190 -0.067606
vn -0.038745 0.988965 0.142993
vn -0.092480 0.976250 0.195916
vn 0.050409 0.930539 0.362708
vn 0.269685 0.961003 0.061179
vn 0.323904 0.940777 0.100125
vn 0.100805 0.909582 0.403112
vn -0.061074 0.954240 0.292738
vn -0.134243 0.957753 0.254337
vn 0.072793 0.995612 -0.058811
vn 0.147352 0.989043 -0.008983
vn 0.643465 0.765037 0.025923
vn 0.632187 0.770497 0.081693
vn 0.547814 0.794553 0.261886
vn 0.545476 0.798864 0.253521
vn 0.378511 0.916495 0.129485
vn 0.323904 0.940777 0.100125
vn 0.503098 0.662329 -0.555169
vn 0.525019 0.666936 -0.528726
vn 0.503098 0.662329 -0.555169
vn 0.323904 0.940777 0.100125
vn 0.269685 0.961003 0.061179
vn 0.479284 0.693594 -0.537787
vn 0.648933 0.759843 -0.039051
vn 0.536376 0.806868 0.247518
vn 0.532834 0.815652 0.225387
vn 0.645522 0.757962 -0.093783
vn 0.378511 0.916495 0.129485
vn 0.437979 0.884709 0.159580
vn 0.255353 0.871503 0.418662
vn 0.168300 0.894317 0.414575
vn -0.105660 0.993726 0.036682
vn 0.072793 0.995612 -0.058811
vn -0.134243 0.957753 0.254337
vn -0.224014 0.951692 0.210003
vn 0.563353 0.692426 -0.450755
vn 0.437979 0.884709 0.159580
vn 0.378511 0.916495 0.129485
vn 0.525019 0.666936 -0.528726
vn 0.168300 0.894317 0.414575
vn 0.100805 0.909582 0.403112
vn 0.323904 0.940777 0.100125
vn 0.378511 0.916495 0.129485
vn 0.269685 0.961003 0.061179
vn 0.213471 0.976393 0.032966
vn 0.442204 0.756481 -0.481864
vn 0.479284 0.693594 -0.537787
vn 0.545476 0.798864 0.253521
vn 0.547814 0.794553 0.261886
vn 0.377715 0.784263 0.492202
vn 0.390532 0.792583 0.468292
vn -0.061074 0.954240 0.292738
vn 0.147352 0.989043 -0.008983
vn 0.213471 0.976393 0.032966
vn -0.013711 0.933790 0.357558
vn 0.368921 0.834727 -0.408814
vn 0.442204 0.756481 -0.481864
vn 0.213471 0.976393 0.032966
vn 0.147352 0.989043 -0.008983
vn 0.532834 0.815652 0.225387
vn 0.536376 0.806868 0.247518
vn 0.391892 0.802694 0.449558
vn 0.384592 0.813865 0.435560
vn 0.634230 0.736207 -0.236117
vn 0.507706 0.834508 0.214082
vn 0.488059 0.854044 0.180022
vn 0.608935 0.732326 -0.304790
vn -0.228966 0.972320 -0.046571
vn -0.157131 0.987576 0.001901
vn -0.261389 0.954100 0.146180
vn -0.316304 0.944586 0.087807
vn 0.608935 0.732326 -0.304790
vn 0.488059 0.854044 0.180022
vn 0.437979 0.884709 0.159580
vn 0.563353 0.692426 -0.450755
vn 0.309984 0.849476 0.426967
vn 0.255353 0.871503 0.418662
vn 0.437979 0.884709 0.159580
vn 0.488059 0.854044 0.180022
vn 0.645522 0.757962 -0.093783
vn 0.532834 0.815652 0.225387
vn 0.507706 0.834508 0.214082
vn 0.634230 0.736207 -0.236117
vn -0.224014 0.951692 0.210003
vn -0.261389 0.954100 0.146180
vn -0.157131 0.987576 0.001901
vn -0.105660 0.993726 0.036682
vn -0.352935 0.935434 0.019998
vn -0.284373 0.955026 -0.084013
vn -0.228966 0.972320 -0.046571
vn -0.316304 0.944586 0.087807
vn 0.488059 0.854044 0.180022
vn 0.507706 0.834508 0.214082
vn 0.359584 0.830442 0.425518
vn 0.309984 0.849476 0.426967
vn 0.050409 0.930539 0.362708
vn -0.013711 0.933790 0.357558
vn 0.213471 0.976393 0.032966
vn 0.269685 0.961003 0.061179
vn 0.545476 0.798864 0.253521
vn 0.536376 0.806868 0.247518
vn 0.648933 0.759843 -0.039051
vn 0.643465 0.765037 0.025923
vn 0.384592 0.813865 0.435560
vn 0.359584 0.830442 0.425518
vn 0.507706 0.834508 0.214082
vn 0.532834 0.815652 0.225387
vn 0.126854 0.942943 -0.307841
vn 0.264502 0.897906 -0.351857
vn 0.072793 0.995612 -0.058811
vn -0.105660 0.993726 0.036682
vn -0.228966 0.972320 -0.046571
vn -0.284373 0.955026 -0.084013
vn -0.124957 0.942100 -0.311182
vn -0.045408 0.954010 -0.296317
vn 0.147352 0.989043 -0.008983
vn 0.072793 0.995612 -0.058811
vn 0.264502 0.897906 -0.351857
vn 0.368921 0.834727 -0.408814
vn -0.105660 0.993726 0.036682
vn -0.157131 0.987576 0.001901
vn 0.048650 0.955387 -0.291324
vn 0.126854 0.942943 -0.307841
vn -0.400533 0.914383 -0.058962
vn -0.450137 0.883318 -0.130865
vn -0.423520 0.889748 -0.170233
vn -0.358359 0.924375 -0.130801
vn 0.390532 0.792583 0.468292
vn 0.391892 0.802694 0.449558
vn 0.536376 0.806868 0.247518
vn 0.545476 0.798864 0.253521
vn -0.045408 0.954010 -0.296317
vn 0.048650 0.955387 -0.291324
vn -0.157131 0.987576 0.001901
vn -0.228966 0.972320 -0.046571
vn -0.400533 0.914383 -0.058962
vn -0.358359 0.924375 -0.130801
vn -0.284373 0.955026 -0.084013
vn -0.352935 0.935434 0.019998
vn -0.358359 0.924375 -0.130801
vn -0.423520 0.889748 -0.170233
vn -0.322193 0.884901 -0.336367
vn -0.231195 0.923614 -0.305754
vn -0.231195 0.923614 -0.305754
vn -0.124957 0.942100 -0.311182
vn -0.284373 0.955026 -0.084013
vn -0.358359 0.924375 -0.130801
vn 0.341434 0.775051 0.531713
vn 0.377715 0.784263 0.492202
vn 0.547814 0.794553 0.261886
vn 0.604027 0.781019 0.158623
vn -0.501995 0.837417 -0.216180
vn -0.322193 0.884901 -0.336367
vn -0.423520 0.889748 -0.170233
vn -0.450137 0.883318 -0.130865
vn 0.667289 0.614734 -0.420508
vn 0.696499 0.587933 -0.411368
vn 0.469008 0.759700 0.450431
vn 0.424700 0.794311 0.434396
vn 0.600974 0.642632 -0.475241
vn 0.349261 0.865730 0.358509
vn 0.285200 0.902236 0.323466
vn 0.558453 0.645130 -0.521476
vn 0.063301 0.443635 0.893969
vn 0.621536 0.588279 0.517321
vn 0.633615 0.585003 0.506265
vn 0.212551 0.484071 0.848821
vn 0.494314 0.721831 0.484369
vn -0.977355 -0.207108 -0.043392
vn -0.947833 -0.292950 -0.125673
vn 0.469008 0.759700 0.450431
vn -0.947833 -0.292950 -0.125673
vn -0.933385 -0.358723 -0.010482
vn 0.424700 0.794311 0.434396
vn 0.469008 0.759700 0.450431
vn -0.114232 0.391930 0.912876
vn -0.261644 0.344454 0.901606
vn 0.581478 0.601568 0.547722
vn 0.616280 0.596314 0.514401
vn 0.494314 0.721831 0.484369
vn 0.736480 0.605439 -0.301732
vn 0.773287 0.619093 -0.136936
vn 0.516958 0.677924 0.522660
vn 0.354631 0.934926 0.012253
vn 0.506836 0.641831 -0.575474
vn 0.558453 0.645130 -0.521476
vn 0.285200 0.902236 0.323466
vn -0.972683 -0.084429 0.216241
vn -0.977355 -0.207108 -0.043392
vn 0.494314 0.721831 0.484369
vn 0.516958 0.677924 0.522660
vn 0.736480 0.605439 -0.301732
vn 0.494314 0.721831 0.484369
vn 0.469008 0.759700 0.450431
vn 0.696499 0.587933 -0.411368
vn 0.424700 0.794311 0.434396
vn -0.933385 -0.358723 -0.010482
vn -0.898194 -0.326245 0.294638
vn 0.398533 0.829013 0.392312
vn 0.621536 0.588279 0.517321
vn 0.827943 0.560583 0.016033
vn 0.838366 0.542189 -0.056335
vn 0.633615 0.585003 0.506265
vn 0.600974 0.642632 -0.475241
vn 0.625101 0.571129 -0.532034
vn 0.398533 0.829013 0.392312
vn 0.349261 0.865730 0.358509
vn -0.739641 -0.112965 0.663454
vn 0.349261 0.865730 0.358509
vn 0.398533 0.829013 0.392312
vn -0.898194 -0.326245 0.294638
vn 0.581478 0.601568 0.547722
vn 0.804517 0.589478 0.072578
vn 0.815523 0.575919 0.056917
vn 0.616280 0.596314 0.514401
vn -0.630887 0.193748 0.751294
vn -0.775185 0.105476 0.622867
vn 0.526141 0.638823 0.561321
vn 0.575305 0.622481 0.530605
vn 0.226857 0.972385 -0.054810
vn 0.392150 0.790003 -0.471290
vn 0.459209 0.732910 -0.501966
vn 0.303262 0.952794 -0.014662
vn -0.775185 0.105476 0.622867
vn -0.972683 -0.084429 0.216241
vn 0.516958 0.677924 0.522660
vn 0.526141 0.638823 0.561321
vn 0.790603 0.610392 -0.048675
vn 0.526141 0.638823 0.561321
vn 0.516958 0.677924 0.522660
vn 0.773287 0.619093 -0.136936
vn -0.261644 0.344454 0.901606
vn -0.630887 0.193748 0.751294
vn 0.575305 0.622481 0.530605
vn 0.581478 0.601568 0.547722
vn 0.506836 0.641831 -0.575474
vn 0.354631 0.934926 0.012253
vn 0.303262 0.952794 -0.014662
vn 0.459209 0.732910 -0.501966
vn 0.303710 0.864856 -0.399730
vn 0.392150 0.790003 -0.471290
vn 0.226857 0.972385 -0.054810
vn 0.164121 0.982536 -0.087677
vn 0.526141 0.638823 0.561321
vn 0.790603 0.610392 -0.048675
vn 0.795587 0.603953 0.047768
vn 0.575305 0.622481 0.530605
vn 0.667289 0.614734 -0.420508
vn 0.424700 0.794311 0.434396
vn 0.398533 0.829013 0.392312
vn 0.625101 0.571129 -0.532034
vn 0.621536 0.588279 0.517321
vn 0.063301 0.443635 0.893969
vn -0.114232 0.391930 0.912876
vn 0.616280 0.596314 0.514401
vn 0.804517 0.589478 0.072578
vn 0.581478 0.601568 0.547722
vn 0.575305 0.622481 0.530605
vn 0.795587 0.603953 0.047768
vn -0.242215 0.574402 0.781917
vn 0.354631 0.934926 0.012253
vn 0.285200 0.902236 0.323466
vn -0.494469 0.211631 0.843037
vn 0.226857 0.972385 -0.054810
vn -0.109644 0.838360 0.533976
vn -0.115106 0.899515 0.421455
vn 0.164121 0.982536 -0.087677
vn 0.349261 0.865730 0.358509
vn -0.739641 -0.112965 0.663454
vn -0.494469 0.211631 0.843037
vn 0.285200 0.902236 0.323466
vn 0.354631 0.934926 0.012253
vn -0.242215 0.574402 0.781917
vn -0.148525 0.726382 0.671052
vn 0.303262 0.952794 -0.014662
vn 0.181292 0.924546 -0.335184
vn 0.079281 0.986956 -0.140116
vn 0.001593 0.981501 -0.191450
vn 0.056874 0.952690 -0.298576
vn 0.827943 0.560583 0.016033
vn 0.621536 0.588279 0.517321
vn 0.616280 0.596314 0.514401
vn 0.815523 0.575919 0.056917
vn -0.109644 0.838360 0.533976
vn 0.226857 0.972385 -0.054810
vn 0.303262 0.952794 -0.014662
vn -0.148525 0.726382 0.671052
vn 0.181292 0.924546 -0.335184
vn 0.303710 0.864856 -0.399730
vn 0.164121 0.982536 -0.087677
vn 0.079281 0.986956 -0.140116
vn 0.079281 0.986956 -0.140116
vn -0.103841 0.969051 0.223958
vn -0.169812 0.979260 0.110520
vn 0.001593 0.981501 -0.191450
vn -0.103841 0.969051 0.223958
vn 0.079281 0.986956 -0.140116
vn 0.164121 0.982536 -0.087677
vn -0.115106 0.899515 0.421455
vn 0.836194 0.508993 -0.204221
vn 0.409135 0.535379 0.738903
vn 0.633615 0.585003 0.506265
vn 0.838366 0.542189 -0.056335
vn -0.096922 0.961279 -0.257970
vn 0.056874 0.952690 -0.298576
vn 0.001593 0.981501 -0.191450
vn -0.169812 0.979260 0.110520
vn 0.516816 0.760651 -0.392826
vn 0.552773 0.740131 -0.382946
vn 0.380034 0.872899 0.305978
vn 0.334114 0.895882 0.292854
vn 0.444542 0.779414 -0.441471
vn 0.250597 0.940100 0.231112
vn 0.188833 0.960398 0.204884
vn 0.401031 0.779176 -0.481725
vn 0.200922 0.610653 0.765985
vn 0.558531 0.743047 0.368679
vn 0.568246 0.740241 0.359360
vn 0.302010 0.650287 0.697077
vn 0.413673 0.846417 0.335339
vn -0.844750 -0.205598 0.494091
vn -0.842716 -0.301254 0.446178
vn 0.380034 0.872899 0.305978
vn -0.842716 -0.301254 0.446178
vn -0.781353 -0.306093 0.543870
vn 0.334114 0.895882 0.292854
vn 0.380034 0.872899 0.305978
vn 0.075333 0.557958 0.826442
vn -0.034791 0.508535 0.860338
vn 0.525132 0.754282 0.394075
vn 0.551556 0.749743 0.365612
vn 0.413673 0.846417 0.335339
vn 0.586262 0.755120 -0.293412
vn 0.620362 0.767661 -0.160769
vn 0.447868 0.814253 0.369333
vn 0.210340 0.976708 -0.042406
vn 0.348758 0.773660 -0.528978
vn 0.401031 0.779176 -0.481725
vn 0.188833 0.960398 0.204884
vn -0.755019 -0.027644 0.655120
vn -0.844750 -0.205598 0.494091
vn 0.413673 0.846417 0.335339
vn 0.447868 0.814253 0.369333
vn 0.586262 0.755120 -0.293412
vn 0.413673 0.846417 0.335339
vn 0.380034 0.872899 0.305978
vn 0.552773 0.740131 -0.382946
vn 0.334114 0.895882 0.292854
vn -0.781353 -0.306093 0.543870
vn -0.659429 -0.157587 0.735065
vn 0.301199 0.918056 0.257785
vn 0.558531 0.743047 0.368679
vn 0.692962 0.720193 -0.033560
vn 0.704289 0.704184 -0.090013
vn 0.568246 0.740241 0.359360
vn 0.444542 0.779414 -0.441471
vn 0.487496 0.726026 -0.485009
vn 0.301199 0.918056 0.257785
vn 0.250597 0.940100 0.231112
vn -0.468029 0.140313 0.872503
vn 0.250597 0.940100 0.231112
vn 0.301199 0.918056 0.257785
vn -0.659429 -0.157587 0.735065
vn 0.525132 0.754282 0.394075
vn 0.667527 0.744525 0.009484
vn 0.679960 0.733247 -0.002031
vn 0.551556 0.749743 0.365612
vn -0.339983 0.336756 0.878070
vn -0.481329 0.235374 0.844347
vn 0.470578 0.784235 0.404391
vn 0.512082 0.771202 0.378179
vn 0.097358 0.991315 -0.088406
vn 0.225779 0.868841 -0.440612
vn 0.291759 0.834380 -0.467640
vn 0.164231 0.984524 -0.061156
vn -0.481329 0.235374 0.844347
vn -0.755019 -0.027644 0.655120
vn 0.447868 0.814253 0.369333
vn 0.470578 0.784235 0.404391
vn 0.642194 0.761328 -0.089255
vn 0.470578 0.784235 0.404391
vn 0.447868 0.814253 0.369333
vn 0.620362 0.767661 -0.160769
vn -0.034791 0.508535 0.860338
vn -0.339983 0.336756 0.878070
vn 0.512082 0.771202 0.378179
vn 0.525132 0.754282 0.394075
vn 0.348758 0.773660 -0.528978
vn 0.210340 0.976708 -0.042406
vn 0.164231 0.984524 -0.061156
vn 0.291759 0.834380 -0.467640
vn 0.146719 0.914650 -0.376682
vn 0.225779 0.868841 -0.440612
vn 0.097358 0.991315 -0.088406
vn 0.043583 0.992946 -0.110271
vn 0.470578 0.784235 0.404391
vn 0.642194 0.761328 -0.089255
vn 0.653994 0.756412 -0.011514
vn 0.512082 0.771202 0.378179
vn 0.516816 0.760651 -0.392826
vn 0.334114 0.895882 0.292854
vn 0.301199 0.918056 0.257785
vn 0.487496 0.726026 -0.485009
vn 0.558531 0.743047 0.368679
vn 0.200922 0.610653 0.765985
vn 0.075333 0.557958 0.826442
vn 0.551556 0.749743 0.365612
vn 0.667527 0.744525 0.009484
vn 0.525132 0.754282 0.394075
vn 0.512082 0.771202 0.378179
vn 0.653994 0.756412 -0.011514
vn -0.153444 0.725730 0.670649
vn 0.210340 0.976708 -0.042406
vn 0.188833 0.960398 0.204884
vn -0.289454 0.448543 0.845592
vn 0.097358 0.991315 -0.088406
vn -0.110160 0.902351 0.416686
vn -0.131589 0.938225 0.320028
vn 0.043583 0.992946 -0.110271
vn 0.250597 0.940100 0.231112
vn -0.468029 0.140313 0.872503
vn -0.289454 0.448543 0.845592
vn 0.188833 0.960398 0.204884
vn 0.210340 0.976708 -0.042406
vn -0.153444 0.725730 0.670649
vn -0.112414 0.830495 0.545565
vn 0.164231 0.984524 -0.061156
vn 0.044862 0.948104 -0.314780
vn -0.028348 0.988906 -0.145812
vn -0.093592 0.979058 -0.180794
vn -0.055182 0.960123 -0.274077
vn 0.692962 0.720193 -0.033560
vn 0.558531 0.743047 0.368679
vn 0.551556 0.749743 0.365612
vn 0.679960 0.733247 -0.002031
vn -0.110160 0.902351 0.416686
vn 0.097358 0.991315 -0.088406
vn 0.164231 0.984524 -0.061156
vn -0.112414 0.830495 0.545565
vn 0.044862 0.948104 -0.314780
vn 0.146719 0.914650 -0.376682
vn 0.043583 0.992946 -0.110271
vn -0.028348 0.988906 -0.145812
vn -0.028348 0.988906 -0.145812
vn -0.142755 0.977838 0.153144
vn -0.203680 0.976833 0.065658
vn -0.093592 0.979058 -0.180794
vn -0.142755 0.977838 0.153144
vn -0.028348 0.988906 -0.145812
vn 0.043583 0.992946 -0.110271
vn -0.131589 0.938225 0.320028
vn 0.709701 0.673678 -0.206112
vn 0.429036 0.697811 0.573574
vn 0.568246 0.740241 0.359360
vn 0.704289 0.704184 -0.090013
vn -0.175926 0.958042 -0.226289
vn -0.055182 0.960123 -0.274077
vn -0.093592 0.979058 -0.180794
vn -0.203680 0.976833 0.065658
vn 0.521461 0.803497 -0.287179
vn 0.560291 0.778909 -0.281735
vn 0.447825 0.842932 0.298192
vn 0.404484 0.867853 0.288485
vn 0.440501 0.839611 -0.317825
vn 0.317976 0.915635 0.245977
vn 0.256911 0.939373 0.227100
vn 0.388695 0.854675 -0.344162
vn 0.416642 0.646083 0.639520
vn 0.615952 0.709346 0.342684
vn 0.622933 0.706288 0.336320
vn 0.474811 0.660542 0.581583
vn 0.482941 0.815697 0.318443
vn -0.357309 0.377891 0.854125
vn -0.392115 0.345166 0.852705
vn 0.447825 0.842932 0.298192
vn -0.392115 0.345166 0.852705
vn -0.346771 0.366438 0.863408
vn 0.404484 0.867853 0.288485
vn 0.447825 0.842932 0.298192
vn 0.342925 0.629079 0.697612
vn 0.276239 0.615468 0.738168
vn 0.591127 0.721824 0.359914
vn 0.609360 0.716042 0.340535
vn 0.482941 0.815697 0.318443
vn 0.596919 0.770295 -0.224352
vn 0.637467 0.757863 -0.138852
vn 0.519209 0.783242 0.341985
vn 0.271778 0.959855 -0.069389
vn 0.323378 0.868275 -0.376198
vn 0.388695 0.854675 -0.344162
vn 0.256911 0.939373 0.227100
vn -0.236380 0.444273 0.864145
vn -0.357309 0.377891 0.854125
vn 0.482941 0.815697 0.318443
vn 0.519209 0.783242 0.341985
vn 0.596919 0.770295 -0.224352
vn 0.482941 0.815697 0.318443
vn 0.447825 0.842932 0.298192
vn 0.560291 0.778909 -0.281735
vn 0.404484 0.867853 0.288485
vn -0.346771 0.366438 0.863408
vn -0.234815 0.455216 0.858860
vn 0.368559 0.891121 0.264702
vn 0.615952 0.709346 0.342684
vn 0.715966 0.695839 -0.056572
vn 0.721901 0.685531 -0.094375
vn 0.622933 0.706288 0.336320
vn 0.440501 0.839611 -0.317825
vn 0.487602 0.801188 -0.346903
vn 0.368559 0.891121 0.264702
vn 0.317976 0.915635 0.245977
vn -0.098582 0.593566 0.798724
vn 0.317976 0.915635 0.245977
vn 0.368559 0.891121 0.264702
vn -0.234815 0.455216 0.858860
vn 0.591127 0.721824 0.359914
vn 0.697140 0.716405 -0.027572
vn 0.707169 0.706158 -0.035382
vn 0.609360 0.716042 0.340535
vn 0.086259 0.561102 0.823240
vn -0.012775 0.534346 0.845169
vn 0.545522 0.753779 0.366365
vn 0.576978 0.738499 0.348879
vn 0.157924 0.982027 -0.103363
vn 0.207635 0.923682 -0.322023
vn 0.271057 0.901544 -0.337264
vn 0.225548 0.970677 -0.083158
vn -0.012775 0.534346 0.845169
vn -0.236380 0.444273 0.864145
vn 0.519209 0.783242 0.341985
vn 0.545522 0.753779 0.366365
vn 0.663861 0.742115 -0.092489
vn 0.545522 0.753779 0.366365
vn 0.519209 0.783242 0.341985
vn 0.637467 0.757863 -0.138852
vn 0.276239 0.615468 0.738168
vn 0.086259 0.561102 0.823240
vn 0.576978 0.738499 0.348879
vn 0.591127 0.721824 0.359914
vn 0.323378 0.868275 -0.376198
vn 0.271778 0.959855 -0.069389
vn 0.225548 0.970677 -0.083158
vn 0.271057 0.901544 -0.337264
vn 0.143047 0.948174 -0.283733
vn 0.207635 0.923682 -0.322023
vn 0.157924 0.982027 -0.103363
vn 0.103100 0.987444 -0.119689
vn 0.545522 0.753779 0.366365
vn 0.663861 0.742115 -0.092489
vn 0.682482 0.729730 -0.041375
vn 0.576978 0.738499 0.348879
vn 0.521461 0.803497 -0.287179
vn 0.404484 0.867853 0.288485
vn 0.368559 0.891121 0.264702
vn 0.487602 0.801188 -0.346903
vn 0.615952 0.709346 0.342684
vn 0.416642 0.646083 0.639520
vn 0.342925 0.629079 0.697612
vn 0.609360 0.716042 0.340535
vn 0.697140 0.716405 -0.027572
vn 0.591127 0.721824 0.359914
vn 0.576978 0.738499 0.348879
vn 0.682482 0.729730 -0.041375
vn 0.045647 0.849037 0.526357
vn 0.271778 0.959855 -0.069389
vn 0.256911 0.939373 0.227100
vn -0.003580 0.726984 0.686645
vn 0.157924 0.982027 -0.103363
vn 0.020886 0.937119 0.348385
vn -0.019898 0.958570 0.284163
vn 0.103100 0.987444 -0.119689
vn 0.317976 0.915635 0.245977
vn -0.098582 0.593566 0.798724
vn -0.003580 0.726984 0.686645
vn 0.256911 0.939373 0.227100
vn 0.271778 0.959855 -0.069389
vn 0.045647 0.849037 0.526357
vn 0.049383 0.898513 0.436160
vn 0.225548 0.970677 -0.083158
vn 0.058936 0.966765 -0.248781
vn 0.027719 0.988936 -0.145727
vn -0.042021 0.984327 -0.171273
vn -0.027061 0.973258 -0.228114
vn 0.715966 0.695839 -0.056572
vn 0.615952 0.709346 0.342684
vn 0.609360 0.716042 0.340535
vn 0.707169 0.706158 -0.035382
vn 0.020886 0.937119 0.348385
vn 0.157924 0.982027 -0.103363
vn 0.225548 0.970677 -0.083158
vn 0.049383 0.898513 0.436160
vn 0.058936 0.966765 -0.248781
vn 0.143047 0.948174 -0.283733
vn 0.103100 0.987444 -0.119689
vn 0.027719 0.988936 -0.145727
vn 0.027719 0.988936 -0.145727
vn -0.062891 0.981919 0.178548
vn -0.138742 0.982955 0.120625
vn -0.042021 0.984327 -0.171273
vn -0.062891 0.981919 0.178548
vn 0.027719 0.988936 -0.145727
vn 0.103100 0.987444 -0.119689
vn -0.019898 0.958570 0.284163
vn 0.722030 0.670193 -0.171795
vn 0.546098 0.681487 0.487188
vn 0.622933 0.706288 0.336320
vn 0.721901 0.685531 -0.094375
vn -0.131368 0.969984 -0.204632
vn -0.027061 0.973258 -0.228114
vn -0.042021 0.984327 -0.171273
vn -0.138742 0.982955 0.120625
vn 0.013511 0.906179 0.422679
vn 0.128891 0.986412 -0.101878
vn 0.192353 0.977568 -0.085801
vn 0.071163 0.897225 0.435801
vn -0.102990 0.902332 0.418557
vn -0.173044 0.888212 0.425601
vn -0.085922 0.988356 -0.125576
vn -0.005167 0.993864 -0.110486
vn 0.469357 0.793245 -0.387899
vn 0.485000 0.819006 -0.306601
vn 0.475083 0.879800 -0.015742
vn 0.469323 0.882664 -0.025312
vn 0.254949 0.963353 -0.083377
vn 0.192353 0.977568 -0.085801
vn 0.080798 0.074077 -0.993974
vn 0.068571 0.144118 -0.987182
vn 0.080798 0.074077 -0.993974
vn 0.192353 0.977568 -0.085801
vn 0.128891 0.986412 -0.101878
vn 0.137706 0.125842 -0.982446
vn 0.441662 0.758995 -0.478394
vn 0.457353 0.888859 -0.027511
vn 0.445045 0.893830 -0.054806
vn 0.409704 0.727378 -0.550513
vn 0.254949 0.963353 -0.083377
vn 0.324057 0.942434 -0.082491
vn 0.232101 0.912725 0.336247
vn 0.141198 0.906846 0.397105
vn -0.209815 0.975393 0.067727
vn -0.085922 0.988356 -0.125576
vn -0.173044 0.888212 0.425601
vn -0.253264 0.863493 0.436161
vn 0.123838 0.309919 -0.942664
vn 0.324057 0.942434 -0.082491
vn 0.254949 0.963353 -0.083377
vn 0.068571 0.144118 -0.987182
vn 0.141198 0.906846 0.397105
vn 0.071163 0.897225 0.435801
vn 0.192353 0.977568 -0.085801
vn 0.254949 0.963353 -0.083377
vn 0.128891 0.986412 -0.101878
vn 0.067604 0.992675 -0.100130
vn 0.175861 0.301511 -0.937104
vn 0.137706 0.125842 -0.982446
vn 0.469323 0.882664 -0.025312
vn 0.475083 0.879800 -0.015742
vn 0.386739 0.855396 0.344572
vn 0.392710 0.867317 0.305842
vn -0.102990 0.902332 0.418557
vn -0.005167 0.993864 -0.110486
vn 0.067604 0.992675 -0.100130
vn -0.045810 0.881669 0.469640
vn 0.156332 0.528865 -0.834184
vn 0.175861 0.301511 -0.937104
vn 0.067604 0.992675 -0.100130
vn -0.005167 0.993864 -0.110486
vn 0.445045 0.893830 -0.054806
vn 0.457353 0.888859 -0.027511
vn 0.387738 0.877907 0.280960
vn 0.374972 0.887555 0.267661
vn 0.314961 0.605522 -0.730851
vn 0.414590 0.908407 -0.053970
vn 0.381884 0.920051 -0.087584
vn 0.254505 0.533889 -0.806343
vn -0.337073 0.940505 0.042806
vn -0.263415 0.962985 0.057207
vn -0.303370 0.878001 0.370245
vn -0.364328 0.872529 0.325513
vn 0.254505 0.533889 -0.806343
vn 0.381884 0.920051 -0.087584
vn 0.324057 0.942434 -0.082491
vn 0.123838 0.309919 -0.942664
vn 0.292174 0.905513 0.307703
vn 0.232101 0.912725 0.336247
vn 0.324057 0.942434 -0.082491
vn 0.381884 0.920051 -0.087584
vn 0.409704 0.727378 -0.550513
vn 0.445045 0.893830 -0.054806
vn 0.414590 0.908407 -0.053970
vn 0.314961 0.605522 -0.730851
vn -0.253264 0.863493 0.436161
vn -0.303370 0.878001 0.370245
vn -0.263415 0.962985 0.057207
vn -0.209815 0.975393 0.067727
vn -0.416394 0.874098 0.250139
vn -0.393198 0.918904 0.031790
vn -0.337073 0.940505 0.042806
vn -0.364328 0.872529 0.325513
vn 0.381884 0.920051 -0.087584
vn 0.414590 0.908407 -0.053970
vn 0.344651 0.898639 0.271411
vn 0.292174 0.905513 0.307703
vn 0.013511 0.906179 0.422679
vn -0.045810 0.881669 0.469640
vn 0.067604 0.992675 -0.100130
vn 0.128891 0.986412 -0.101878
vn 0.469323 0.882664 -0.025312
vn 0.457353 0.888859 -0.027511
vn 0.441662 0.758995 -0.478394
vn 0.469357 0.793245 -0.387899
vn 0.374972 0.887555 0.267661
vn 0.344651 0.898639 0.271411
vn 0.414590 0.908407 -0.053970
vn 0.445045 0.893830 -0.054806
vn -0.053336 0.838393 -0.542450
vn 0.077381 0.707744 -0.702218
vn -0.085922 0.988356 -0.125576
vn -0.209815 0.975393 0.067727
vn -0.337073 0.940505 0.042806
vn -0.393198 0.918904 0.031790
vn -0.302767 0.888452 -0.344942
vn -0.224210 0.893693 -0.388642
vn -0.005167 0.993864 -0.110486
vn -0.085922 0.988356 -0.125576
vn 0.077381 0.707744 -0.702218
vn 0.156332 0.528865 -0.834184
vn -0.209815 0.975393 0.067727
vn -0.263415 0.962985 0.057207
vn -0.130900 0.879383 -0.457767
vn -0.053336 0.838393 -0.542450
vn -0.479594 0.861573 0.166377
vn -0.540549 0.835767 0.096437
vn -0.530124 0.847768 0.016075
vn -0.466553 0.884218 0.022048
vn 0.392710 0.867317 0.305842
vn 0.387738 0.877907 0.280960
vn 0.457353 0.888859 -0.027511
vn 0.469323 0.882664 -0.025312
vn -0.224210 0.893693 -0.388642
vn -0.130900 0.879383 -0.457767
vn -0.263415 0.962985 0.057207
vn -0.337073 0.940505 0.042806
vn -0.479594 0.861573 0.166377
vn -0.466553 0.884218 0.022048
vn -0.393198 0.918904 0.031790
vn -0.416394 0.874098 0.250139
vn -0.466553 0.884218 0.022048
vn -0.530124 0.847768 0.016075
vn -0.491251 0.842641 -0.220518
vn -0.404272 0.880024 -0.249243
vn -0.404272 0.880024 -0.249243
vn -0.302767 0.888452 -0.344942
vn -0.393198 0.918904 0.031790
vn -0.466553 0.884218 0.022048
vn 0.358977 0.834645 0.417737
vn 0.386739 0.855396 0.344572
vn 0.475083 0.879800 -0.015742
vn 0.490964 0.850810 -0.187289
vn -0.605736 0.795591 0.010881
vn -0.491251 0.842641 -0.220518
vn -0.530124 0.847768 0.016075
vn -0.540549 0.835767 0.096437
vn 0.502295 0.640448 -0.580970
vn 0.534153 0.611025 -0.584234
vn 0.616293 0.742732 0.261786
vn 0.571124 0.777692 0.262701
vn 0.419829 0.679524 -0.601657
vn 0.475647 0.849965 0.226539
vn 0.405232 0.887682 0.218650
vn 0.362281 0.692144 -0.624251
vn 0.464277 0.462903 0.755095
vn 0.775139 0.572273 0.267700
vn 0.781684 0.569096 0.255147
vn 0.563118 0.490424 0.665119
vn 0.651265 0.705038 0.280670
vn -0.771415 -0.015716 0.636138
vn -0.805313 -0.093693 0.585399
vn 0.616293 0.742732 0.261786
vn -0.805313 -0.093693 0.585399
vn -0.738992 -0.132200 0.660616
vn 0.571124 0.777692 0.262701
vn 0.616293 0.742732 0.261786
vn 0.336155 0.429344 0.838250
vn 0.220490 0.399594 0.889780
vn 0.751296 0.585778 0.304003
vn 0.769459 0.580252 0.266910
vn 0.651265 0.705038 0.280670
vn 0.602263 0.614564 -0.509501
vn 0.685602 0.614169 -0.390828
vn 0.685502 0.661609 0.303908
vn 0.358998 0.922063 -0.144635
vn 0.290709 0.701838 -0.650317
vn 0.362281 0.692144 -0.624251
vn 0.405232 0.887682 0.218650
vn -0.620587 0.095237 0.778333
vn -0.771415 -0.015716 0.636138
vn 0.651265 0.705038 0.280670
vn 0.685502 0.661609 0.303908
vn 0.602263 0.614564 -0.509501
vn 0.651265 0.705038 0.280670
vn 0.616293 0.742732 0.261786
vn 0.534153 0.611025 -0.584234
vn 0.571124 0.777692 0.262701
vn -0.738992 -0.132200 0.660616
vn -0.559600 -0.068626 0.825916
vn 0.532161 0.812536 0.237887
vn 0.775139 0.572273 0.267700
vn 0.784627 0.548859 -0.288296
vn 0.770456 0.533451 -0.349038
vn 0.781684 0.569096 0.255147
vn 0.419829 0.679524 -0.601657
vn 0.431865 0.616935 -0.657939
vn 0.532161 0.812536 0.237887
vn 0.475647 0.849965 0.226539
vn -0.278656 0.128584 0.951744
vn 0.475647 0.849965 0.226539
vn 0.532161 0.812536 0.237887
vn -0.559600 -0.068626 0.825916
vn 0.751296 0.585778 0.304003
vn 0.782865 0.575657 -0.236099
vn 0.787281 0.562753 -0.251989
vn 0.769459 0.580252 0.266910
vn -0.114912 0.300268 0.946908
vn -0.278067 0.241611 0.929679
vn 0.708160 0.623270 0.331728
vn 0.739506 0.606355 0.292343
vn 0.218028 0.963017 -0.158308
vn 0.210265 0.822511 -0.528455
vn 0.265538 0.774289 -0.574426
vn 0.302493 0.941264 -0.150069
vn -0.278067 0.241611 0.929679
vn -0.620587 0.095237 0.778333
vn 0.685502 0.661609 0.303908
vn 0.708160 0.623270 0.331728
vn 0.729627 0.600612 -0.326970
vn 0.708160 0.623270 0.331728
vn 0.685502 0.661609 0.303908
vn 0.685602 0.614169 -0.390828
vn 0.220490 0.399594 0.889780
vn -0.114912 0.300268 0.946908
vn 0.739506 0.606355 0.292343
vn 0.751296 0.585778 0.304003
vn 0.290709 0.701838 -0.650317
vn 0.358998 0.922063 -0.144635
vn 0.302493 0.941264 -0.150069
vn 0.265538 0.774289 -0.574426
vn 0.153779 0.882188 -0.445080
vn 0.210265 0.822511 -0.528455
vn 0.218028 0.963017 -0.158308
vn 0.148400 0.975066 -0.164999
vn 0.708160 0.623270 0.331728
vn 0.729627 0.600612 -0.326970
vn 0.766346 0.590626 -0.252734
vn 0.739506 0.606355 0.292343
vn 0.502295 0.640448 -0.580970
vn 0.571124 0.777692 0.262701
vn 0.532161 0.812536 0.237887
vn 0.431865 0.616935 -0.657939
vn 0.775139 0.572273 0.267700
vn 0.464277 0.462903 0.755095
vn 0.336155 0.429344 0.838250
vn 0.769459 0.580252 0.266910
vn 0.782865 0.575657 -0.236099
vn 0.751296 0.585778 0.304003
vn 0.739506 0.606355 0.292343
vn 0.766346 0.590626 -0.252734
vn 0.128688 0.653503 0.745904
vn 0.358998 0.922063 -0.144635
vn 0.405232 0.887682 0.218650
vn -0.031065 0.382830 0.923297
vn 0.218028 0.963017 -0.158308
vn 0.132605 0.857168 0.497674
vn 0.081606 0.907958 0.411038
vn 0.148400 0.975066 -0.164999
vn 0.475647 0.849965 0.226539
vn -0.278656 0.128584 0.951744
vn -0.031065 0.382830 0.923297
vn 0.405232 0.887682 0.218650
vn 0.358998 0.922063 -0.144635
vn 0.128688 0.653503 0.745904
vn 0.157617 0.768371 0.620293
vn 0.302493 0.941264 -0.150069
vn 0.065952 0.931145 -0.358636
vn 0.050611 0.982325 -0.180214
vn -0.040759 0.979626 -0.196653
vn -0.033389 0.955184 -0.294124
vn 0.784627 0.548859 -0.288296
vn 0.775139 0.572273 0.267700
vn 0.769459 0.580252 0.266910
vn 0.787281 0.562753 -0.251989
vn 0.132605 0.857168 0.497674
vn 0.218028 0.963017 -0.158308
vn 0.302493 0.941264 -0.150069
vn 0.157617 0.768371 0.620293
vn 0.065952 0.931145 -0.358636
vn 0.153779 0.882188 -0.445080
vn 0.148400 0.975066 -0.164999
vn 0.050611 0.982325 -0.180214
vn 0.050611 0.982325 -0.180214
vn 0.014893 0.966478 0.256316
vn -0.089740 0.977807 0.189314
vn -0.040759 0.979626 -0.196653
vn 0.014893 0.966478 0.256316
vn 0.050611 0.982325 -0.180214
vn 0.148400 0.975066 -0.164999
vn 0.081606 0.907958 0.411038
vn 0.724133 0.507874 -0.466578
vn 0.678720 0.527555 0.510905
vn 0.781684 0.569096 0.255147
vn 0.770456 0.533451 -0.349038
vn -0.157898 0.962943 -0.218654
vn -0.033389 0.955184 -0.294124
vn -0.040759 0.979626 -0.196653
vn -0.089740 0.977807 0.189314
vn 0.726170 0.559172 -0.400005
vn 0.747657 0.523146 -0.409056
vn 0.831656 0.542674 0.117705
vn 0.805031 0.580783 0.120898
vn 0.666929 0.630053 -0.397792
vn 0.741956 0.662403 0.103557
vn 0.693392 0.713174 0.102911
vn 0.621563 0.672916 -0.401053
vn 0.790246 0.381723 0.479374
vn 0.916603 0.383837 0.111837
vn 0.919068 0.380426 0.102908
vn 0.833827 0.376093 0.404089
vn 0.852749 0.506373 0.128083
vn 0.137204 0.502026 0.853900
vn 0.102686 0.507850 0.855304
vn 0.831656 0.542674 0.117705
vn 0.102686 0.507850 0.855304
vn 0.140188 0.516119 0.844966
vn 0.805031 0.580783 0.120898
vn 0.831656 0.542674 0.117705
vn 0.732114 0.392039 0.557059
vn 0.678211 0.404097 0.613787
vn 0.906856 0.398222 0.137953
vn 0.913783 0.390550 0.111672
vn 0.852749 0.506373 0.128083
vn 0.789473 0.493833 -0.364503
vn 0.839840 0.458526 -0.290556
vn 0.872928 0.466831 0.141654
vn 0.633858 0.766566 -0.102955
vn 0.558873 0.725580 -0.401491
vn 0.621563 0.672916 -0.401053
vn 0.693392 0.713174 0.102911
vn 0.242294 0.485266 0.840125
vn 0.137204 0.502026 0.853900
vn 0.852749 0.506373 0.128083
vn 0.872928 0.466831 0.141654
vn 0.789473 0.493833 -0.364503
vn 0.852749 0.506373 0.128083
vn 0.831656 0.542674 0.117705
vn 0.747657 0.523146 -0.409056
vn 0.805031 0.580783 0.120898
vn 0.140188 0.516119 0.844966
vn 0.242797 0.532795 0.810666
vn 0.779220 0.617500 0.107287
vn 0.916603 0.383837 0.111837
vn 0.895848 0.380681 -0.229213
vn 0.886303 0.375888 -0.270510
vn 0.919068 0.380426 0.102908
vn 0.666929 0.630053 -0.397792
vn 0.680189 0.582701 -0.444751
vn 0.779220 0.617500 0.107287
vn 0.741956 0.662403 0.103557
vn 0.380561 0.571820 0.726770
vn 0.741956 0.662403 0.103557
vn 0.779220 0.617500 0.107287
vn 0.242797 0.532795 0.810666
vn 0.906856 0.398222 0.137953
vn 0.897062 0.397558 -0.192942
vn 0.898640 0.388218 -0.204285
vn 0.913783 0.390550 0.111672
vn 0.517445 0.432870 0.738156
vn 0.433898 0.453207 0.778676
vn 0.886580 0.434319 0.159194
vn 0.900310 0.415146 0.130749
vn 0.519932 0.847979 -0.102964
vn 0.483572 0.819766 -0.306827
vn 0.534193 0.771674 -0.345190
vn 0.589861 0.800917 -0.102935
vn 0.433898 0.453207 0.778676
vn 0.242294 0.485266 0.840125
vn 0.872928 0.466831 0.141654
vn 0.886580 0.434319 0.159194
vn 0.865929 0.432775 -0.250743
vn 0.886580 0.434319 0.159194
vn 0.872928 0.466831 0.141654
vn 0.839840 0.458526 -0.290556
vn 0.678211 0.404097 0.613787
vn 0.517445 0.432870 0.738156
vn 0.900310 0.415146 0.130749
vn 0.906856 0.398222 0.137953
vn 0.558873 0.725580 -0.401491
vn 0.633858 0.766566 -0.102955
vn 0.589861 0.800917 -0.102935
vn 0.534193 0.771674 -0.345190
vn 0.436314 0.863940 -0.251472
vn 0.483572 0.819766 -0.306827
vn 0.519932 0.847979 -0.102964
vn 0.458781 0.882568 -0.102931
vn 0.886580 0.434319 0.159194
vn 0.865929 0.432775 -0.250743
vn 0.887994 0.412648 -0.202947
vn 0.900310 0.415146 0.130749
vn 0.726170 0.559172 -0.400005
vn 0.805031 0.580783 0.120898
vn 0.779220 0.617500 0.107287
vn 0.680189 0.582701 -0.444751
vn 0.916603 0.383837 0.111837
vn 0.790246 0.381723 0.479374
vn 0.732114 0.392039 0.557059
vn 0.913783 0.390550 0.111672
vn 0.897062 0.397558 -0.192942
vn 0.906856 0.398222 0.137953
vn 0.900310 0.415146 0.130749
vn 0.887994 0.412648 -0.202947
vn 0.542275 0.717387 0.437371
vn 0.633858 0.766566 -0.102955
vn 0.693392 0.713174 0.102911
vn 0.486552 0.632990 0.602155
vn 0.519932 0.847979 -0.102964
vn 0.502892 0.820531 0.271715
vn 0.447374 0.866531 0.221316
vn 0.458781 0.882568 -0.102931
vn 0.741956 0.662403 0.103557
vn 0.380561 0.571820 0.726770
vn 0.486552 0.632990 0.602155
vn 0.693392 0.713174 0.102911
vn 0.633858 0.766566 -0.102955
vn 0.542275 0.717387 0.437371
vn 0.541990 0.764277 0.349467
vn 0.589861 0.800917 -0.102935
vn 0.359863 0.912118 -0.196314
vn 0.366071 0.924553 -0.105797
vn 0.272601 0.955898 -0.109308
vn 0.266648 0.951031 -0.156328
vn 0.895848 0.380681 -0.229213
vn 0.916603 0.383837 0.111837
vn 0.913783 0.390550 0.111672
vn 0.898640 0.388218 -0.204285
vn 0.502892 0.820531 0.271715
vn 0.519932 0.847979 -0.102964
vn 0.589861 0.800917 -0.102935
vn 0.541990 0.764277 0.349467
vn 0.359863 0.912118 -0.196314
vn 0.436314 0.863940 -0.251472
vn 0.458781 0.882568 -0.102931
vn 0.366071 0.924553 -0.105797
vn 0.366071 0.924553 -0.105797
vn 0.371445 0.917711 0.140839
vn 0.260295 0.959032 0.111826
vn 0.272601 0.955898 -0.109308
vn 0.371445 0.917711 0.140839
vn 0.366071 0.924553 -0.105797
vn 0.458781 0.882568 -0.102931
vn 0.447374 0.866531 0.221316
vn 0.858553 0.374189 -0.350528
vn 0.882313 0.374195 0.285485
vn 0.919068 0.380426 0.102908
vn 0.886303 0.375888 -0.270510
vn 0.143319 0.983111 -0.113810
vn 0.266648 0.951031 -0.156328
vn 0.272601 0.955898 -0.109308
vn 0.260295 0.959032 0.111826
vn -0.547757 0.577380 -0.605471
vn -0.682284 0.691797 0.236446
vn -0.718892 0.654978 0.232805
vn -0.572434 0.546934 -0.610888
vn 0.507307 0.777899 0.370827
vn 0.519029 0.839205 -0.162307
vn 0.569717 0.805383 -0.163646
vn 0.551458 0.745425 0.374480
vn 0.407183 0.828039 0.385426
vn 0.339803 0.849955 0.402630
vn 0.331704 0.935121 -0.124581
vn 0.408832 0.902898 -0.132785
vn 0.587582 0.581989 -0.562171
vn 0.643669 0.592938 -0.483854
vn 0.759468 0.628995 -0.166056
vn 0.753949 0.633146 -0.175181
vn 0.612540 0.769918 -0.178944
vn 0.569717 0.805383 -0.163646
vn -0.306814 0.301359 -0.902800
vn -0.267693 0.340893 -0.901184
vn -0.306814 0.301359 -0.902800
vn 0.569717 0.805383 -0.163646
vn 0.519029 0.839205 -0.162307
vn -0.250182 0.313984 -0.915873
vn 0.512812 0.569524 -0.642391
vn 0.747188 0.641341 -0.174331
vn 0.732757 0.650026 -0.201329
vn 0.442861 0.560037 -0.700166
vn 0.612540 0.769918 -0.178944
vn 0.656071 0.728334 -0.197739
vn 0.669398 0.706240 0.230500
vn 0.605737 0.729183 0.318396
vn 0.262816 0.962518 0.066982
vn 0.331704 0.935121 -0.124581
vn 0.339803 0.849955 0.402630
vn 0.253819 0.869573 0.423578
vn -0.129026 0.408932 -0.903397
vn 0.656071 0.728334 -0.197739
vn 0.612540 0.769918 -0.178944
vn -0.267693 0.340893 -0.901184
vn 0.605737 0.729183 0.318396
vn 0.551458 0.745425 0.374480
vn 0.569717 0.805383 -0.163646
vn 0.612540 0.769918 -0.178944
vn 0.519029 0.839205 -0.162307
vn 0.472296 0.869760 -0.143016
vn -0.116178 0.402792 -0.907888
vn -0.250182 0.313984 -0.915873
vn 0.753949 0.633146 -0.175181
vn 0.759468 0.628995 -0.166056
vn 0.763887 0.613446 0.200402
vn 0.766391 0.623381 0.155054
vn 0.407183 0.828039 0.385426
vn 0.408832 0.902898 -0.132785
vn 0.472296 0.869760 -0.143016
vn 0.453782 0.780605 0.429811
vn 0.038937 0.554225 -0.831456
vn -0.116178 0.402792 -0.907888
vn 0.472296 0.869760 -0.143016
vn 0.408832 0.902898 -0.132785
vn 0.732757 0.650026 -0.201329
vn 0.747188 0.641341 -0.174331
vn 0.762204 0.634501 0.128273
vn 0.753874 0.646574 0.116684
vn 0.235702 0.515285 -0.823970
vn 0.716684 0.670466 -0.191936
vn 0.688058 0.691566 -0.219801
vn 0.125357 0.492640 -0.861157
vn 0.115068 0.990024 0.081309
vn 0.203018 0.976468 0.072755
vn 0.199235 0.907985 0.368604
vn 0.124834 0.932764 0.338184
vn 0.125357 0.492640 -0.861157
vn 0.688058 0.691566 -0.219801
vn 0.656071 0.728334 -0.197739
vn -0.129026 0.408932 -0.903397
vn 0.707080 0.682888 0.183580
vn 0.669398 0.706240 0.230500
vn 0.656071 0.728334 -0.197739
vn 0.688058 0.691566 -0.219801
vn 0.442861 0.560037 -0.700166
vn 0.732757 0.650026 -0.201329
vn 0.716684 0.670466 -0.191936
vn 0.235702 0.515285 -0.823970
vn 0.253819 0.869573 0.423578
vn 0.199235 0.907985 0.368604
vn 0.203018 0.976468 0.072755
vn 0.262816 0.962518 0.066982
vn 0.054033 0.957930 0.281871
vn 0.043698 0.995144 0.088197
vn 0.115068 0.990024 0.081309
vn 0.124834 0.932764 0.338184
vn 0.688058 0.691566 -0.219801
vn 0.716684 0.670466 -0.191936
vn 0.736610 0.663890 0.129055
vn 0.707080 0.682888 0.183580
vn 0.507307 0.777899 0.370827
vn 0.453782 0.780605 0.429811
vn 0.472296 0.869760 -0.143016
vn 0.519029 0.839205 -0.162307
vn 0.753949 0.633146 -0.175181
vn 0.747188 0.641341 -0.174331
vn 0.512812 0.569524 -0.642391
vn 0.587582 0.581989 -0.562171
vn 0.753874 0.646574 0.116684
vn 0.736610 0.663890 0.129055
vn 0.716684 0.670466 -0.191936
vn 0.732757 0.650026 -0.201329
vn 0.154017 0.848130 -0.506906
vn 0.132240 0.706898 -0.694844
vn 0.331704 0.935121 -0.124581
vn 0.262816 0.962518 0.066982
vn 0.115068 0.990024 0.081309
vn 0.043698 0.995144 0.088197
vn 0.009822 0.968731 -0.247918
vn 0.077018 0.947067 -0.311660
vn 0.408832 0.902898 -0.132785
vn 0.331704 0.935121 -0.124581
vn 0.132240 0.706898 -0.694844
vn 0.038937 0.554225 -0.831456
vn 0.262816 0.962518 0.066982
vn 0.203018 0.976468 0.072755
vn 0.135247 0.904423 -0.404633
vn 0.154017 0.848130 -0.506906
vn -0.041181 0.973439 0.225211
vn -0.140773 0.972815 0.183887
vn -0.145386 0.982578 0.115778
vn -0.054838 0.993305 0.101679
vn 0.766391 0.623381 0.155054
vn 0.762204 0.634501 0.128273
vn 0.747188 0.641341 -0.174331
vn 0.753949 0.633146 -0.175181
vn 0.077018 0.947067 -0.311660
vn 0.135247 0.904423 -0.404633
vn 0.203018 0.976468 0.072755
vn 0.115068 0.990024 0.081309
vn -0.041181 0.973439 0.225211
vn -0.054838 0.993305 0.101679
vn 0.043698 0.995144 0.088197
vn 0.054033 0.957930 0.281871
vn -0.054838 0.993305 0.101679
vn -0.145386 0.982578 0.115778
vn -0.176485 0.980335 -0.088292
vn -0.070422 0.987968 -0.137693
vn -0.070422 0.987968 -0.137693
vn 0.009822 0.968731 -0.247918
vn 0.043698 0.995144 0.088197
vn -0.054838 0.993305 0.101679
vn 0.745236 0.600443 0.289984
vn 0.763887 0.613446 0.200402
vn 0.759468 0.628995 -0.166056
vn 0.706591 0.609565 -0.359387
vn -0.259579 0.956309 0.134507
vn -0.176485 0.980335 -0.088292
vn -0.145386 0.982578 0.115778
vn -0.140773 0.972815 0.183887
vn -0.475343 0.623830 -0.620391
vn -0.421561 0.643770 -0.638628
vn -0.542745 0.815484 0.201030
vn -0.603186 0.770799 0.205027
vn 0.798365 0.562877 0.213969
vn 0.711579 0.599092 -0.367075
vn 0.739990 0.560043 -0.372515
vn 0.822074 0.527241 0.214969
vn 0.738925 0.630600 0.237347
vn 0.695097 0.669888 0.260940
vn 0.606117 0.733883 -0.306657
vn 0.654914 0.682542 -0.324382
vn 0.523970 0.385435 -0.759536
vn 0.609226 0.382620 -0.694583
vn 0.834902 0.392648 -0.385703
vn 0.828787 0.396172 -0.395170
vn 0.757124 0.522584 -0.392007
vn 0.739990 0.560043 -0.372515
vn -0.472642 0.416053 -0.776858
vn -0.429555 0.427554 -0.795412
vn -0.472642 0.416053 -0.776858
vn 0.739990 0.560043 -0.372515
vn 0.711579 0.599092 -0.367075
vn -0.428775 0.413396 -0.803278
vn 0.419402 0.391815 -0.818891
vn 0.825999 0.403099 -0.394001
vn 0.808177 0.410836 -0.421977
vn 0.328799 0.399775 -0.855611
vn 0.757124 0.522584 -0.392007
vn 0.772012 0.481658 -0.414732
vn 0.882098 0.469579 0.037411
vn 0.852865 0.501615 0.144927
vn 0.606211 0.787353 -0.112176
vn 0.606117 0.733883 -0.306657
vn 0.695097 0.669888 0.260940
vn 0.634195 0.717318 0.288535
vn -0.298954 0.433271 -0.850237
vn 0.772012 0.481658 -0.414732
vn 0.757124 0.522584 -0.392007
vn -0.429555 0.427554 -0.795412
vn 0.852865 0.501615 0.144927
vn 0.822074 0.527241 0.214969
vn 0.739990 0.560043 -0.372515
vn 0.757124 0.522584 -0.392007
vn 0.711579 0.599092 -0.367075
vn 0.691094 0.636793 -0.341883
vn -0.292230 0.435298 -0.851538
vn -0.428775 0.413396 -0.803278
vn 0.828787 0.396172 -0.395170
vn 0.834902 0.392648 -0.385703
vn 0.922513 0.385933 -0.004952
vn 0.918383 0.391622 -0.056615
vn 0.738925 0.630600 0.237347
vn 0.654914 0.682542 -0.324382
vn 0.691094 0.636793 -0.341883
vn 0.762406 0.580149 0.286641
vn -0.080105 0.496146 -0.864536
vn -0.292230 0.435298 -0.851538
vn 0.691094 0.636793 -0.341883
vn 0.654914 0.682542 -0.324382
vn 0.808177 0.410836 -0.421977
vn 0.825999 0.403099 -0.394001
vn 0.912518 0.399750 -0.086669
vn 0.906883 0.409523 -0.099264
vn 0.077604 0.415456 -0.906297
vn 0.804500 0.428382 -0.411423
vn 0.778511 0.447922 -0.439643
vn -0.042040 0.425706 -0.903884
vn 0.492182 0.867446 -0.072770
vn 0.562047 0.821405 -0.096938
vn 0.595640 0.769883 0.229113
vn 0.535068 0.820551 0.200994
vn -0.042040 0.425706 -0.903884
vn 0.778511 0.447922 -0.439643
vn 0.772012 0.481658 -0.414732
vn -0.298954 0.433271 -0.850237
vn 0.895529 0.444568 -0.019674
vn 0.882098 0.469579 0.037411
vn 0.772012 0.481658 -0.414732
vn 0.778511 0.447922 -0.439643
vn 0.328799 0.399775 -0.855611
vn 0.808177 0.410836 -0.421977
vn 0.804500 0.428382 -0.411423
vn 0.077604 0.415456 -0.906297
vn 0.634195 0.717318 0.288535
vn 0.595640 0.769883 0.229113
vn 0.562047 0.821405 -0.096938
vn 0.606211 0.787353 -0.112176
vn 0.470036 0.870122 0.148169
vn 0.431365 0.900690 -0.051789
vn 0.492182 0.867446 -0.072770
vn 0.535068 0.820551 0.200994
vn 0.778511 0.447922 -0.439643
vn 0.804500 0.428382 -0.411423
vn 0.901323 0.424897 -0.084138
vn 0.895529 0.444568 -0.019674
vn 0.798365 0.562877 0.213969
vn 0.762406 0.580149 0.286641
vn 0.691094 0.636793 -0.341883
vn 0.711579 0.599092 -0.367075
vn 0.828787 0.396172 -0.395170
vn 0.825999 0.403099 -0.394001
vn 0.419402 0.391815 -0.818891
vn 0.523970 0.385435 -0.759536
vn 0.906883 0.409523 -0.099264
vn 0.901323 0.424897 -0.084138
vn 0.804500 0.428382 -0.411423
vn 0.808177 0.410836 -0.421977
vn 0.283058 0.701932 -0.653582
vn 0.120518 0.585814 -0.801435
vn 0.606117 0.733883 -0.306657
vn 0.606211 0.787353 -0.112176
vn 0.492182 0.867446 -0.072770
vn 0.431365 0.900690 -0.051789
vn 0.304344 0.876753 -0.372396
vn 0.334540 0.827163 -0.451536
vn 0.654914 0.682542 -0.324382
vn 0.606117 0.733883 -0.306657
vn 0.120518 0.585814 -0.801435
vn -0.080105 0.496146 -0.864536
vn 0.606211 0.787353 -0.112176
vn 0.562047 0.821405 -0.096938
vn 0.332687 0.762374 -0.555073
vn 0.283058 0.701932 -0.653582
vn 0.374181 0.921452 0.104471
vn 0.266530 0.960112 0.084542
vn 0.251107 0.967754 0.019956
vn 0.341081 0.939890 -0.016418
vn 0.918383 0.391622 -0.056615
vn 0.912518 0.399750 -0.086669
vn 0.825999 0.403099 -0.394001
vn 0.828787 0.396172 -0.395170
vn 0.334540 0.827163 -0.451536
vn 0.332687 0.762374 -0.555073
vn 0.562047 0.821405 -0.096938
vn 0.492182 0.867446 -0.072770
vn 0.374181 0.921452 0.104471
vn 0.341081 0.939890 -0.016418
vn 0.431365 0.900690 -0.051789
vn 0.470036 0.870122 0.148169
vn 0.341081 0.939890 -0.016418
vn 0.251107 0.967754 0.019956
vn 0.172078 0.970320 -0.169907
vn 0.267615 0.931825 -0.245120
vn 0.267615 0.931825 -0.245120
vn 0.304344 0.876753 -0.372396
vn 0.431365 0.900690 -0.051789
vn 0.341081 0.939890 -0.016418
vn 0.918750 0.382304 0.098700
vn 0.922513 0.385933 -0.004952
vn 0.834902 0.392648 -0.385703
vn 0.717708 0.383910 -0.580955
vn 0.127736 0.989363 0.069596
vn 0.172078 0.970320 -0.169907
vn 0.251107 0.967754 0.019956
vn 0.266530 0.960112 0.084542
vn -0.538152 0.408454 0.737264
vn -0.636687 0.426017 0.642759
vn -0.847495 0.484971 0.215765
vn -0.842197 0.488134 0.228976
vn 0.155326 0.910368 0.383542
vn -0.008528 0.983438 -0.181046
vn 0.056705 0.978677 -0.197422
vn 0.214808 0.905207 0.366685
vn 0.047237 0.899793 0.433753
vn -0.012494 0.881971 0.471137
vn -0.212857 0.971454 -0.104735
vn -0.134240 0.982539 -0.128832
vn 0.207223 0.813641 -0.543183
vn 0.249505 0.835762 -0.489132
vn 0.352814 0.894821 -0.273529
vn 0.343229 0.897251 -0.277732
vn 0.116024 0.967816 -0.223318
vn 0.056705 0.978677 -0.197422
vn -0.314229 0.255036 -0.914449
vn -0.314828 0.305802 -0.898537
vn -0.314229 0.255036 -0.914449
vn 0.056705 0.978677 -0.197422
vn -0.008528 0.983438 -0.181046
vn -0.281600 0.302097 -0.910735
vn 0.152448 0.785353 -0.599983
vn 0.330823 0.903073 -0.273888
vn 0.307555 0.906983 -0.287736
vn 0.100767 0.760200 -0.641828
vn 0.116024 0.967816 -0.223318
vn 0.181288 0.950247 -0.253308
vn 0.317268 0.921133 0.225510
vn 0.261211 0.914716 0.308324
vn -0.200583 0.952733 0.228182
vn -0.212857 0.971454 -0.104735
vn -0.012494 0.881971 0.471137
vn -0.078758 0.852813 0.516244
vn -0.254620 0.433964 -0.864201
vn 0.181288 0.950247 -0.253308
vn 0.116024 0.967816 -0.223318
vn -0.314828 0.305802 -0.898537
vn 0.261211 0.914716 0.308324
vn 0.214808 0.905207 0.366685
vn 0.056705 0.978677 -0.197422
vn 0.116024 0.967816 -0.223318
vn -0.008528 0.983438 -0.181046
vn -0.063960 0.986144 -0.153067
vn -0.257374 0.439997 -0.860326
vn -0.281600 0.302097 -0.910735
vn 0.343229 0.897251 -0.277732
vn 0.352814 0.894821 -0.273529
vn 0.467000 0.869074 0.163159
vn 0.454768 0.880590 0.133220
vn 0.047237 0.899793 0.433753
vn -0.134240 0.982539 -0.128832
vn -0.063960 0.986144 -0.153067
vn 0.123158 0.887663 0.443719
vn -0.259459 0.610332 -0.748450
vn -0.257374 0.439997 -0.860326
vn -0.063960 0.986144 -0.153067
vn -0.134240 0.982539 -0.128832
vn 0.307555 0.906983 -0.287736
vn 0.330823 0.903073 -0.273888
vn 0.438745 0.890847 0.117877
vn 0.420692 0.899990 0.114176
vn -0.034356 0.663312 -0.747554
vn 0.278880 0.920567 -0.273463
vn 0.233870 0.930260 -0.282703
vn -0.109422 0.608825 -0.785722
vn -0.321408 0.909331 0.264225
vn -0.251809 0.936662 0.243427
vn -0.151096 0.858024 0.490882
vn -0.222486 0.845427 0.485544
vn -0.109422 0.608825 -0.785722
vn 0.233870 0.930260 -0.282703
vn 0.181288 0.950247 -0.253308
vn -0.254620 0.433964 -0.864201
vn 0.360460 0.915446 0.178961
vn 0.317268 0.921133 0.225510
vn 0.181288 0.950247 -0.253308
vn 0.233870 0.930260 -0.282703
vn 0.100767 0.760200 -0.641828
vn 0.307555 0.906983 -0.287736
vn 0.278880 0.920567 -0.273463
vn -0.034356 0.663312 -0.747554
vn -0.078758 0.852813 0.516244
vn -0.151096 0.858024 0.490882
vn -0.251809 0.936662 0.243427
vn -0.200583 0.952733 0.228182
vn -0.298794 0.840129 0.452664
vn -0.373928 0.884228 0.279854
vn -0.321408 0.909331 0.264225
vn -0.222486 0.845427 0.485544
vn 0.233870 0.930260 -0.282703
vn 0.278880 0.920567 -0.273463
vn 0.393599 0.910005 0.130274
vn 0.360460 0.915446 0.178961
vn 0.155326 0.910368 0.383542
vn 0.123158 0.887663 0.443719
vn -0.063960 0.986144 -0.153067
vn -0.008528 0.983438 -0.181046
vn 0.343229 0.897251 -0.277732
vn 0.330823 0.903073 -0.273888
vn 0.152448 0.785353 -0.599983
vn 0.207223 0.813641 -0.543183
vn 0.420692 0.899990 0.114176
vn 0.393599 0.910005 0.130274
vn 0.278880 0.920567 -0.273463
vn 0.307555 0.906983 -0.287736
vn -0.351089 0.832711 -0.428171
vn -0.292455 0.740437 -0.605164
vn -0.212857 0.971454 -0.104735
vn -0.200583 0.952733 0.228182
vn -0.321408 0.909331 0.264225
vn -0.373928 0.884228 0.279854
vn -0.490271 0.853454 -0.176780
vn -0.440192 0.864645 -0.242114
vn -0.134240 0.982539 -0.128832
vn -0.212857 0.971454 -0.104735
vn -0.292455 0.740437 -0.605164
vn -0.259459 0.610332 -0.748450
vn -0.200583 0.952733 0.228182
vn -0.251809 0.936662 0.243427
vn -0.386339 0.860389 -0.332373
vn -0.351089 0.832711 -0.428171
vn -0.387515 0.821858 0.417590
vn -0.468047 0.792472 0.391049
vn -0.494880 0.805565 0.325820
vn -0.439695 0.845287 0.303576
vn 0.454768 0.880590 0.133220
vn 0.438745 0.890847 0.117877
vn 0.330823 0.903073 -0.273888
vn 0.343229 0.897251 -0.277732
vn -0.440192 0.864645 -0.242114
vn -0.386339 0.860389 -0.332373
vn -0.251809 0.936662 0.243427
vn -0.321408 0.909331 0.264225
vn -0.387515 0.821858 0.417590
vn -0.439695 0.845287 0.303576
vn -0.373928 0.884228 0.279854
vn -0.298794 0.840129 0.452664
vn -0.439695 0.845287 0.303576
vn -0.494880 0.805565 0.325820
vn -0.599976 0.800012 -0.003118
vn -0.538420 0.840418 -0.061654
vn -0.538420 0.840418 -0.061654
vn -0.490271 0.853454 -0.176780
vn -0.373928 0.884228 0.279854
vn -0.439695 0.845287 0.303576
vn 0.476008 0.849687 0.226822
vn 0.467000 0.869074 0.163159
vn 0.352814 0.894821 -0.273529
vn 0.298655 0.864671 -0.403917
vn -0.558789 0.750167 0.353561
vn -0.599976 0.800012 -0.003118
vn -0.494880 0.805565 0.325820
vn -0.468047 0.792472 0.391049
vn -0.746291 0.616881 0.250014
vn -0.718892 0.654978 0.232805
vn 0.764845 0.062130 0.641212
vn 0.717830 0.119938 0.685810
vn 0.159894 0.884782 -0.437716
vn 0.200393 0.865325 -0.459407
vn 0.428159 0.902578 0.045088
vn 0.384216 0.920974 0.064692
vn 0.071721 0.912274 -0.403251
vn 0.287303 0.953103 0.095142
vn 0.226343 0.966679 0.119584
vn 0.013916 0.922741 -0.385170
vn 0.641233 0.748567 0.168723
vn 0.611090 0.790907 -0.032174
vn 0.614253 0.788176 -0.038360
vn 0.642950 0.756184 0.121662
vn 0.471068 0.881475 0.033121
vn 0.441424 0.665730 0.601622
vn 0.417238 0.665886 0.618472
vn 0.428159 0.902578 0.045088
vn 0.417238 0.665886 0.618472
vn 0.403337 0.693223 0.597295
vn 0.384216 0.920974 0.064692
vn 0.428159 0.902578 0.045088
vn 0.633442 0.741158 0.222342
vn 0.620948 0.737231 0.266297
vn 0.596807 0.802292 -0.012177
vn 0.603386 0.796916 -0.029160
vn 0.471068 0.881475 0.033121
vn 0.252326 0.853688 -0.455574
vn 0.318832 0.838239 -0.442381
vn 0.517802 0.855233 0.021400
vn 0.012940 0.976069 -0.217077
vn -0.058071 0.929904 -0.363190
vn 0.013916 0.922741 -0.385170
vn 0.226343 0.966679 0.119584
vn 0.488835 0.681377 0.544762
vn 0.441424 0.665730 0.601622
vn 0.471068 0.881475 0.033121
vn 0.517802 0.855233 0.021400
vn 0.252326 0.853688 -0.455574
vn 0.471068 0.881475 0.033121
vn 0.428159 0.902578 0.045088
vn 0.200393 0.865325 -0.459407
vn 0.384216 0.920974 0.064692
vn 0.403337 0.693223 0.597295
vn 0.392933 0.743963 0.540484
vn 0.340417 0.937242 0.075464
vn 0.611090 0.790907 -0.032174
vn 0.427659 0.780667 -0.455705
vn 0.420031 0.772574 -0.476134
vn 0.614253 0.788176 -0.038360
vn 0.071721 0.912274 -0.403251
vn 0.111185 0.888614 -0.444974
vn 0.340417 0.937242 0.075464
vn 0.287303 0.953103 0.095142
vn 0.362693 0.810051 0.460729
vn 0.287303 0.953103 0.095142
vn 0.340417 0.937242 0.075464
vn 0.392933 0.743963 0.540484
vn 0.596807 0.802292 -0.012177
vn 0.419737 0.798360 -0.431788
vn 0.426834 0.789397 -0.441208
vn 0.603386 0.796916 -0.029160
vn 0.585696 0.715538 0.380744
vn 0.553618 0.711554 0.432665
vn 0.556748 0.830543 0.015192
vn 0.576660 0.816944 -0.008066
vn -0.094109 0.980329 -0.173488
vn -0.142426 0.948906 -0.281587
vn -0.092739 0.943053 -0.319453
vn -0.031008 0.979479 -0.199148
vn 0.553618 0.711554 0.432665
vn 0.488835 0.681377 0.544762
vn 0.517802 0.855233 0.021400
vn 0.556748 0.830543 0.015192
vn 0.361293 0.822844 -0.438628
vn 0.556748 0.830543 0.015192
vn 0.517802 0.855233 0.021400
vn 0.318832 0.838239 -0.442381
vn 0.620948 0.737231 0.266297
vn 0.585696 0.715538 0.380744
vn 0.576660 0.816944 -0.008066
vn 0.596807 0.802292 -0.012177
vn -0.058071 0.929904 -0.363190
vn 0.012940 0.976069 -0.217077
vn -0.031008 0.979479 -0.199148
vn -0.092739 0.943053 -0.319453
vn -0.180967 0.954965 -0.235145
vn -0.142426 0.948906 -0.281587
vn -0.094109 0.980329 -0.173488
vn -0.144307 0.977632 -0.153007
vn 0.556748 0.830543 0.015192
vn 0.361293 0.822844 -0.438628
vn 0.399347 0.810458 -0.428579
vn 0.576660 0.816944 -0.008066
vn 0.159894 0.884782 -0.437716
vn 0.384216 0.920974 0.064692
vn 0.340417 0.937242 0.075464
vn 0.111185 0.888614 -0.444974
vn 0.611090 0.790907 -0.032174
vn 0.641233 0.748567 0.168723
vn 0.633442 0.741158 0.222342
vn 0.603386 0.796916 -0.029160
vn 0.419737 0.798360 -0.431788
vn 0.596807 0.802292 -0.012177
vn 0.576660 0.816944 -0.008066
vn 0.399347 0.810458 -0.428579
vn 0.218676 0.921717 0.320341
vn 0.012940 0.976069 -0.217077
vn 0.226343 0.966679 0.119584
vn 0.305312 0.869720 0.387779
vn -0.094109 0.980329 -0.173488
vn 0.095486 0.956022 0.277317
vn 0.031773 0.960747 0.275602
vn -0.144307 0.977632 -0.153007
vn 0.287303 0.953103 0.095142
vn 0.362693 0.810051 0.460729
vn 0.305312 0.869720 0.387779
vn 0.226343 0.966679 0.119584
vn 0.012940 0.976069 -0.217077
vn 0.218676 0.921717 0.320341
vn 0.166002 0.942143 0.291221
vn -0.031008 0.979479 -0.199148
vn -0.233299 0.955273 -0.181727
vn -0.213504 0.968674 -0.126831
vn -0.276957 0.955265 -0.103753
vn -0.290165 0.947625 -0.133459
vn 0.427659 0.780667 -0.455705
vn 0.611090 0.790907 -0.032174
vn 0.603386 0.796916 -0.029160
vn 0.426834 0.789397 -0.441208
vn 0.095486 0.956022 0.277317
vn -0.094109 0.980329 -0.173488
vn -0.031008 0.979479 -0.199148
vn 0.166002 0.942143 0.291221
vn -0.233299 0.955273 -0.181727
vn -0.180967 0.954965 -0.235145
vn -0.144307 0.977632 -0.153007
vn -0.213504 0.968674 -0.126831
vn -0.213504 0.968674 -0.126831
vn -0.050146 0.964758 0.258315
vn -0.132691 0.952973 0.272464
vn -0.276957 0.955265 -0.103753
vn -0.050146 0.964758 0.258315
vn -0.213504 0.968674 -0.126831
vn -0.144307 0.977632 -0.153007
vn 0.031773 0.960747 0.275602
vn 0.395677 0.762010 -0.512621
vn 0.636349 0.769461 0.054678
vn 0.614253 0.788176 -0.038360
vn 0.420031 0.772574 -0.476134
vn -0.357081 0.931045 -0.075161
vn -0.290165 0.947625 -0.133459
vn -0.276957 0.955265 -0.103753
vn -0.132691 0.952973 0.272464
vn 0.764845 0.062130 0.641212
vn -0.718892 0.654978 0.232805
vn -0.682284 0.691797 0.236446
vn 0.708075 0.026753 0.705630
vn 0.387643 0.849398 0.358128
vn 0.116242 0.965124 -0.234573
vn 0.176342 0.949009 -0.261316
vn 0.438417 0.833938 0.335168
vn 0.295850 0.854507 0.426957
vn 0.245613 0.843718 0.477299
vn -0.070917 0.991199 -0.111784
vn 0.005141 0.988265 -0.152664
vn 0.116308 0.702675 -0.701940
vn 0.199757 0.737686 -0.644916
vn 0.431273 0.820437 -0.375348
vn 0.420142 0.823624 -0.380951
vn 0.224582 0.927127 -0.299999
vn 0.176342 0.949009 -0.261316
vn -0.704175 -0.231940 -0.671074
vn -0.724096 -0.131779 -0.676992
vn -0.704175 -0.231940 -0.671074
vn 0.176342 0.949009 -0.261316
vn 0.116242 0.965124 -0.234573
vn -0.630173 -0.198793 -0.750576
vn 0.013704 0.656195 -0.754467
vn 0.410355 0.830989 -0.375588
vn 0.381153 0.836364 -0.393977
vn -0.076266 0.612855 -0.786506
vn 0.224582 0.927127 -0.299999
vn 0.275336 0.897773 -0.343794
vn 0.500337 0.855804 0.131382
vn 0.468801 0.846733 0.251532
vn -0.028229 0.986074 0.163894
vn -0.070917 0.991199 -0.111784
vn 0.245613 0.843718 0.477299
vn 0.189087 0.822218 0.536846
vn -0.656653 0.074865 -0.750468
vn 0.275336 0.897773 -0.343794
vn 0.224582 0.927127 -0.299999
vn -0.724096 -0.131779 -0.676992
vn 0.468801 0.846733 0.251532
vn 0.438417 0.833938 0.335168
vn 0.176342 0.949009 -0.261316
vn 0.224582 0.927127 -0.299999
vn 0.116242 0.965124 -0.234573
vn 0.070179 0.978886 -0.191981
vn -0.541034 0.005118 -0.840985
vn -0.630173 -0.198793 -0.750576
vn 0.420142 0.823624 -0.380951
vn 0.431273 0.820437 -0.375348
vn 0.616019 0.786641 0.041436
vn 0.597116 0.802152 -0.002098
vn 0.295850 0.854507 0.426957
vn 0.005141 0.988265 -0.152664
vn 0.070179 0.978886 -0.191981
vn 0.369566 0.817472 0.441769
vn -0.446230 0.312913 -0.838430
vn -0.541034 0.005118 -0.840985
vn 0.070179 0.978886 -0.191981
vn 0.005141 0.988265 -0.152664
vn 0.381153 0.836364 -0.393977
vn 0.410355 0.830989 -0.375588
vn 0.578281 0.815474 -0.024362
vn 0.560908 0.827343 -0.029762
vn -0.319494 0.452487 -0.832574
vn 0.360829 0.854302 -0.374126
vn 0.312264 0.868290 -0.385439
vn -0.434111 0.356129 -0.827478
vn -0.153312 0.961150 0.229534
vn -0.080591 0.978211 0.191335
vn 0.104785 0.855208 0.507582
vn 0.023568 0.862158 0.506091
vn -0.434111 0.356129 -0.827478
vn 0.312264 0.868290 -0.385439
vn 0.275336 0.897773 -0.343794
vn -0.656653 0.074865 -0.750468
vn 0.526730 0.847636 0.063790
vn 0.500337 0.855804 0.131382
vn 0.275336 0.897773 -0.343794
vn 0.312264 0.868290 -0.385439
vn -0.076266 0.612855 -0.786506
vn 0.381153 0.836364 -0.393977
vn 0.360829 0.854302 -0.374126
vn -0.319494 0.452487 -0.832574
vn 0.189087 0.822218 0.536846
vn 0.104785 0.855208 0.507582
vn -0.080591 0.978211 0.191335
vn -0.028229 0.986074 0.163894
vn -0.073341 0.878280 0.472489
vn -0.209291 0.942966 0.258869
vn -0.153312 0.961150 0.229534
vn 0.023568 0.862158 0.506091
vn 0.312264 0.868290 -0.385439
vn 0.360829 0.854302 -0.374126
vn 0.541776 0.840497 -0.006646
vn 0.526730 0.847636 0.063790
vn 0.387643 0.849398 0.358128
vn 0.369566 0.817472 0.441769
vn 0.070179 0.978886 -0.191981
vn 0.116242 0.965124 -0.234573
vn 0.420142 0.823624 -0.380951
vn 0.410355 0.830989 -0.375588
vn 0.013704 0.656195 -0.754467
vn 0.116308 0.702675 -0.701940
vn 0.560908 0.827343 -0.029762
vn 0.541776 0.840497 -0.006646
vn 0.360829 0.854302 -0.374126
vn 0.381153 0.836364 -0.393977
vn -0.352975 0.785127 -0.508905
vn -0.382773 0.578057 -0.720649
vn -0.070917 0.991199 -0.111784
vn -0.028229 0.986074 0.163894
vn -0.153312 0.961150 0.229534
vn -0.209291 0.942966 0.258869
vn -0.409148 0.898187 -0.160801
vn -0.375219 0.891025 -0.255511
vn 0.005141 0.988265 -0.152664
vn -0.070917 0.991199 -0.111784
vn -0.382773 0.578057 -0.720649
vn -0.446230 0.312913 -0.838430
vn -0.028229 0.986074 0.163894
vn -0.080591 0.978211 0.191335
vn -0.350417 0.855031 -0.382269
vn -0.352975 0.785127 -0.508905
vn -0.187407 0.878122 0.440205
vn -0.290746 0.859640 0.420103
vn -0.339550 0.876478 0.341311
vn -0.279770 0.911411 0.301759
vn 0.597116 0.802152 -0.002098
vn 0.578281 0.815474 -0.024362
vn 0.410355 0.830989 -0.375588
vn 0.420142 0.823624 -0.380951
vn -0.375219 0.891025 -0.255511
vn -0.350417 0.855031 -0.382269
vn -0.080591 0.978211 0.191335
vn -0.153312 0.961150 0.229534
vn -0.187407 0.878122 0.440205
vn -0.279770 0.911411 0.301759
vn -0.209291 0.942966 0.258869
vn -0.073341 0.878280 0.472489
vn -0.279770 0.911411 0.301759
vn -0.339550 0.876478 0.341311
vn -0.483379 0.871284 0.084912
vn -0.427844 0.903849 -0.002657
vn -0.427844 0.903849 -0.002657
vn -0.409148 0.898187 -0.160801
vn -0.209291 0.942966 0.258869
vn -0.279770 0.911411 0.301759
vn 0.637476 0.758619 0.134616
vn 0.616019 0.786641 0.041436
vn 0.431273 0.820437 -0.375348
vn 0.306354 0.780492 -0.544958
vn -0.409703 0.824566 0.390173
vn -0.483379 0.871284 0.084912
vn -0.339550 0.876478 0.341311
vn -0.290746 0.859640 0.420103
vn -0.410061 0.388352 0.825247
vn -0.837944 0.495607 0.228523
vn -0.822926 0.501225 0.267519
vn -0.294280 0.371361 0.880619
vn 0.575741 0.775573 0.258861
vn 0.314583 0.900703 -0.299619
vn 0.356734 0.877528 -0.320446
vn 0.609103 0.755181 0.242270
vn 0.515311 0.793960 0.322618
vn 0.481426 0.793369 0.372552
vn 0.192007 0.963917 -0.184387
vn 0.246651 0.943457 -0.221476
vn 0.069601 0.626137 -0.776601
vn 0.188902 0.666290 -0.721370
vn 0.529526 0.745093 -0.405510
vn 0.518126 0.748423 -0.414015
vn 0.383246 0.851969 -0.356750
vn 0.356734 0.877528 -0.320446
vn -0.911174 -0.355549 -0.208201
vn -0.930415 -0.257192 -0.261113
vn -0.911174 -0.355549 -0.208201
vn 0.356734 0.877528 -0.320446
vn 0.314583 0.900703 -0.299619
vn -0.874361 -0.360990 -0.324314
vn -0.073982 0.571013 -0.817601
vn 0.511910 0.755062 -0.409670
vn 0.480055 0.761177 -0.436069
vn -0.196056 0.517975 -0.832625
vn 0.383246 0.851969 -0.356750
vn 0.409389 0.820940 -0.398067
vn 0.623817 0.781557 -0.004645
vn 0.621698 0.770389 0.141391
vn 0.185342 0.980664 -0.062813
vn 0.192007 0.963917 -0.184387
vn 0.481426 0.793369 0.372552
vn 0.440438 0.787458 0.431189
vn -0.887132 -0.069005 -0.456328
vn 0.409389 0.820940 -0.398067
vn 0.383246 0.851969 -0.356750
vn -0.930415 -0.257192 -0.261113
vn 0.621698 0.770389 0.141391
vn 0.609103 0.755181 0.242270
vn 0.356734 0.877528 -0.320446
vn 0.383246 0.851969 -0.356750
vn 0.314583 0.900703 -0.299619
vn 0.290210 0.921697 -0.257398
vn -0.802975 -0.206582 -0.559066
vn -0.874361 -0.360990 -0.324314
vn 0.518126 0.748423 -0.414015
vn 0.529526 0.745093 -0.405510
vn 0.690202 0.717552 -0.093491
vn 0.664520 0.731965 -0.150467
vn 0.515311 0.793960 0.322618
vn 0.246651 0.943457 -0.221476
vn 0.290210 0.921697 -0.257398
vn 0.567366 0.739585 0.362090
vn -0.643298 0.111491 -0.757455
vn -0.802975 -0.206582 -0.559066
vn 0.290210 0.921697 -0.257398
vn 0.246651 0.943457 -0.221476
vn 0.480055 0.761177 -0.436069
vn 0.511910 0.755062 -0.409670
vn 0.643344 0.743872 -0.181004
vn 0.627920 0.754519 -0.190836
vn -0.517695 0.330460 -0.789169
vn 0.470591 0.777511 -0.417159
vn 0.424117 0.792207 -0.438786
vn -0.655871 0.218472 -0.722567
vn 0.084736 0.996399 0.003099
vn 0.144321 0.988878 -0.035948
vn 0.369904 0.850153 0.374715
vn 0.297874 0.885639 0.356252
vn -0.655871 0.218472 -0.722567
vn 0.424117 0.792207 -0.438786
vn 0.409389 0.820940 -0.398067
vn -0.887132 -0.069005 -0.456328
vn 0.627827 0.773862 -0.083488
vn 0.623817 0.781557 -0.004645
vn 0.409389 0.820940 -0.398067
vn 0.424117 0.792207 -0.438786
vn -0.196056 0.517975 -0.832625
vn 0.480055 0.761177 -0.436069
vn 0.470591 0.777511 -0.417159
vn -0.517695 0.330460 -0.789169
vn 0.440438 0.787458 0.431189
vn 0.369904 0.850153 0.374715
vn 0.144321 0.988878 -0.035948
vn 0.185342 0.980664 -0.062813
vn 0.203808 0.931695 0.300677
vn 0.036767 0.998728 0.034513
vn 0.084736 0.996399 0.003099
vn 0.297874 0.885639 0.356252
vn 0.424117 0.792207 -0.438786
vn 0.470591 0.777511 -0.417159
vn 0.619794 0.766858 -0.166686
vn 0.627827 0.773862 -0.083488
vn 0.575741 0.775573 0.258861
vn 0.567366 0.739585 0.362090
vn 0.290210 0.921697 -0.257398
vn 0.314583 0.900703 -0.299619
vn 0.518126 0.748423 -0.414015
vn 0.511910 0.755062 -0.409670
vn -0.073982 0.571013 -0.817601
vn 0.069601 0.626137 -0.776601
vn 0.627920 0.754519 -0.190836
vn 0.619794 0.766858 -0.166686
vn 0.470591 0.777511 -0.417159
vn 0.480055 0.761177 -0.436069
vn -0.265768 0.737415 -0.620957
vn -0.451231 0.442831 -0.774784
vn 0.192007 0.963917 -0.184387
vn 0.185342 0.980664 -0.062813
vn 0.084736 0.996399 0.003099
vn 0.036767 0.998728 0.034513
vn -0.154666 0.954141 -0.256309
vn -0.157325 0.918860 -0.361864
vn 0.246651 0.943457 -0.221476
vn 0.192007 0.963917 -0.184387
vn -0.451231 0.442831 -0.774784
vn -0.643298 0.111491 -0.757455
vn 0.185342 0.980664 -0.062813
vn 0.144321 0.988878 -0.035948
vn -0.192147 0.846132 -0.497133
vn -0.265768 0.737415 -0.620957
vn 0.087199 0.964080 0.250891
vn -0.022428 0.974463 0.223425
vn -0.082530 0.988010 0.130482
vn -0.026038 0.996190 0.083229
vn 0.664520 0.731965 -0.150467
vn 0.643344 0.743872 -0.181004
vn 0.511910 0.755062 -0.409670
vn 0.518126 0.748423 -0.414015
vn -0.157325 0.918860 -0.361864
vn -0.192147 0.846132 -0.497133
vn 0.144321 0.988878 -0.035948
vn 0.084736 0.996399 0.003099
vn 0.087199 0.964080 0.250891
vn -0.026038 0.996190 0.083229
vn 0.036767 0.998728 0.034513
vn 0.203808 0.931695 0.300677
vn -0.026038 0.996190 0.083229
vn -0.082530 0.988010 0.130482
vn -0.163412 0.986278 0.023520
vn -0.124361 0.989139 -0.078342
vn -0.124361 0.989139 -0.078342
vn -0.154666 0.954141 -0.256309
vn 0.036767 0.998728 0.034513
vn -0.026038 0.996190 0.083229
vn 0.724091 0.689159 0.027428
vn 0.690202 0.717552 -0.093491
vn 0.529526 0.745093 -0.405510
vn 0.345378 0.711731 -0.611681
vn -0.153841 0.969320 0.191708
vn -0.163412 0.986278 0.023520
vn -0.082530 0.988010 0.130482
vn -0.022428 0.974463 0.223425
vn -0.746291 0.616881 0.250014
vn -0.772395 0.574123 0.271640
vn -0.731048 0.535257 -0.423165
vn -0.643460 0.543301 -0.539243
vn -0.124640 0.946261 -0.298421
vn -0.076998 0.937559 -0.339196
vn 0.208961 0.977915 0.004130
vn 0.159581 0.986088 0.046521
vn -0.226666 0.946245 -0.230743
vn 0.049916 0.991362 0.121284
vn -0.013791 0.985022 0.171878
vn -0.291708 0.936247 -0.195827
vn 0.542632 0.839610 0.024622
vn 0.427786 0.886569 -0.176055
vn 0.430214 0.883625 -0.184724
vn 0.525922 0.850133 -0.026078
vn 0.260898 0.964901 -0.029965
vn 0.533725 0.626966 0.567495
vn 0.524532 0.609022 0.594944
vn 0.208961 0.977915 0.004130
vn 0.524532 0.609022 0.594944
vn 0.501442 0.638408 0.583944
vn 0.159581 0.986088 0.046521
vn 0.208961 0.977915 0.004130
vn 0.555338 0.827275 0.084942
vn 0.558656 0.817941 0.137390
vn 0.414606 0.898217 -0.145975
vn 0.418188 0.892594 -0.168506
vn 0.260898 0.964901 -0.029965
vn -0.010747 0.935598 -0.352905
vn 0.075986 0.928705 -0.362951
vn 0.318899 0.945444 -0.066620
vn -0.235930 0.971349 0.028612
vn -0.369070 0.915989 -0.157329
vn -0.291708 0.936247 -0.195827
vn -0.013791 0.985022 0.171878
vn 0.547146 0.679785 0.488389
vn 0.533725 0.626966 0.567495
vn 0.260898 0.964901 -0.029965
vn 0.318899 0.945444 -0.066620
vn -0.010747 0.935598 -0.352905
vn 0.260898 0.964901 -0.029965
vn 0.208961 0.977915 0.004130
vn -0.076998 0.937559 -0.339196
vn 0.159581 0.986088 0.046521
vn 0.501442 0.638408 0.583944
vn 0.450256 0.709658 0.541900
vn 0.108129 0.991114 0.077465
vn 0.427786 0.886569 -0.176055
vn 0.215023 0.877232 -0.429218
vn 0.202694 0.868942 -0.451502
vn 0.430214 0.883625 -0.184724
vn -0.226666 0.946245 -0.230743
vn -0.186030 0.937413 -0.294364
vn 0.108129 0.991114 0.077465
vn 0.049916 0.991362 0.121284
vn 0.357934 0.796081 0.487994
vn 0.049916 0.991362 0.121284
vn 0.108129 0.991114 0.077465
vn 0.450256 0.709658 0.541900
vn 0.414606 0.898217 -0.145975
vn 0.207883 0.894713 -0.395314
vn 0.215808 0.885941 -0.410531
vn 0.418188 0.892594 -0.168506
vn 0.570252 0.774780 0.272999
vn 0.557835 0.755674 0.343188
vn 0.369158 0.924609 -0.093918
vn 0.388515 0.912149 -0.130540
vn -0.335709 0.935666 0.108758
vn -0.436644 0.898851 -0.037528
vn -0.395309 0.913731 -0.093947
vn -0.277968 0.958561 0.062413
vn 0.557835 0.755674 0.343188
vn 0.547146 0.679785 0.488389
vn 0.318899 0.945444 -0.066620
vn 0.369158 0.924609 -0.093918
vn 0.131185 0.916948 -0.376823
vn 0.369158 0.924609 -0.093918
vn 0.318899 0.945444 -0.066620
vn 0.075986 0.928705 -0.362951
vn 0.558656 0.817941 0.137390
vn 0.570252 0.774780 0.272999
vn 0.388515 0.912149 -0.130540
vn 0.414606 0.898217 -0.145975
vn -0.369070 0.915989 -0.157329
vn -0.235930 0.971349 0.028612
vn -0.277968 0.958561 0.062413
vn -0.395309 0.913731 -0.093947
vn -0.459375 0.887712 0.030701
vn -0.436644 0.898851 -0.037528
vn -0.335709 0.935666 0.108758
vn -0.379644 0.913844 0.144086
vn 0.369158 0.924609 -0.093918
vn 0.131185 0.916948 -0.376823
vn 0.181863 0.906238 -0.381652
vn 0.388515 0.912149 -0.130540
vn -0.124640 0.946261 -0.298421
vn 0.159581 0.986088 0.046521
vn 0.108129 0.991114 0.077465
vn -0.186030 0.937413 -0.294364
vn 0.427786 0.886569 -0.176055
vn 0.542632 0.839610 0.024622
vn 0.555338 0.827275 0.084942
vn 0.418188 0.892594 -0.168506
vn 0.207883 0.894713 -0.395314
vn 0.414606 0.898217 -0.145975
vn 0.388515 0.912149 -0.130540
vn 0.181863 0.906238 -0.381652
vn 0.095306 0.905107 0.414365
vn -0.235930 0.971349 0.028612
vn -0.013791 0.985022 0.171878
vn 0.240845 0.861330 0.447330
vn -0.335709 0.935666 0.108758
vn -0.074116 0.910981 0.405734
vn -0.146590 0.896103 0.418940
vn -0.379644 0.913844 0.144086
vn 0.049916 0.991362 0.121284
vn 0.357934 0.796081 0.487994
vn 0.240845 0.861330 0.447330
vn -0.013791 0.985022 0.171878
vn -0.235930 0.971349 0.028612
vn 0.095306 0.905107 0.414365
vn 0.015280 0.916095 0.400671
vn -0.277968 0.958561 0.062413
vn -0.488981 0.865370 0.109692
vn -0.438226 0.879113 0.187401
vn -0.489671 0.842810 0.223367
vn -0.520650 0.834417 0.180753
vn 0.215023 0.877232 -0.429218
vn 0.427786 0.886569 -0.176055
vn 0.418188 0.892594 -0.168506
vn 0.215808 0.885941 -0.410531
vn -0.074116 0.910981 0.405734
vn -0.335709 0.935666 0.108758
vn -0.277968 0.958561 0.062413
vn 0.015280 0.916095 0.400671
vn -0.488981 0.865370 0.109692
vn -0.459375 0.887712 0.030701
vn -0.379644 0.913844 0.144086
vn -0.438226 0.879113 0.187401
vn -0.438226 0.879113 0.187401
vn -0.249375 0.877164 0.410360
vn -0.327625 0.837810 0.436734
vn -0.489671 0.842810 0.223367
vn -0.249375 0.877164 0.410360
vn -0.438226 0.879113 0.187401
vn -0.379644 0.913844 0.144086
vn -0.146590 0.896103 0.418940
vn 0.167372 0.857348 -0.486766
vn 0.491580 0.865716 -0.094263
vn 0.430214 0.883625 -0.184724
vn 0.202694 0.868942 -0.451502
vn -0.551503 0.791014 0.264841
vn -0.520650 0.834417 0.180753
vn -0.489671 0.842810 0.223367
vn -0.327625 0.837810 0.436734
vn -0.488280 0.859482 -0.151241
vn -0.542745 0.815484 0.201030
vn -0.421561 0.643770 -0.638628
vn -0.353254 0.664567 -0.658454
vn 0.635642 0.746627 0.196232
vn 0.246006 0.902786 -0.352787
vn 0.283423 0.880351 -0.380334
vn 0.663048 0.727865 0.174873
vn 0.593445 0.758137 0.270281
vn 0.573409 0.751591 0.326058
vn 0.152430 0.964508 -0.215615
vn 0.197989 0.944602 -0.261777
vn -0.145272 0.601123 -0.785842
vn -0.003489 0.653201 -0.757177
vn 0.437488 0.751467 -0.493864
vn 0.423658 0.754603 -0.501088
vn 0.300761 0.855304 -0.421897
vn 0.283423 0.880351 -0.380334
vn -0.828606 -0.522323 0.201470
vn -0.892633 -0.427118 0.144143
vn -0.828606 -0.522323 0.201470
vn 0.283423 0.880351 -0.380334
vn 0.246006 0.902786 -0.352787
vn -0.834221 -0.547472 0.065948
vn -0.308839 0.529207 -0.790290
vn 0.418428 0.761089 -0.495643
vn 0.378835 0.766661 -0.518376
vn -0.441477 0.459634 -0.770607
vn 0.300761 0.855304 -0.421897
vn 0.316420 0.824791 -0.468613
vn 0.623278 0.776510 -0.092505
vn 0.653852 0.753841 0.064819
vn 0.168563 0.980838 -0.097691
vn 0.152430 0.964508 -0.215615
vn 0.573409 0.751591 0.326058
vn 0.549395 0.738625 0.390639
vn -0.965827 -0.241357 -0.094470
vn 0.316420 0.824791 -0.468613
vn 0.300761 0.855304 -0.421897
vn -0.892633 -0.427118 0.144143
vn 0.653852 0.753841 0.064819
vn 0.663048 0.727865 0.174873
vn 0.283423 0.880351 -0.380334
vn 0.300761 0.855304 -0.421897
vn 0.246006 0.902786 -0.352787
vn 0.232630 0.923411 -0.305280
vn -0.877500 -0.418960 -0.233378
vn -0.834221 -0.547472 0.065948
vn 0.423658 0.754603 -0.501088
vn 0.437488 0.751467 -0.493864
vn 0.667951 0.717735 -0.196719
vn 0.629250 0.734498 -0.254080
vn 0.593445 0.758137 0.270281
vn 0.197989 0.944602 -0.261777
vn 0.232630 0.923411 -0.305280
vn 0.648777 0.696164 0.307319
vn -0.827684 -0.080912 -0.555331
vn -0.877500 -0.418960 -0.233378
vn 0.232630 0.923411 -0.305280
vn 0.197989 0.944602 -0.261777
vn 0.378835 0.766661 -0.518376
vn 0.418428 0.761089 -0.495643
vn 0.600761 0.747424 -0.283627
vn 0.582874 0.758324 -0.291894
vn -0.757599 0.221897 -0.613845
vn 0.374105 0.782741 -0.497355
vn 0.320590 0.796302 -0.512958
vn -0.868523 0.082675 -0.488705
vn 0.084176 0.996333 -0.015320
vn 0.134142 0.988887 -0.064104
vn 0.469253 0.815285 0.339281
vn 0.394673 0.858268 0.328038
vn -0.868523 0.082675 -0.488705
vn 0.320590 0.796302 -0.512958
vn 0.316420 0.824791 -0.468613
vn -0.965827 -0.241357 -0.094470
vn 0.608738 0.773263 -0.177489
vn 0.623278 0.776510 -0.092505
vn 0.316420 0.824791 -0.468613
vn 0.320590 0.796302 -0.512958
vn -0.441477 0.459634 -0.770607
vn 0.378835 0.766661 -0.518376
vn 0.374105 0.782741 -0.497355
vn -0.757599 0.221897 -0.613845
vn 0.549395 0.738625 0.390639
vn 0.469253 0.815285 0.339281
vn 0.134142 0.988887 -0.064104
vn 0.168563 0.980838 -0.097691
vn 0.286398 0.915792 0.281604
vn 0.043941 0.998747 0.023940
vn 0.084176 0.996333 -0.015320
vn 0.394673 0.858268 0.328038
vn 0.320590 0.796302 -0.512958
vn 0.374105 0.782741 -0.497355
vn 0.580666 0.769780 -0.265079
vn 0.608738 0.773263 -0.177489
vn 0.635642 0.746627 0.196232
vn 0.648777 0.696164 0.307319
vn 0.232630 0.923411 -0.305280
vn 0.246006 0.902786 -0.352787
vn 0.423658 0.754603 -0.501088
vn 0.418428 0.761089 -0.495643
vn -0.308839 0.529207 -0.790290
vn -0.145272 0.601123 -0.785842
vn 0.582874 0.758324 -0.291894
vn 0.580666 0.769780 -0.265079
vn 0.374105 0.782741 -0.497355
vn 0.378835 0.766661 -0.518376
vn -0.436228 0.675472 -0.594511
vn -0.662494 0.311487 -0.681232
vn 0.152430 0.964508 -0.215615
vn 0.168563 0.980838 -0.097691
vn 0.084176 0.996333 -0.015320
vn 0.043941 0.998747 0.023940
vn -0.220717 0.943906 -0.245612
vn -0.252928 0.900295 -0.354255
vn 0.197989 0.944602 -0.261777
vn 0.152430 0.964508 -0.215615
vn -0.662494 0.311487 -0.681232
vn -0.827684 -0.080912 -0.555331
vn 0.168563 0.980838 -0.097691
vn 0.134142 0.988887 -0.064104
vn -0.326689 0.810595 -0.486014
vn -0.436228 0.675472 -0.594511
vn 0.155024 0.957199 0.244413
vn 0.035722 0.972547 0.229949
vn -0.051321 0.988764 0.140401
vn -0.006669 0.996499 0.083344
vn 0.629250 0.734498 -0.254080
vn 0.600761 0.747424 -0.283627
vn 0.418428 0.761089 -0.495643
vn 0.423658 0.754603 -0.501088
vn -0.252928 0.900295 -0.354255
vn -0.326689 0.810595 -0.486014
vn 0.134142 0.988887 -0.064104
vn 0.084176 0.996333 -0.015320
vn 0.155024 0.957199 0.244413
vn -0.006669 0.996499 0.083344
vn 0.043941 0.998747 0.023940
vn 0.286398 0.915792 0.281604
vn -0.006669 0.996499 0.083344
vn -0.051321 0.988764 0.140401
vn -0.152653 0.987050 0.049291
vn -0.140830 0.988025 -0.063041
vn -0.140830 0.988025 -0.063041
vn -0.220717 0.943906 -0.245612
vn 0.043941 0.998747 0.023940
vn -0.006669 0.996499 0.083344
vn 0.727459 0.682445 -0.071220
vn 0.667951 0.717735 -0.196719
vn 0.437488 0.751467 -0.493864
vn 0.191632 0.710890 -0.676692
vn -0.107306 0.970885 0.214171
vn -0.152653 0.987050 0.049291
vn -0.051321 0.988764 0.140401
vn 0.035722 0.972547 0.229949
vn 0.554621 0.192810 0.809456
vn -0.772395 0.574123 0.271640
vn -0.746291 0.616881 0.250014
vn 0.717830 0.119938 0.685810
vn -0.124301 0.221983 -0.967095
vn -0.124581 0.211253 -0.969459
vn 0.717602 0.187103 -0.670850
vn 0.721491 0.202387 -0.662186
vn -0.167405 0.247274 -0.954375
vn 0.687582 0.238128 -0.685949
vn 0.682404 0.262377 -0.682264
vn -0.210198 0.263116 -0.941588
vn 0.982382 0.182339 0.040977
vn 0.712762 0.128742 -0.689489
vn 0.699771 0.127774 -0.702848
vn 0.978035 0.159510 -0.134181
vn 0.734592 0.172961 -0.656094
vn -0.111078 0.446583 0.887821
vn -0.183418 0.443280 0.877417
vn 0.717602 0.187103 -0.670850
vn -0.183418 0.443280 0.877417
vn -0.112286 0.424994 0.898205
vn 0.721491 0.202387 -0.662186
vn 0.717602 0.187103 -0.670850
vn 0.948824 0.214237 0.232025
vn 0.893242 0.242927 0.378292
vn 0.749659 0.133570 -0.648206
vn 0.712372 0.131075 -0.689453
vn 0.734592 0.172961 -0.656094
vn 0.002182 0.191050 -0.981578
vn 0.189845 0.165601 -0.967748
vn 0.754883 0.158203 -0.636493
vn 0.552364 0.290663 -0.781287
vn -0.255879 0.283996 -0.924052
vn -0.210198 0.263116 -0.941588
vn 0.682404 0.262377 -0.682264
vn 0.103676 0.425307 0.899091
vn -0.111078 0.446583 0.887821
vn 0.734592 0.172961 -0.656094
vn 0.754883 0.158203 -0.636493
vn 0.002182 0.191050 -0.981578
vn 0.734592 0.172961 -0.656094
vn 0.717602 0.187103 -0.670850
vn -0.124581 0.211253 -0.969459
vn 0.721491 0.202387 -0.662186
vn -0.112286 0.424994 0.898205
vn 0.106121 0.389427 0.914924
vn 0.697047 0.218083 -0.683056
vn 0.712762 0.128742 -0.689489
vn 0.340552 0.132147 -0.930893
vn 0.257409 0.134792 -0.956855
vn 0.699771 0.127774 -0.702848
vn -0.167405 0.247274 -0.954375
vn -0.258633 0.240835 -0.935472
vn 0.697047 0.218083 -0.683056
vn 0.687582 0.238128 -0.685949
vn 0.440658 0.340750 0.830488
vn 0.687582 0.238128 -0.685949
vn 0.697047 0.218083 -0.683056
vn 0.106121 0.389427 0.914924
vn 0.749659 0.133570 -0.648206
vn 0.409371 0.135156 -0.902302
vn 0.388622 0.132684 -0.911794
vn 0.712372 0.131075 -0.689453
vn 0.644957 0.323840 0.692212
vn 0.489688 0.358521 0.794775
vn 0.778861 0.146860 -0.609761
vn 0.739513 0.139511 -0.658526
vn 0.541307 0.341877 -0.768185
vn -0.038339 0.320826 -0.946362
vn -0.122157 0.298152 -0.946669
vn 0.548268 0.310737 -0.776430
vn 0.489688 0.358521 0.794775
vn 0.103676 0.425307 0.899091
vn 0.754883 0.158203 -0.636493
vn 0.778861 0.146860 -0.609761
vn 0.284531 0.151795 -0.946573
vn 0.778861 0.146860 -0.609761
vn 0.754883 0.158203 -0.636493
vn 0.189845 0.165601 -0.967748
vn 0.893242 0.242927 0.378292
vn 0.644957 0.323840 0.692212
vn 0.739513 0.139511 -0.658526
vn 0.749659 0.133570 -0.648206
vn -0.255879 0.283996 -0.924052
vn 0.552364 0.290663 -0.781287
vn 0.548268 0.310737 -0.776430
vn -0.122157 0.298152 -0.946669
vn 0.109182 0.349606 -0.930513
vn -0.038339 0.320826 -0.946362
vn 0.541307 0.341877 -0.768185
vn 0.534770 0.368464 -0.760431
vn 0.778861 0.146860 -0.609761
vn 0.284531 0.151795 -0.946573
vn 0.387283 0.140929 -0.911126
vn 0.739513 0.139511 -0.658526
vn -0.124301 0.221983 -0.967095
vn 0.721491 0.202387 -0.662186
vn 0.697047 0.218083 -0.683056
vn -0.258633 0.240835 -0.935472
vn 0.712762 0.128742 -0.689489
vn 0.982382 0.182339 0.040977
vn 0.948824 0.214237 0.232025
vn 0.712372 0.131075 -0.689453
vn 0.409371 0.135156 -0.902302
vn 0.749659 0.133570 -0.648206
vn 0.739513 0.139511 -0.658526
vn 0.387283 0.140929 -0.911126
vn 0.937089 0.284886 0.201752
vn 0.552364 0.290663 -0.781287
vn 0.682404 0.262377 -0.682264
vn 0.741829 0.300808 0.599337
vn 0.541307 0.341877 -0.768185
vn 0.918684 0.320669 -0.230630
vn 0.866369 0.352145 -0.354118
vn 0.534770 0.368464 -0.760431
vn 0.687582 0.238128 -0.685949
vn 0.440658 0.340750 0.830488
vn 0.741829 0.300808 0.599337
vn 0.682404 0.262377 -0.682264
vn 0.552364 0.290663 -0.781287
vn 0.937089 0.284886 0.201752
vn 0.954971 0.295035 -0.031379
vn 0.548268 0.310737 -0.776430
vn 0.257135 0.392376 -0.883132
vn 0.516478 0.408174 -0.752759
vn 0.494451 0.448016 -0.744849
vn 0.359784 0.440963 -0.822257
vn 0.340552 0.132147 -0.930893
vn 0.712762 0.128742 -0.689489
vn 0.712372 0.131075 -0.689453
vn 0.388622 0.132684 -0.911794
vn 0.918684 0.320669 -0.230630
vn 0.541307 0.341877 -0.768185
vn 0.548268 0.310737 -0.776430
vn 0.954971 0.295035 -0.031379
vn 0.257135 0.392376 -0.883132
vn 0.109182 0.349606 -0.930513
vn 0.534770 0.368464 -0.760431
vn 0.516478 0.408174 -0.752759
vn 0.516478 0.408174 -0.752759
vn 0.730869 0.400062 -0.552975
vn 0.654972 0.453024 -0.604798
vn 0.494451 0.448016 -0.744849
vn 0.730869 0.400062 -0.552975
vn 0.516478 0.408174 -0.752759
vn 0.534770 0.368464 -0.760431
vn 0.866369 0.352145 -0.354118
vn 0.087105 0.147149 -0.985272
vn 0.912426 0.136584 -0.385776
vn 0.699771 0.127774 -0.702848
vn 0.257409 0.134792 -0.956855
vn 0.461817 0.503089 -0.730498
vn 0.359784 0.440963 -0.822257
vn 0.494451 0.448016 -0.744849
vn 0.654972 0.453024 -0.604798
vn -0.643460 0.543301 -0.539243
vn -0.572434 0.546934 -0.610888
vn -0.718892 0.654978 0.232805
vn -0.746291 0.616881 0.250014
vn -0.056969 0.592533 -0.803529
vn -0.047838 0.557122 -0.829052
vn 0.547416 0.619227 -0.562934
vn 0.530377 0.660124 -0.531917
vn -0.110073 0.653748 -0.748664
vn 0.458504 0.745647 -0.483513
vn 0.420044 0.796442 -0.435022
vn -0.156261 0.685052 -0.711538
vn 0.900593 0.408082 -0.149674
vn 0.608582 0.442280 -0.658799
vn 0.599706 0.438266 -0.669533
vn 0.866565 0.413640 -0.279226
vn 0.577204 0.579358 -0.575482
vn 0.318103 0.250389 0.914394
vn 0.264096 0.204838 0.942494
vn 0.547416 0.619227 -0.562934
vn 0.264096 0.204838 0.942494
vn 0.339158 0.182077 0.922941
vn 0.530377 0.660124 -0.531917
vn 0.547416 0.619227 -0.562934
vn 0.915395 0.402556 0.001048
vn 0.908581 0.398510 0.125183
vn 0.632496 0.458232 -0.624478
vn 0.606099 0.449847 -0.655958
vn 0.577204 0.579358 -0.575482
vn 0.049291 0.539832 -0.840329
vn 0.190336 0.515136 -0.835708
vn 0.609950 0.535258 -0.584345
vn 0.265442 0.847433 -0.459781
vn -0.213353 0.720193 -0.660153
vn -0.156261 0.685052 -0.711538
vn 0.420044 0.796442 -0.435022
vn 0.484397 0.304948 0.819979
vn 0.318103 0.250389 0.914394
vn 0.577204 0.579358 -0.575482
vn 0.609950 0.535258 -0.584345
vn 0.049291 0.539832 -0.840329
vn 0.577204 0.579358 -0.575482
vn 0.547416 0.619227 -0.562934
vn -0.047838 0.557122 -0.829052
vn 0.530377 0.660124 -0.531917
vn 0.339158 0.182077 0.922941
vn 0.521006 0.219264 0.824910
vn 0.492598 0.699199 -0.518139
vn 0.608582 0.442280 -0.658799
vn 0.317533 0.435114 -0.842525
vn 0.258138 0.427003 -0.866622
vn 0.599706 0.438266 -0.669533
vn -0.110073 0.653748 -0.748664
vn -0.159442 0.595564 -0.787326
vn 0.492598 0.699199 -0.518139
vn 0.458504 0.745647 -0.483513
vn 0.715481 0.336827 0.612074
vn 0.458504 0.745647 -0.483513
vn 0.492598 0.699199 -0.518139
vn 0.521006 0.219264 0.824910
vn 0.632496 0.458232 -0.624478
vn 0.363106 0.455795 -0.812653
vn 0.350600 0.444772 -0.824171
vn 0.606099 0.449847 -0.655958
vn 0.815158 0.375303 0.441209
vn 0.734362 0.359430 0.575779
vn 0.641988 0.498435 -0.582593
vn 0.618501 0.477534 -0.624034
vn 0.181463 0.918939 -0.350174
vn -0.141205 0.838662 -0.526029
vn -0.154860 0.785204 -0.599560
vn 0.232596 0.878699 -0.416879
vn 0.734362 0.359430 0.575779
vn 0.484397 0.304948 0.819979
vn 0.609950 0.535258 -0.584345
vn 0.641988 0.498435 -0.582593
vn 0.264037 0.491329 -0.829988
vn 0.641988 0.498435 -0.582593
vn 0.609950 0.535258 -0.584345
vn 0.190336 0.515136 -0.835708
vn 0.908581 0.398510 0.125183
vn 0.815158 0.375303 0.441209
vn 0.618501 0.477534 -0.624034
vn 0.632496 0.458232 -0.624478
vn -0.213353 0.720193 -0.660153
vn 0.265442 0.847433 -0.459781
vn 0.232596 0.878699 -0.416879
vn -0.154860 0.785204 -0.599560
vn -0.097281 0.895619 -0.434053
vn -0.141205 0.838662 -0.526029
vn 0.181463 0.918939 -0.350174
vn 0.137777 0.946100 -0.293108
vn 0.641988 0.498435 -0.582593
vn 0.264037 0.491329 -0.829988
vn 0.342891 0.472256 -0.812034
vn 0.618501 0.477534 -0.624034
vn -0.056969 0.592533 -0.803529
vn 0.530377 0.660124 -0.531917
vn 0.492598 0.699199 -0.518139
vn -0.159442 0.595564 -0.787326
vn 0.608582 0.442280 -0.658799
vn 0.900593 0.408082 -0.149674
vn 0.915395 0.402556 0.001048
vn 0.606099 0.449847 -0.655958
vn 0.363106 0.455795 -0.812653
vn 0.632496 0.458232 -0.624478
vn 0.618501 0.477534 -0.624034
vn 0.342891 0.472256 -0.812034
vn 0.718297 0.689318 0.094287
vn 0.265442 0.847433 -0.459781
vn 0.420044 0.796442 -0.435022
vn 0.790685 0.499058 0.354624
vn 0.181463 0.918939 -0.350174
vn 0.511385 0.857213 -0.060582
vn 0.409565 0.909998 -0.064501
vn 0.137777 0.946100 -0.293108
vn 0.458504 0.745647 -0.483513
vn 0.715481 0.336827 0.612074
vn 0.790685 0.499058 0.354624
vn 0.420044 0.796442 -0.435022
vn 0.265442 0.847433 -0.459781
vn 0.718297 0.689318 0.094287
vn 0.628438 0.777802 -0.009482
vn 0.232596 0.878699 -0.416879
vn -0.071845 0.947656 -0.311105
vn 0.069173 0.974718 -0.212460
vn 0.000844 0.990857 -0.134916
vn -0.076099 0.979496 -0.186537
vn 0.317533 0.435114 -0.842525
vn 0.608582 0.442280 -0.658799
vn 0.606099 0.449847 -0.655958
vn 0.350600 0.444772 -0.824171
vn 0.511385 0.857213 -0.060582
vn 0.181463 0.918939 -0.350174
vn 0.232596 0.878699 -0.416879
vn 0.628438 0.777802 -0.009482
vn -0.071845 0.947656 -0.311105
vn -0.097281 0.895619 -0.434053
vn 0.137777 0.946100 -0.293108
vn 0.069173 0.974718 -0.212460
vn 0.069173 0.974718 -0.212460
vn 0.243761 0.965971 -0.086492
vn 0.125935 0.991786 -0.022404
vn 0.000844 0.990857 -0.134916
vn 0.243761 0.965971 -0.086492
vn 0.069173 0.974718 -0.212460
vn 0.137777 0.946100 -0.293108
vn 0.409565 0.909998 -0.064501
vn 0.133563 0.418167 -0.898497
vn 0.782728 0.424188 -0.455414
vn 0.599706 0.438266 -0.669533
vn 0.258138 0.427003 -0.866622
vn -0.090465 0.995394 -0.031737
vn -0.076099 0.979496 -0.186537
vn 0.000844 0.990857 -0.134916
vn 0.125935 0.991786 -0.022404
vn -0.682284 0.691797 0.236446
vn -0.650535 0.728899 0.213331
vn 0.528140 0.060630 0.846990
vn 0.708075 0.026753 0.705630
vn -0.320762 0.759796 -0.565528
vn -0.305708 0.736901 -0.602926
vn 0.413369 0.857656 -0.305864
vn 0.392588 0.882212 -0.259953
vn -0.375778 0.785134 -0.492296
vn 0.322481 0.929913 -0.176827
vn 0.286919 0.951075 -0.114601
vn -0.418688 0.789683 -0.448443
vn 0.789636 0.599575 -0.130327
vn 0.502467 0.718351 -0.481143
vn 0.496432 0.715605 -0.491391
vn 0.743013 0.630703 -0.223932
vn 0.445299 0.828876 -0.338634
vn 0.565672 -0.007649 0.824595
vn 0.538164 -0.088816 0.838148
vn 0.413369 0.857656 -0.305864
vn 0.538164 -0.088816 0.838148
vn 0.614787 -0.086610 0.783923
vn 0.392588 0.882212 -0.259953
vn 0.413369 0.857656 -0.305864
vn 0.828089 0.560344 -0.016871
vn 0.847095 0.525236 0.080974
vn 0.517676 0.729679 -0.446744
vn 0.498515 0.725521 -0.474449
vn 0.445299 0.828876 -0.338634
vn -0.225414 0.743540 -0.629553
vn -0.108556 0.748011 -0.654748
vn 0.481232 0.793991 -0.371475
vn -0.092221 0.967441 -0.235697
vn -0.470278 0.789170 -0.395032
vn -0.418688 0.789683 -0.448443
vn 0.286919 0.951075 -0.114601
vn 0.677305 0.136455 0.722937
vn 0.565672 -0.007649 0.824595
vn 0.445299 0.828876 -0.338634
vn 0.481232 0.793991 -0.371475
vn -0.225414 0.743540 -0.629553
vn 0.445299 0.828876 -0.338634
vn 0.413369 0.857656 -0.305864
vn -0.305708 0.736901 -0.602926
vn 0.392588 0.882212 -0.259953
vn 0.614787 -0.086610 0.783923
vn 0.745024 0.046750 0.665397
vn 0.355906 0.906395 -0.227552
vn 0.502467 0.718351 -0.481143
vn 0.011610 0.693459 -0.720403
vn -0.034645 0.677647 -0.734571
vn 0.496432 0.715605 -0.491391
vn -0.375778 0.785134 -0.492296
vn -0.402716 0.736305 -0.543760
vn 0.355906 0.906395 -0.227552
vn 0.322481 0.929913 -0.176827
vn 0.820639 0.289965 0.492414
vn 0.322481 0.929913 -0.176827
vn 0.355906 0.906395 -0.227552
vn 0.745024 0.046750 0.665397
vn 0.517676 0.729679 -0.446744
vn 0.044199 0.718903 -0.693704
vn 0.036433 0.706966 -0.706308
vn 0.498515 0.725521 -0.474449
vn 0.847036 0.402482 0.347186
vn 0.816889 0.331985 0.471676
vn 0.515790 0.761509 -0.392510
vn 0.501580 0.747966 -0.434700
vn -0.155529 0.980288 -0.121843
vn -0.424104 0.867398 -0.260302
vn -0.431818 0.839279 -0.330368
vn -0.118047 0.974823 -0.189169
vn 0.816889 0.331985 0.471676
vn 0.677305 0.136455 0.722937
vn 0.481232 0.793991 -0.371475
vn 0.515790 0.761509 -0.392510
vn -0.044408 0.738533 -0.672754
vn 0.515790 0.761509 -0.392510
vn 0.481232 0.793991 -0.371475
vn -0.108556 0.748011 -0.654748
vn 0.847095 0.525236 0.080974
vn 0.847036 0.402482 0.347186
vn 0.501580 0.747966 -0.434700
vn 0.517676 0.729679 -0.446744
vn -0.470278 0.789170 -0.395032
vn -0.092221 0.967441 -0.235697
vn -0.118047 0.974823 -0.189169
vn -0.431818 0.839279 -0.330368
vn -0.387631 0.904581 -0.177413
vn -0.424104 0.867398 -0.260302
vn -0.155529 0.980288 -0.121843
vn -0.185494 0.980300 -0.067851
vn 0.515790 0.761509 -0.392510
vn -0.044408 0.738533 -0.672754
vn 0.023830 0.731791 -0.681113
vn 0.501580 0.747966 -0.434700
vn -0.320762 0.759796 -0.565528
vn 0.392588 0.882212 -0.259953
vn 0.355906 0.906395 -0.227552
vn -0.402716 0.736305 -0.543760
vn 0.502467 0.718351 -0.481143
vn 0.789636 0.599575 -0.130327
vn 0.828089 0.560344 -0.016871
vn 0.498515 0.725521 -0.474449
vn 0.044199 0.718903 -0.693704
vn 0.517676 0.729679 -0.446744
vn 0.501580 0.747966 -0.434700
vn 0.023830 0.731791 -0.681113
vn 0.621370 0.751212 0.222667
vn -0.092221 0.967441 -0.235697
vn 0.286919 0.951075 -0.114601
vn 0.775519 0.532577 0.339016
vn -0.155529 0.980288 -0.121843
vn 0.403568 0.895654 0.186915
vn 0.316211 0.925413 0.208858
vn -0.185494 0.980300 -0.067851
vn 0.322481 0.929913 -0.176827
vn 0.820639 0.289965 0.492414
vn 0.775519 0.532577 0.339016
vn 0.286919 0.951075 -0.114601
vn -0.092221 0.967441 -0.235697
vn 0.621370 0.751212 0.222667
vn 0.515967 0.836022 0.186667
vn -0.118047 0.974823 -0.189169
vn -0.357487 0.931036 -0.073313
vn -0.230726 0.973011 0.003836
vn -0.273795 0.959362 0.068268
vn -0.344349 0.938442 0.027401
vn 0.011610 0.693459 -0.720403
vn 0.502467 0.718351 -0.481143
vn 0.498515 0.725521 -0.474449
vn 0.036433 0.706966 -0.706308
vn 0.403568 0.895654 0.186915
vn -0.155529 0.980288 -0.121843
vn -0.118047 0.974823 -0.189169
vn 0.515967 0.836022 0.186667
vn -0.357487 0.931036 -0.073313
vn -0.387631 0.904581 -0.177413
vn -0.185494 0.980300 -0.067851
vn -0.230726 0.973011 0.003836
vn -0.230726 0.973011 0.003836
vn 0.172338 0.960354 0.219135
vn 0.085785 0.956473 0.278926
vn -0.273795 0.959362 0.068268
vn 0.172338 0.960354 0.219135
vn -0.230726 0.973011 0.003836
vn -0.185494 0.980300 -0.067851
vn 0.316211 0.925413 0.208858
vn -0.132048 0.650245 -0.748161
vn 0.655151 0.671590 -0.346041
vn 0.496432 0.715605 -0.491391
vn -0.034645 0.677647 -0.734571
vn -0.328847 0.932609 0.148659
vn -0.344349 0.938442 0.027401
vn -0.273795 0.959362 0.068268
vn 0.085785 0.956473 0.278926
vn -0.842197 0.488134 0.228976
vn -0.847495 0.484971 0.215765
vn -0.802010 0.456800 -0.384854
vn -0.821546 0.469357 -0.323677
vn 0.357198 0.916078 -0.182239
vn -0.005955 0.958821 -0.283950
vn 0.010740 0.938247 -0.345799
vn 0.375289 0.895323 -0.239906
vn 0.338752 0.939004 -0.059316
vn 0.334809 0.942092 0.019138
vn -0.039511 0.997153 -0.064222
vn -0.021223 0.988635 -0.148829
vn -0.254540 0.754212 -0.605287
vn -0.181078 0.764744 -0.618366
vn 0.080369 0.794627 -0.601755
vn 0.071712 0.798892 -0.597185
vn 0.015308 0.914027 -0.405364
vn 0.010740 0.938247 -0.345799
vn -0.874239 0.453815 -0.172507
vn -0.853262 0.484518 -0.192839
vn -0.874239 0.453815 -0.172507
vn 0.010740 0.938247 -0.345799
vn -0.005955 0.958821 -0.283950
vn -0.850987 0.488347 -0.193232
vn -0.336271 0.741255 -0.580916
vn 0.069578 0.806655 -0.586913
vn 0.045050 0.815289 -0.577299
vn -0.401349 0.731023 -0.551836
vn 0.015308 0.914027 -0.405364
vn 0.018232 0.882677 -0.469627
vn 0.302300 0.866831 -0.396508
vn 0.348679 0.884688 -0.309435
vn 0.043131 0.997910 0.048114
vn -0.039511 0.997153 -0.064222
vn 0.334809 0.942092 0.019138
vn 0.331673 0.936477 0.114037
vn -0.784452 0.557818 -0.271061
vn 0.018232 0.882677 -0.469627
vn 0.015308 0.914027 -0.405364
vn -0.853262 0.484518 -0.192839
vn 0.348679 0.884688 -0.309435
vn 0.375289 0.895323 -0.239906
vn 0.010740 0.938247 -0.345799
vn 0.015308 0.914027 -0.405364
vn -0.005955 0.958821 -0.283950
vn -0.007919 0.974781 -0.223024
vn -0.775535 0.590998 -0.221961
vn -0.850987 0.488347 -0.193232
vn 0.071712 0.798892 -0.597185
vn 0.080369 0.794627 -0.601755
vn 0.317897 0.783373 -0.534105
vn 0.283068 0.792256 -0.540558
vn 0.338752 0.939004 -0.059316
vn -0.021223 0.988635 -0.148829
vn -0.007919 0.974781 -0.223024
vn 0.389485 0.913420 -0.118171
vn -0.652461 0.726584 -0.215339
vn -0.775535 0.590998 -0.221961
vn -0.007919 0.974781 -0.223024
vn -0.021223 0.988635 -0.148829
vn 0.045050 0.815289 -0.577299
vn 0.069578 0.806655 -0.586913
vn 0.260466 0.802378 -0.536979
vn 0.248104 0.813325 -0.526258
vn -0.567249 0.680058 -0.464488
vn 0.045309 0.833615 -0.550484
vn 0.015022 0.852636 -0.522290
vn -0.638038 0.655388 -0.404197
vn 0.011457 0.981693 0.190128
vn 0.029937 0.993786 0.107208
vn 0.272703 0.947673 0.165981
vn 0.229997 0.944618 0.234090
vn -0.638038 0.655388 -0.404197
vn 0.015022 0.852636 -0.522290
vn 0.018232 0.882677 -0.469627
vn -0.784452 0.557818 -0.271061
vn 0.280492 0.846812 -0.451922
vn 0.302300 0.866831 -0.396508
vn 0.018232 0.882677 -0.469627
vn 0.015022 0.852636 -0.522290
vn -0.401349 0.731023 -0.551836
vn 0.045050 0.815289 -0.577299
vn 0.045309 0.833615 -0.550484
vn -0.567249 0.680058 -0.464488
vn 0.331673 0.936477 0.114037
vn 0.272703 0.947673 0.165981
vn 0.029937 0.993786 0.107208
vn 0.043131 0.997910 0.048114
vn 0.165220 0.942906 0.289190
vn -0.002915 0.967069 0.254497
vn 0.011457 0.981693 0.190128
vn 0.229997 0.944618 0.234090
vn 0.015022 0.852636 -0.522290
vn 0.045309 0.833615 -0.550484
vn 0.250414 0.829289 -0.499573
vn 0.280492 0.846812 -0.451922
vn 0.357198 0.916078 -0.182239
vn 0.389485 0.913420 -0.118171
vn -0.007919 0.974781 -0.223024
vn -0.005955 0.958821 -0.283950
vn 0.071712 0.798892 -0.597185
vn 0.069578 0.806655 -0.586913
vn -0.336271 0.741255 -0.580916
vn -0.254540 0.754212 -0.605287
vn 0.248104 0.813325 -0.526258
vn 0.250414 0.829289 -0.499573
vn 0.045309 0.833615 -0.550484
vn 0.045050 0.815289 -0.577299
vn -0.384842 0.921797 -0.046770
vn -0.522821 0.838031 -0.156087
vn -0.039511 0.997153 -0.064222
vn 0.043131 0.997910 0.048114
vn 0.011457 0.981693 0.190128
vn -0.002915 0.967069 0.254497
vn -0.237031 0.951425 0.196488
vn -0.266149 0.957085 0.114683
vn -0.021223 0.988635 -0.148829
vn -0.039511 0.997153 -0.064222
vn -0.522821 0.838031 -0.156087
vn -0.652461 0.726584 -0.215339
vn 0.043131 0.997910 0.048114
vn 0.029937 0.993786 0.107208
vn -0.316941 0.948178 0.022533
vn -0.384842 0.921797 -0.046770
vn 0.093083 0.928641 0.359112
vn 0.031845 0.902465 0.429585
vn -0.030135 0.908979 0.415751
vn -0.018402 0.940181 0.340177
vn 0.283068 0.792256 -0.540558
vn 0.260466 0.802378 -0.536979
vn 0.069578 0.806655 -0.586913
vn 0.071712 0.798892 -0.597185
vn -0.266149 0.957085 0.114683
vn -0.316941 0.948178 0.022533
vn 0.029937 0.993786 0.107208
vn 0.011457 0.981693 0.190128
vn 0.093083 0.928641 0.359112
vn -0.018402 0.940181 0.340177
vn -0.002915 0.967069 0.254497
vn 0.165220 0.942906 0.289190
vn -0.018402 0.940181 0.340177
vn -0.030135 0.908979 0.415751
vn -0.154720 0.904565 0.397270
vn -0.168712 0.939201 0.299061
vn -0.168712 0.939201 0.299061
vn -0.237031 0.951425 0.196488
vn -0.002915 0.967069 0.254497
vn -0.018402 0.940181 0.340177
vn 0.383272 0.771791 -0.507387
vn 0.317897 0.783373 -0.534105
vn 0.080369 0.794627 -0.601755
vn -0.073445 0.779833 -0.621664
vn -0.042787 0.860812 0.507121
vn -0.154720 0.904565 0.397270
vn -0.030135 0.908979 0.415751
vn 0.031845 0.902465 0.429585
vn -0.475343 0.623830 -0.620391
vn -0.603186 0.770799 0.205027
vn -0.650535 0.728899 0.213331
vn -0.470708 0.564130 -0.678374
vn 0.775469 0.587742 -0.230666
vn 0.020972 0.714677 -0.699140
vn 0.040899 0.674350 -0.737279
vn 0.792222 0.554490 -0.254805
vn 0.755752 0.637448 -0.149996
vn 0.748177 0.657652 -0.087896
vn -0.012069 0.846727 -0.531890
vn 0.012332 0.800071 -0.599779
vn -0.482949 0.403085 -0.777356
vn -0.358643 0.421956 -0.832663
vn 0.113711 0.486643 -0.866169
vn 0.099432 0.490021 -0.866022
vn 0.037957 0.632264 -0.773823
vn 0.040899 0.674350 -0.737279
vn -0.886565 0.021565 0.462102
vn -0.910802 0.088403 0.403267
vn -0.886565 0.021565 0.462102
vn 0.040899 0.674350 -0.737279
vn 0.020972 0.714677 -0.699140
vn -0.924513 -0.023030 0.380455
vn -0.612473 0.381681 -0.692240
vn 0.097993 0.498227 -0.861492
vn 0.056209 0.504330 -0.861680
vn -0.707308 0.363687 -0.606175
vn 0.037957 0.632264 -0.773823
vn 0.030305 0.584914 -0.810529
vn 0.690222 0.541681 -0.479765
vn 0.757711 0.550545 -0.350392
vn 0.329916 0.890770 -0.312545
vn -0.012069 0.846727 -0.531890
vn 0.748177 0.657652 -0.087896
vn 0.736121 0.676778 -0.009890
vn -0.963666 0.170558 0.205565
vn 0.030305 0.584914 -0.810529
vn 0.037957 0.632264 -0.773823
vn -0.910802 0.088403 0.403267
vn 0.757711 0.550545 -0.350392
vn 0.792222 0.554490 -0.254805
vn 0.040899 0.674350 -0.737279
vn 0.037957 0.632264 -0.773823
vn 0.020972 0.714677 -0.699140
vn 0.026860 0.755157 -0.654994
vn -0.987904 0.011412 0.154647
vn -0.924513 -0.023030 0.380455
vn 0.099432 0.490021 -0.866022
vn 0.113711 0.486643 -0.866169
vn 0.687353 0.455353 -0.565862
vn 0.640012 0.469098 -0.608549
vn 0.755752 0.637448 -0.149996
vn 0.012332 0.800071 -0.599779
vn 0.026860 0.755157 -0.654994
vn 0.809292 0.572793 -0.130209
vn -0.973919 0.161287 -0.159589
vn -0.987904 0.011412 0.154647
vn 0.026860 0.755157 -0.654994
vn 0.012332 0.800071 -0.599779
vn 0.056209 0.504330 -0.861680
vn 0.097993 0.498227 -0.861492
vn 0.609248 0.482361 -0.629400
vn 0.593567 0.495296 -0.634318
vn -0.897305 0.302893 -0.321092
vn 0.062540 0.525644 -0.848403
vn 0.013339 0.544243 -0.838821
vn -0.949786 0.265740 -0.165193
vn 0.276192 0.945996 -0.169735
vn 0.308551 0.916132 -0.255928
vn 0.658659 0.752080 -0.023321
vn 0.592200 0.805752 0.007902
vn -0.949786 0.265740 -0.165193
vn 0.013339 0.544243 -0.838821
vn 0.030305 0.584914 -0.810529
vn -0.963666 0.170558 0.205565
vn 0.652409 0.524236 -0.547301
vn 0.690222 0.541681 -0.479765
vn 0.030305 0.584914 -0.810529
vn 0.013339 0.544243 -0.838821
vn -0.707308 0.363687 -0.606175
vn 0.056209 0.504330 -0.861680
vn 0.062540 0.525644 -0.848403
vn -0.897305 0.302893 -0.321092
vn 0.736121 0.676778 -0.009890
vn 0.658659 0.752080 -0.023321
vn 0.308551 0.916132 -0.255928
vn 0.329916 0.890770 -0.312545
vn 0.493062 0.869652 0.024391
vn 0.249018 0.963554 -0.097743
vn 0.276192 0.945996 -0.169735
vn 0.592200 0.805752 0.007902
vn 0.013339 0.544243 -0.838821
vn 0.062540 0.525644 -0.848403
vn 0.601846 0.511246 -0.613521
vn 0.652409 0.524236 -0.547301
vn 0.775469 0.587742 -0.230666
vn 0.809292 0.572793 -0.130209
vn 0.026860 0.755157 -0.654994
vn 0.020972 0.714677 -0.699140
vn 0.099432 0.490021 -0.866022
vn 0.097993 0.498227 -0.861492
vn -0.612473 0.381681 -0.692240
vn -0.482949 0.403085 -0.777356
vn 0.593567 0.495296 -0.634318
vn 0.601846 0.511246 -0.613521
vn 0.062540 0.525644 -0.848403
vn 0.056209 0.504330 -0.861680
vn -0.607603 0.631238 -0.482034
vn -0.838893 0.378414 -0.391231
vn -0.012069 0.846727 -0.531890
vn 0.329916 0.890770 -0.312545
vn 0.276192 0.945996 -0.169735
vn 0.249018 0.963554 -0.097743
vn -0.330775 0.894873 -0.299651
vn -0.383630 0.838654 -0.386636
vn 0.012332 0.800071 -0.599779
vn -0.012069 0.846727 -0.531890
vn -0.838893 0.378414 -0.391231
vn -0.973919 0.161287 -0.159589
vn 0.329916 0.890770 -0.312545
vn 0.308551 0.916132 -0.255928
vn -0.481615 0.745243 -0.461150
vn -0.607603 0.631238 -0.482034
vn 0.376269 0.923686 0.072290
vn 0.272989 0.951284 0.143306
vn 0.185680 0.976760 0.107068
vn 0.215440 0.976490 0.007226
vn 0.640012 0.469098 -0.608549
vn 0.609248 0.482361 -0.629400
vn 0.097993 0.498227 -0.861492
vn 0.099432 0.490021 -0.866022
vn -0.383630 0.838654 -0.386636
vn -0.481615 0.745243 -0.461150
vn 0.308551 0.916132 -0.255928
vn 0.276192 0.945996 -0.169735
vn 0.376269 0.923686 0.072290
vn 0.215440 0.976490 0.007226
vn 0.249018 0.963554 -0.097743
vn 0.493062 0.869652 0.024391
vn 0.215440 0.976490 0.007226
vn 0.185680 0.976760 0.107068
vn -0.219589 0.975082 -0.031546
vn -0.227339 0.959462 -0.166584
vn -0.227339 0.959462 -0.166584
vn -0.330775 0.894873 -0.299651
vn 0.249018 0.963554 -0.097743
vn 0.215440 0.976490 0.007226
vn 0.770072 0.434792 -0.466846
vn 0.687353 0.455353 -0.565862
vn 0.113711 0.486643 -0.866169
vn -0.167158 0.450264 -0.877109
vn 0.148096 0.960437 0.235858
vn -0.219589 0.975082 -0.031546
vn 0.185680 0.976760 0.107068
vn 0.272989 0.951284 0.143306
vn 0.231747 0.195713 0.952885
vn 0.528140 0.060630 0.846990
vn -0.650535 0.728899 0.213331
vn -0.603186 0.770799 0.205027
vn 0.450962 0.864176 -0.223234
vn -0.083474 0.923369 -0.374729
vn -0.070445 0.904259 -0.421133
vn 0.464915 0.844767 -0.264996
vn 0.438169 0.889211 -0.131577
vn 0.436047 0.897058 -0.071760
vn -0.105570 0.972372 -0.208202
vn -0.091856 0.957672 -0.272812
vn -0.331195 0.726022 -0.602662
vn -0.262068 0.741150 -0.618075
vn -0.015234 0.786845 -0.616963
vn -0.023198 0.789564 -0.613230
vn -0.068797 0.882182 -0.465855
vn -0.070445 0.904259 -0.421133
vn -0.902180 0.405084 -0.148251
vn -0.883809 0.435373 -0.171264
vn -0.902180 0.405084 -0.148251
vn -0.070445 0.904259 -0.421133
vn -0.083474 0.923369 -0.374729
vn -0.882868 0.434852 -0.177337
vn -0.408102 0.707904 -0.576477
vn -0.024822 0.795713 -0.605165
vn -0.047593 0.800787 -0.597055
vn -0.469343 0.693093 -0.547119
vn -0.068797 0.882182 -0.465855
vn -0.068822 0.854851 -0.514290
vn 0.390543 0.830805 -0.396535
vn 0.437225 0.839460 -0.322710
vn 0.168150 0.982923 -0.074752
vn -0.105570 0.972372 -0.208202
vn 0.436047 0.897058 -0.071760
vn 0.433336 0.901231 0.001759
vn -0.823674 0.506184 -0.255613
vn -0.068822 0.854851 -0.514290
vn -0.068797 0.882182 -0.465855
vn -0.883809 0.435373 -0.171264
vn 0.437225 0.839460 -0.322710
vn 0.464915 0.844767 -0.264996
vn -0.070445 0.904259 -0.421133
vn -0.068797 0.882182 -0.465855
vn -0.083474 0.923369 -0.374729
vn -0.082538 0.940752 -0.328897
vn -0.815495 0.530254 -0.231945
vn -0.882868 0.434852 -0.177337
vn -0.023198 0.789564 -0.613230
vn -0.015234 0.786845 -0.616963
vn 0.398211 0.766308 -0.504183
vn 0.366414 0.776255 -0.513001
vn 0.438169 0.889211 -0.131577
vn -0.091856 0.957672 -0.272812
vn -0.082538 0.940752 -0.328897
vn 0.482938 0.859185 -0.169035
vn -0.698459 0.664143 -0.266589
vn -0.815495 0.530254 -0.231945
vn -0.082538 0.940752 -0.328897
vn -0.091856 0.957672 -0.272812
vn -0.047593 0.800787 -0.597055
vn -0.024822 0.795713 -0.605165
vn 0.346021 0.785974 -0.512361
vn 0.335186 0.795412 -0.504945
vn -0.624706 0.634093 -0.455706
vn -0.046390 0.815869 -0.576372
vn -0.073994 0.829132 -0.554134
vn -0.690728 0.604983 -0.396094
vn 0.142939 0.988950 0.039320
vn 0.157784 0.987078 -0.027961
vn 0.379193 0.924618 0.035993
vn 0.339481 0.936571 0.087102
vn -0.690728 0.604983 -0.396094
vn -0.073994 0.829132 -0.554134
vn -0.068822 0.854851 -0.514290
vn -0.823674 0.506184 -0.255613
vn 0.367953 0.817767 -0.442571
vn 0.390543 0.830805 -0.396535
vn -0.068822 0.854851 -0.514290
vn -0.073994 0.829132 -0.554134
vn -0.469343 0.693093 -0.547119
vn -0.047593 0.800787 -0.597055
vn -0.046390 0.815869 -0.576372
vn -0.624706 0.634093 -0.455706
vn 0.433336 0.901231 0.001759
vn 0.379193 0.924618 0.035993
vn 0.157784 0.987078 -0.027961
vn 0.168150 0.982923 -0.074752
vn 0.280477 0.951262 0.128194
vn 0.131056 0.987008 0.092947
vn 0.142939 0.988950 0.039320
vn 0.339481 0.936571 0.087102
vn -0.073994 0.829132 -0.554134
vn -0.046390 0.815869 -0.576372
vn 0.338371 0.807349 -0.483418
vn 0.367953 0.817767 -0.442571
vn 0.450962 0.864176 -0.223234
vn 0.482938 0.859185 -0.169035
vn -0.082538 0.940752 -0.328897
vn -0.083474 0.923369 -0.374729
vn -0.023198 0.789564 -0.613230
vn -0.024822 0.795713 -0.605165
vn -0.408102 0.707904 -0.576477
vn -0.331195 0.726022 -0.602662
vn 0.335186 0.795412 -0.504945
vn 0.338371 0.807349 -0.483418
vn -0.046390 0.815869 -0.576372
vn -0.047593 0.800787 -0.597055
vn -0.428297 0.884404 -0.185448
vn -0.569136 0.783089 -0.250709
vn -0.105570 0.972372 -0.208202
vn 0.168150 0.982923 -0.074752
vn 0.142939 0.988950 0.039320
vn 0.131056 0.987008 0.092947
vn -0.276416 0.961038 0.000897
vn -0.306805 0.949518 -0.065479
vn -0.091856 0.957672 -0.272812
vn -0.105570 0.972372 -0.208202
vn -0.569136 0.783089 -0.250709
vn -0.698459 0.664143 -0.266589
vn 0.168150 0.982923 -0.074752
vn 0.157784 0.987078 -0.027961
vn -0.359559 0.923086 -0.136489
vn -0.428297 0.884404 -0.185448
vn 0.215301 0.958867 0.184987
vn 0.160444 0.955639 0.247005
vn 0.107240 0.966104 0.234824
vn 0.117890 0.978895 0.166932
vn 0.366414 0.776255 -0.513001
vn 0.346021 0.785974 -0.512361
vn -0.024822 0.795713 -0.605165
vn -0.023198 0.789564 -0.613230
vn -0.306805 0.949518 -0.065479
vn -0.359559 0.923086 -0.136489
vn 0.157784 0.987078 -0.027961
vn 0.142939 0.988950 0.039320
vn 0.215301 0.958867 0.184987
vn 0.117890 0.978895 0.166932
vn 0.131056 0.987008 0.092947
vn 0.280477 0.951262 0.128194
vn 0.117890 0.978895 0.166932
vn 0.107240 0.966104 0.234824
vn -0.200904 0.963796 0.175316
vn -0.213111 0.973123 0.087267
vn -0.213111 0.973123 0.087267
vn -0.276416 0.961038 0.000897
vn 0.131056 0.987008 0.092947
vn 0.117890 0.978895 0.166932
vn 0.458141 0.751211 -0.475173
vn 0.398211 0.766308 -0.504183
vn -0.015234 0.786845 -0.616963
vn -0.160618 0.762565 -0.626655
vn 0.094554 0.942470 0.320641
vn -0.200904 0.963796 0.175316
vn 0.107240 0.966104 0.234824
vn 0.160444 0.955639 0.247005
vn -0.822926 0.501225 0.267519
vn -0.837944 0.495607 0.228523
vn -0.828258 0.481433 -0.286725
vn -0.826905 0.493161 -0.270224
vn -0.519458 0.731173 -0.442210
vn -0.520049 0.710052 -0.474736
vn 0.201282 0.839895 -0.504046
vn 0.201495 0.863930 -0.461547
vn -0.546244 0.752954 -0.366985
vn 0.164373 0.911950 -0.375938
vn 0.156057 0.935851 -0.315958
vn -0.572957 0.755517 -0.317670
vn 0.698722 0.584148 -0.412989
vn 0.211805 0.711421 -0.670088
vn 0.199847 0.708687 -0.676627
vn 0.604822 0.621951 -0.497361
vn 0.220616 0.812947 -0.538930
vn 0.668429 -0.159189 0.726541
vn 0.617969 -0.246105 0.746690
vn 0.201282 0.839895 -0.504046
vn 0.617969 -0.246105 0.746690
vn 0.696178 -0.255952 0.670690
vn 0.201495 0.863930 -0.461547
vn 0.201282 0.839895 -0.504046
vn 0.789788 0.534155 -0.301520
vn 0.850171 0.487512 -0.198852
vn 0.246390 0.722187 -0.646327
vn 0.210785 0.717859 -0.663512
vn 0.220616 0.812947 -0.538930
vn -0.441075 0.723822 -0.530599
vn -0.319307 0.735357 -0.597740
vn 0.244290 0.780821 -0.575014
vn -0.084011 0.956987 -0.277701
vn -0.603553 0.754426 -0.258001
vn -0.572957 0.755517 -0.317670
vn 0.156057 0.935851 -0.315958
vn 0.809092 -0.001563 0.587680
vn 0.668429 -0.159189 0.726541
vn 0.220616 0.812947 -0.538930
vn 0.244290 0.780821 -0.575014
vn -0.441075 0.723822 -0.530599
vn 0.220616 0.812947 -0.538930
vn 0.201282 0.839895 -0.504046
vn -0.520049 0.710052 -0.474736
vn 0.201495 0.863930 -0.461547
vn 0.696178 -0.255952 0.670690
vn 0.857065 -0.130035 0.498529
vn 0.176279 0.887498 -0.425763
vn 0.211805 0.711421 -0.670088
vn -0.213757 0.689229 -0.692294
vn -0.272901 0.673742 -0.686729
vn 0.199847 0.708687 -0.676627
vn -0.546244 0.752954 -0.366985
vn -0.601848 0.698535 -0.387076
vn 0.176279 0.887498 -0.425763
vn 0.164373 0.911950 -0.375938
vn 0.957803 0.139557 0.251271
vn 0.164373 0.911950 -0.375938
vn 0.176279 0.887498 -0.425763
vn 0.857065 -0.130035 0.498529
vn 0.246390 0.722187 -0.646327
vn -0.163891 0.712686 -0.682070
vn -0.178831 0.701808 -0.689554
vn 0.210785 0.717859 -0.663512
vn 0.938677 0.327860 0.106738
vn 0.936841 0.234632 0.259377
vn 0.272244 0.751294 -0.601199
vn 0.234507 0.738600 -0.632042
vn -0.097640 0.981373 -0.165450
vn -0.479841 0.858306 -0.181831
vn -0.526136 0.818622 -0.230301
vn -0.089517 0.968540 -0.232198
vn 0.936841 0.234632 0.259377
vn 0.809092 -0.001563 0.587680
vn 0.244290 0.780821 -0.575014
vn 0.272244 0.751294 -0.601199
vn -0.254580 0.728980 -0.635435
vn 0.272244 0.751294 -0.601199
vn 0.244290 0.780821 -0.575014
vn -0.319307 0.735357 -0.597740
vn 0.850171 0.487512 -0.198852
vn 0.938677 0.327860 0.106738
vn 0.234507 0.738600 -0.632042
vn 0.246390 0.722187 -0.646327
vn -0.603553 0.754426 -0.258001
vn -0.084011 0.956987 -0.277701
vn -0.089517 0.968540 -0.232198
vn -0.526136 0.818622 -0.230301
vn -0.393964 0.909679 -0.131443
vn -0.479841 0.858306 -0.181831
vn -0.097640 0.981373 -0.165450
vn -0.104206 0.988322 -0.111180
vn 0.272244 0.751294 -0.601199
vn -0.254580 0.728980 -0.635435
vn -0.180855 0.724188 -0.665465
vn 0.234507 0.738600 -0.632042
vn -0.519458 0.731173 -0.442210
vn 0.201495 0.863930 -0.461547
vn 0.176279 0.887498 -0.425763
vn -0.601848 0.698535 -0.387076
vn 0.211805 0.711421 -0.670088
vn 0.698722 0.584148 -0.412989
vn 0.789788 0.534155 -0.301520
vn 0.210785 0.717859 -0.663512
vn -0.163891 0.712686 -0.682070
vn 0.246390 0.722187 -0.646327
vn 0.234507 0.738600 -0.632042
vn -0.180855 0.724188 -0.665465
vn 0.703026 0.706687 -0.079673
vn -0.084011 0.956987 -0.277701
vn 0.156057 0.935851 -0.315958
vn 0.900537 0.432182 0.047446
vn -0.097640 0.981373 -0.165450
vn 0.445256 0.891263 -0.086004
vn 0.356416 0.933074 -0.048380
vn -0.104206 0.988322 -0.111180
vn 0.164373 0.911950 -0.375938
vn 0.957803 0.139557 0.251271
vn 0.900537 0.432182 0.047446
vn 0.156057 0.935851 -0.315958
vn -0.084011 0.956987 -0.277701
vn 0.703026 0.706687 -0.079673
vn 0.571530 0.813998 -0.103731
vn -0.089517 0.968540 -0.232198
vn -0.304187 0.950884 -0.057353
vn -0.119251 0.992214 -0.035937
vn -0.135627 0.990171 0.034153
vn -0.236592 0.971320 0.023711
vn -0.213757 0.689229 -0.692294
vn 0.211805 0.711421 -0.670088
vn 0.210785 0.717859 -0.663512
vn -0.178831 0.701808 -0.689554
vn 0.445256 0.891263 -0.086004
vn -0.097640 0.981373 -0.165450
vn -0.089517 0.968540 -0.232198
vn 0.571530 0.813998 -0.103731
vn -0.304187 0.950884 -0.057353
vn -0.393964 0.909679 -0.131443
vn -0.104206 0.988322 -0.111180
vn -0.119251 0.992214 -0.035937
vn -0.119251 0.992214 -0.035937
vn 0.196652 0.980469 -0.002887
vn 0.127880 0.988939 0.075144
vn -0.135627 0.990171 0.034153
vn 0.196652 0.980469 -0.002887
vn -0.119251 0.992214 -0.035937
vn -0.104206 0.988322 -0.111180
vn 0.356416 0.933074 -0.048380
vn -0.389316 0.644486 -0.658081
vn 0.449452 0.667725 -0.593410
vn 0.199847 0.708687 -0.676627
vn -0.272901 0.673742 -0.686729
vn -0.157690 0.979604 0.124541
vn -0.236592 0.971320 0.023711
vn -0.135627 0.990171 0.034153
vn 0.127880 0.988939 0.075144
vn 0.042061 0.314259 0.948405
vn -0.814465 0.520484 0.256406
vn -0.788698 0.537411 0.298571
vn 0.206450 0.279998 0.937539
vn 0.316399 0.855394 -0.410114
vn -0.092156 0.889060 -0.448418
vn -0.088748 0.864542 -0.494662
vn 0.323714 0.830536 -0.453233
vn 0.316122 0.894194 -0.316992
vn 0.321252 0.911782 -0.255835
vn -0.083450 0.955751 -0.282092
vn -0.082319 0.933738 -0.348363
vn -0.358410 0.696906 -0.621180
vn -0.298435 0.702962 -0.645585
vn -0.073776 0.727402 -0.682235
vn -0.080336 0.730912 -0.677727
vn -0.095067 0.838348 -0.536782
vn -0.088748 0.864542 -0.494662
vn -0.797077 0.590473 -0.126533
vn -0.786712 0.596955 -0.157258
vn -0.797077 0.590473 -0.126533
vn -0.088748 0.864542 -0.494662
vn -0.092156 0.889060 -0.448418
vn -0.773336 0.618036 -0.141361
vn -0.423306 0.690861 -0.586108
vn -0.080378 0.737663 -0.670368
vn -0.099537 0.744902 -0.659707
vn -0.473159 0.687739 -0.550578
vn -0.095067 0.838348 -0.536782
vn -0.103684 0.806886 -0.581537
vn 0.238412 0.792906 -0.560767
vn 0.291194 0.814418 -0.501926
vn 0.095256 0.974113 -0.205011
vn -0.083450 0.955751 -0.282092
vn 0.321252 0.911782 -0.255835
vn 0.327220 0.927921 -0.178576
vn -0.744647 0.621707 -0.242862
vn -0.103684 0.806886 -0.581537
vn -0.095067 0.838348 -0.536782
vn -0.786712 0.596955 -0.157258
vn 0.291194 0.814418 -0.501926
vn 0.323714 0.830536 -0.453233
vn -0.088748 0.864542 -0.494662
vn -0.095067 0.838348 -0.536782
vn -0.092156 0.889060 -0.448418
vn -0.083608 0.910676 -0.404574
vn -0.709122 0.679595 -0.187874
vn -0.773336 0.618036 -0.141361
vn -0.080336 0.730912 -0.677727
vn -0.073776 0.727402 -0.682235
vn 0.228619 0.716598 -0.658955
vn 0.198034 0.724159 -0.660587
vn 0.316122 0.894194 -0.316992
vn -0.082319 0.933738 -0.348363
vn -0.083608 0.910676 -0.404574
vn 0.351236 0.862669 -0.363916
vn -0.601610 0.765295 -0.228885
vn -0.709122 0.679595 -0.187874
vn -0.083608 0.910676 -0.404574
vn -0.082319 0.933738 -0.348363
vn -0.099537 0.744902 -0.659707
vn -0.080378 0.737663 -0.670368
vn 0.179506 0.732997 -0.656120
vn 0.170866 0.742708 -0.647448
vn -0.597561 0.665581 -0.447128
vn -0.094710 0.761337 -0.641402
vn -0.115517 0.778399 -0.617050
vn -0.645768 0.659832 -0.384195
vn 0.092315 0.992236 -0.083342
vn 0.094042 0.983353 -0.155477
vn 0.285862 0.949131 -0.132034
vn 0.259524 0.963174 -0.070303
vn -0.645768 0.659832 -0.384195
vn -0.115517 0.778399 -0.617050
vn -0.103684 0.806886 -0.581537
vn -0.744647 0.621707 -0.242862
vn 0.210845 0.773182 -0.598109
vn 0.238412 0.792906 -0.560767
vn -0.103684 0.806886 -0.581537
vn -0.115517 0.778399 -0.617050
vn -0.473159 0.687739 -0.550578
vn -0.099537 0.744902 -0.659707
vn -0.094710 0.761337 -0.641402
vn -0.597561 0.665581 -0.447128
vn 0.327220 0.927921 -0.178576
vn 0.285862 0.949131 -0.132034
vn 0.094042 0.983353 -0.155477
vn 0.095256 0.974113 -0.205011
vn 0.216879 0.976070 -0.015845
vn 0.090887 0.995544 -0.025142
vn 0.092315 0.992236 -0.083342
vn 0.259524 0.963174 -0.070303
vn -0.115517 0.778399 -0.617050
vn -0.094710 0.761337 -0.641402
vn 0.177370 0.756928 -0.628968
vn 0.210845 0.773182 -0.598109
vn 0.316399 0.855394 -0.410114
vn 0.351236 0.862669 -0.363916
vn -0.083608 0.910676 -0.404574
vn -0.092156 0.889060 -0.448418
vn -0.080336 0.730912 -0.677727
vn -0.080378 0.737663 -0.670368
vn -0.423306 0.690861 -0.586108
vn -0.358410 0.696906 -0.621180
vn 0.170866 0.742708 -0.647448
vn 0.177370 0.756928 -0.628968
vn -0.094710 0.761337 -0.641402
vn -0.099537 0.744902 -0.659707
vn -0.347750 0.917961 -0.190835
vn -0.481235 0.845720 -0.230585
vn -0.083450 0.955751 -0.282092
vn 0.095256 0.974113 -0.205011
vn 0.092315 0.992236 -0.083342
vn 0.090887 0.995544 -0.025142
vn -0.189610 0.981359 -0.031353
vn -0.225413 0.969754 -0.093630
vn -0.082319 0.933738 -0.348363
vn -0.083450 0.955751 -0.282092
vn -0.481235 0.845720 -0.230585
vn -0.601610 0.765295 -0.228885
vn 0.095256 0.974113 -0.205011
vn 0.094042 0.983353 -0.155477
vn -0.281344 0.946940 -0.155403
vn -0.347750 0.917961 -0.190835
vn -0.358718 0.920060 -0.157516
vn -0.437166 0.886155 -0.153674
vn -0.348071 0.736960 -0.579428
vn -0.306503 0.791841 -0.528246
vn 0.198034 0.724159 -0.660587
vn 0.179506 0.732997 -0.656120
vn -0.080378 0.737663 -0.670368
vn -0.080336 0.730912 -0.677727
vn -0.225413 0.969754 -0.093630
vn -0.281344 0.946940 -0.155403
vn 0.094042 0.983353 -0.155477
vn 0.092315 0.992236 -0.083342
vn 0.172298 0.983412 0.056703
vn 0.091481 0.994258 0.055520
vn 0.090887 0.995544 -0.025142
vn 0.216879 0.976070 -0.015845
vn 0.091481 0.994258 0.055520
vn 0.093107 0.987107 0.130196
vn -0.101918 0.985625 0.134744
vn -0.125028 0.991167 0.044236
vn -0.125028 0.991167 0.044236
vn -0.189610 0.981359 -0.031353
vn 0.090887 0.995544 -0.025142
vn 0.091481 0.994258 0.055520
vn 0.288403 0.707869 -0.644782
vn 0.228619 0.716598 -0.658955
vn -0.073776 0.727402 -0.682235
vn -0.207697 0.713894 -0.668743
vn 0.095788 0.969506 0.225573
vn -0.101918 0.985625 0.134744
vn 0.093107 0.987107 0.130196
vn 0.137383 0.981476 0.133530
vn 0.206450 0.279998 0.937539
vn -0.788698 0.537411 0.298571
vn -0.772395 0.574123 0.271640
vn 0.554621 0.192810 0.809456
vn 0.452075 0.501643 -0.737552
vn -0.219149 0.537124 -0.814538
vn -0.216586 0.502217 -0.837179
vn 0.458331 0.470316 -0.754145
vn 0.460226 0.562349 -0.686991
vn 0.471971 0.598439 -0.647389
vn -0.189931 0.662014 -0.725027
vn -0.193682 0.613865 -0.765282
vn -0.631780 0.348219 -0.692530
vn -0.550483 0.344383 -0.760506
vn -0.203543 0.354862 -0.912493
vn -0.214085 0.357792 -0.908929
vn -0.230451 0.468621 -0.852811
vn -0.216586 0.502217 -0.837179
vn -0.870540 0.423920 0.249902
vn -0.879192 0.430101 0.205022
vn -0.870540 0.423920 0.249902
vn -0.216586 0.502217 -0.837179
vn -0.219149 0.537124 -0.814538
vn -0.885050 0.418653 0.203511
vn -0.712031 0.356208 -0.605085
vn -0.213723 0.363855 -0.906605
vn -0.244839 0.370100 -0.896147
vn -0.767563 0.365719 -0.526400
vn -0.230451 0.468621 -0.852811
vn -0.247886 0.432154 -0.867062
vn 0.304102 0.419455 -0.855324
vn 0.399268 0.447466 -0.800225
vn 0.086839 0.713622 -0.695128
vn -0.189931 0.662014 -0.725027
vn 0.471971 0.598439 -0.647389
vn 0.482694 0.643538 -0.594024
vn -0.902235 0.425430 0.070577
vn -0.247886 0.432154 -0.867062
vn -0.230451 0.468621 -0.852811
vn -0.879192 0.430101 0.205022
vn 0.399268 0.447466 -0.800225
vn 0.458331 0.470316 -0.754145
vn -0.216586 0.502217 -0.837179
vn -0.230451 0.468621 -0.852811
vn -0.219149 0.537124 -0.814538
vn -0.200628 0.571717 -0.795543
vn -0.902114 0.426710 0.064098
vn -0.885050 0.418653 0.203511
vn -0.214085 0.357792 -0.908929
vn -0.203543 0.354862 -0.912493
vn 0.273315 0.346786 -0.897239
vn 0.223349 0.352032 -0.908949
vn 0.460226 0.562349 -0.686991
vn -0.193682 0.613865 -0.765282
vn -0.200628 0.571717 -0.795543
vn 0.512161 0.517727 -0.685311
vn -0.873695 0.464158 -0.145651
vn -0.902114 0.426710 0.064098
vn -0.200628 0.571717 -0.795543
vn -0.193682 0.613865 -0.765282
vn -0.244839 0.370100 -0.896147
vn -0.213723 0.363855 -0.906605
vn 0.193352 0.359370 -0.912945
vn 0.179970 0.368046 -0.912224
vn -0.871731 0.389212 -0.297655
vn -0.235922 0.385632 -0.891981
vn -0.269520 0.402162 -0.875000
vn -0.896267 0.403714 -0.183632
vn 0.093833 0.795259 -0.598964
vn 0.089501 0.747526 -0.658176
vn 0.415552 0.693732 -0.588262
vn 0.371785 0.744888 -0.554001
vn -0.896267 0.403714 -0.183632
vn -0.269520 0.402162 -0.875000
vn -0.247886 0.432154 -0.867062
vn -0.902235 0.425430 0.070577
vn 0.252976 0.397917 -0.881853
vn 0.304102 0.419455 -0.855324
vn -0.247886 0.432154 -0.867062
vn -0.269520 0.402162 -0.875000
vn -0.767563 0.365719 -0.526400
vn -0.244839 0.370100 -0.896147
vn -0.235922 0.385632 -0.891981
vn -0.871731 0.389212 -0.297655
vn 0.482694 0.643538 -0.594024
vn 0.415552 0.693732 -0.588262
vn 0.089501 0.747526 -0.658176
vn 0.086839 0.713622 -0.695128
vn 0.302474 0.797221 -0.522445
vn 0.097593 0.831623 -0.546698
vn 0.093833 0.795259 -0.598964
vn 0.371785 0.744888 -0.554001
vn -0.269520 0.402162 -0.875000
vn -0.235922 0.385632 -0.891981
vn 0.192989 0.381335 -0.904068
vn 0.252976 0.397917 -0.881853
vn 0.452075 0.501643 -0.737552
vn 0.512161 0.517727 -0.685311
vn -0.200628 0.571717 -0.795543
vn -0.219149 0.537124 -0.814538
vn -0.214085 0.357792 -0.908929
vn -0.213723 0.363855 -0.906605
vn -0.712031 0.356208 -0.605085
vn -0.631780 0.348219 -0.692530
vn 0.179970 0.368046 -0.912224
vn 0.192989 0.381335 -0.904068
vn -0.235922 0.385632 -0.891981
vn -0.244839 0.370100 -0.896147
vn -0.605592 0.629948 -0.486234
vn -0.777001 0.531166 -0.337835
vn -0.189931 0.662014 -0.725027
vn 0.086839 0.713622 -0.695128
vn 0.093833 0.795259 -0.598964
vn 0.097593 0.831623 -0.546698
vn -0.335107 0.803843 -0.491466
vn -0.402974 0.750909 -0.523209
vn -0.193682 0.613865 -0.765282
vn -0.189931 0.662014 -0.725027
vn -0.777001 0.531166 -0.337835
vn -0.873695 0.464158 -0.145651
vn 0.086839 0.713622 -0.695128
vn 0.089501 0.747526 -0.658176
vn -0.501414 0.686308 -0.526846
vn -0.605592 0.629948 -0.486234
vn 0.233237 0.856004 -0.461365
vn 0.184263 0.906267 -0.380430
vn 0.118303 0.915615 -0.384257
vn 0.107399 0.877988 -0.466478
vn 0.223349 0.352032 -0.908949
vn 0.193352 0.359370 -0.912945
vn -0.213723 0.363855 -0.906605
vn -0.214085 0.357792 -0.908929
vn -0.402974 0.750909 -0.523209
vn -0.501414 0.686308 -0.526846
vn 0.089501 0.747526 -0.658176
vn 0.093833 0.795259 -0.598964
vn 0.233237 0.856004 -0.461365
vn 0.107399 0.877988 -0.466478
vn 0.097593 0.831623 -0.546698
vn 0.302474 0.797221 -0.522445
vn 0.107399 0.877988 -0.466478
vn 0.118303 0.915615 -0.384257
vn -0.175258 0.919533 -0.351771
vn -0.222223 0.867659 -0.444730
vn -0.222223 0.867659 -0.444730
vn -0.335107 0.803843 -0.491466
vn 0.097593 0.831623 -0.546698
vn 0.107399 0.877988 -0.466478
vn 0.370170 0.343617 -0.863077
vn 0.273315 0.346786 -0.897239
vn -0.203543 0.354862 -0.912493
vn -0.417256 0.344936 -0.840784
vn 0.133038 0.954123 -0.268236
vn -0.175258 0.919533 -0.351771
vn 0.118303 0.915615 -0.384257
vn 0.184263 0.906267 -0.380430
vn -0.774831 0.519426 -0.360323
vn -0.731048 0.535257 -0.423165
vn -0.772395 0.574123 0.271640
vn -0.788698 0.537411 0.298571
vn -0.580977 0.813872 0.008814
vn -0.591567 0.805043 -0.044202
vn 0.180363 0.960215 -0.213203
vn 0.196134 0.969353 -0.147940
vn -0.585101 0.802565 0.116387
vn 0.197647 0.980226 -0.009572
vn 0.210967 0.974697 0.073877
vn -0.598357 0.780935 0.179189
vn 0.568788 0.691819 -0.444822
vn 0.124124 0.859514 -0.495812
vn 0.112572 0.857404 -0.502180
vn 0.472454 0.740834 -0.477444
vn 0.181742 0.943471 -0.277185
vn 0.901431 -0.396907 0.172878
vn 0.853654 -0.504886 0.127928
vn 0.180363 0.960215 -0.213203
vn 0.853654 -0.504886 0.127928
vn 0.887255 -0.461269 -0.003089
vn 0.196134 0.969353 -0.147940
vn 0.180363 0.960215 -0.213203
vn 0.672297 0.626415 -0.394489
vn 0.750879 0.564717 -0.342454
vn 0.159203 0.868230 -0.469926
vn 0.125988 0.866114 -0.483709
vn 0.181742 0.943471 -0.277185
vn -0.540420 0.833239 -0.116866
vn -0.460685 0.861078 -0.215208
vn 0.185447 0.919255 -0.347247
vn -0.159973 0.961083 0.225230
vn -0.615961 0.747721 0.248001
vn -0.598357 0.780935 0.179189
vn 0.210967 0.974697 0.073877
vn 0.982260 -0.150779 0.111492
vn 0.901431 -0.396907 0.172878
vn 0.181742 0.943471 -0.277185
vn 0.185447 0.919255 -0.347247
vn -0.540420 0.833239 -0.116866
vn 0.181742 0.943471 -0.277185
vn 0.180363 0.960215 -0.213203
vn -0.591567 0.805043 -0.044202
vn 0.196134 0.969353 -0.147940
vn 0.887255 -0.461269 -0.003089
vn 0.965980 -0.226342 -0.125111
vn 0.189692 0.978177 -0.084774
vn 0.124124 0.859514 -0.495812
vn -0.411745 0.827377 -0.381986
vn -0.458359 0.807885 -0.370444
vn 0.112572 0.857404 -0.502180
vn -0.585101 0.802565 0.116387
vn -0.640378 0.765128 0.067049
vn 0.189692 0.978177 -0.084774
vn 0.197647 0.980226 -0.009572
vn 0.974935 0.136690 -0.175550
vn 0.197647 0.980226 -0.009572
vn 0.189692 0.978177 -0.084774
vn 0.965980 -0.226342 -0.125111
vn 0.159203 0.868230 -0.469926
vn -0.367083 0.854059 -0.368555
vn -0.382186 0.842316 -0.380050
vn 0.125988 0.866114 -0.483709
vn 0.921357 0.345344 -0.178437
vn 0.972873 0.212899 -0.090507
vn 0.195863 0.893085 -0.405015
vn 0.156054 0.884564 -0.439537
vn -0.137611 0.924266 0.356083
vn -0.489661 0.793831 0.360645
vn -0.540425 0.786226 0.299648
vn -0.150494 0.948002 0.280436
vn 0.972873 0.212899 -0.090507
vn 0.982260 -0.150779 0.111492
vn 0.185447 0.919255 -0.347247
vn 0.195863 0.893085 -0.405015
vn -0.421677 0.862600 -0.279482
vn 0.195863 0.893085 -0.405015
vn 0.185447 0.919255 -0.347247
vn -0.460685 0.861078 -0.215208
vn 0.750879 0.564717 -0.342454
vn 0.921357 0.345344 -0.178437
vn 0.156054 0.884564 -0.439537
vn 0.159203 0.868230 -0.469926
vn -0.615961 0.747721 0.248001
vn -0.159973 0.961083 0.225230
vn -0.150494 0.948002 0.280436
vn -0.540425 0.786226 0.299648
vn -0.400520 0.814878 0.418995
vn -0.489661 0.793831 0.360645
vn -0.137611 0.924266 0.356083
vn -0.127745 0.901487 0.413524
vn 0.195863 0.893085 -0.405015
vn -0.421677 0.862600 -0.279482
vn -0.373875 0.864037 -0.337132
vn 0.156054 0.884564 -0.439537
vn -0.580977 0.813872 0.008814
vn 0.196134 0.969353 -0.147940
vn 0.189692 0.978177 -0.084774
vn -0.640378 0.765128 0.067049
vn 0.124124 0.859514 -0.495812
vn 0.568788 0.691819 -0.444822
vn 0.672297 0.626415 -0.394489
vn 0.125988 0.866114 -0.483709
vn -0.367083 0.854059 -0.368555
vn 0.159203 0.868230 -0.469926
vn 0.156054 0.884564 -0.439537
vn -0.373875 0.864037 -0.337132
vn 0.712130 0.702013 0.006953
vn -0.159973 0.961083 0.225230
vn 0.210967 0.974697 0.073877
vn 0.882157 0.453636 -0.126545
vn -0.137611 0.924266 0.356083
vn 0.522393 0.830067 0.195181
vn 0.464301 0.840138 0.280346
vn -0.127745 0.901487 0.413524
vn 0.197647 0.980226 -0.009572
vn 0.974935 0.136690 -0.175550
vn 0.882157 0.453636 -0.126545
vn 0.210967 0.974697 0.073877
vn -0.159973 0.961083 0.225230
vn 0.712130 0.702013 0.006953
vn 0.610714 0.786347 0.093206
vn -0.150494 0.948002 0.280436
vn -0.300855 0.818586 0.489288
vn -0.120757 0.864451 0.487999
vn -0.117768 0.825543 0.551915
vn -0.218063 0.802271 0.555707
vn -0.411745 0.827377 -0.381986
vn 0.124124 0.859514 -0.495812
vn 0.125988 0.866114 -0.483709
vn -0.382186 0.842316 -0.380050
vn 0.522393 0.830067 0.195181
vn -0.137611 0.924266 0.356083
vn -0.150494 0.948002 0.280436
vn 0.610714 0.786347 0.093206
vn -0.300855 0.818586 0.489288
vn -0.400520 0.814878 0.418995
vn -0.127745 0.901487 0.413524
vn -0.120757 0.864451 0.487999
vn -0.120757 0.864451 0.487999
vn 0.341603 0.852623 0.395399
vn 0.300818 0.819677 0.487482
vn -0.117768 0.825543 0.551915
vn 0.341603 0.852623 0.395399
vn -0.120757 0.864451 0.487999
vn -0.127745 0.901487 0.413524
vn 0.464301 0.840138 0.280346
vn -0.546209 0.770010 -0.329758
vn 0.326885 0.800244 -0.502748
vn 0.112572 0.857404 -0.502180
vn -0.458359 0.807885 -0.370444
vn -0.116551 0.770172 0.627098
vn -0.218063 0.802271 0.555707
vn -0.117768 0.825543 0.551915
vn 0.300818 0.819677 0.487482
vn -0.294280 0.371361 0.880619
vn -0.822926 0.501225 0.267519
vn -0.814465 0.520484 0.256406
vn 0.042061 0.314259 0.948405
vn -0.722238 0.624178 -0.297950
vn -0.741705 0.588755 -0.321313
vn -0.219761 0.662232 -0.716348
vn -0.198834 0.703141 -0.682684
vn -0.697372 0.682523 -0.218714
vn -0.186942 0.787050 -0.587882
vn -0.160308 0.835421 -0.525711
vn -0.686145 0.710391 -0.156683
vn 0.311199 0.433569 -0.845679
vn -0.281622 0.480172 -0.830737
vn -0.295536 0.476029 -0.828285
vn 0.179399 0.443506 -0.878134
vn -0.218128 0.621798 -0.752188
vn 0.959666 0.188736 0.208376
vn 0.954076 0.132195 0.268818
vn -0.219761 0.662232 -0.716348
vn 0.954076 0.132195 0.268818
vn 0.976609 0.106127 0.187007
vn -0.198834 0.703141 -0.682684
vn -0.219761 0.662232 -0.716348
vn 0.452759 0.422121 -0.785381
vn 0.560229 0.412386 -0.718388
vn -0.239164 0.496785 -0.834269
vn -0.280044 0.488160 -0.826605
vn -0.218128 0.621798 -0.752188
vn -0.705544 0.574577 -0.414812
vn -0.634533 0.552850 -0.540115
vn -0.211845 0.576597 -0.789086
vn -0.252089 0.882540 -0.396956
vn -0.668171 0.739938 -0.077718
vn -0.686145 0.710391 -0.156683
vn -0.160308 0.835421 -0.525711
vn 0.965024 0.261926 0.011138
vn 0.959666 0.188736 0.208376
vn -0.218128 0.621798 -0.752188
vn -0.211845 0.576597 -0.789086
vn -0.705544 0.574577 -0.414812
vn -0.218128 0.621798 -0.752188
vn -0.219761 0.662232 -0.716348
vn -0.741705 0.588755 -0.321313
vn -0.198834 0.703141 -0.682684
vn 0.976609 0.106127 0.187007
vn 0.987374 0.155436 -0.030543
vn -0.203185 0.741842 -0.639051
vn -0.281622 0.480172 -0.830737
vn -0.582344 0.471468 -0.662264
vn -0.632569 0.462132 -0.621523
vn -0.295536 0.476029 -0.828285
vn -0.697372 0.682523 -0.218714
vn -0.757421 0.622121 -0.198189
vn -0.203185 0.741842 -0.639051
vn -0.186942 0.787050 -0.587882
vn 0.901244 0.300967 -0.311734
vn -0.186942 0.787050 -0.587882
vn -0.203185 0.741842 -0.639051
vn 0.987374 0.155436 -0.030543
vn -0.239164 0.496785 -0.834269
vn -0.533225 0.493694 -0.686977
vn -0.549815 0.482047 -0.682154
vn -0.280044 0.488160 -0.826605
vn 0.796377 0.370380 -0.478124
vn 0.876184 0.343426 -0.338172
vn -0.196137 0.538433 -0.819524
vn -0.244886 0.516927 -0.820255
vn -0.192582 0.945158 -0.263798
vn -0.510978 0.856955 -0.067303
vn -0.584028 0.806149 -0.095055
vn -0.228598 0.910552 -0.344440
vn 0.876184 0.343426 -0.338172
vn 0.965024 0.261926 0.011138
vn -0.211845 0.576597 -0.789086
vn -0.196137 0.538433 -0.819524
vn -0.594930 0.529529 -0.604696
vn -0.196137 0.538433 -0.819524
vn -0.211845 0.576597 -0.789086
vn -0.634533 0.552850 -0.540115
vn 0.560229 0.412386 -0.718388
vn 0.796377 0.370380 -0.478124
vn -0.244886 0.516927 -0.820255
vn -0.239164 0.496785 -0.834269
vn -0.668171 0.739938 -0.077718
vn -0.252089 0.882540 -0.396956
vn -0.228598 0.910552 -0.344440
vn -0.584028 0.806149 -0.095055
vn -0.406120 0.911996 -0.057704
vn -0.510978 0.856955 -0.067303
vn -0.192582 0.945158 -0.263798
vn -0.162147 0.967153 -0.195764
vn -0.196137 0.538433 -0.819524
vn -0.594930 0.529529 -0.604696
vn -0.541808 0.510685 -0.667567
vn -0.244886 0.516927 -0.820255
vn -0.722238 0.624178 -0.297950
vn -0.198834 0.703141 -0.682684
vn -0.203185 0.741842 -0.639051
vn -0.757421 0.622121 -0.198189
vn -0.281622 0.480172 -0.830737
vn 0.311199 0.433569 -0.845679
vn 0.452759 0.422121 -0.785381
vn -0.280044 0.488160 -0.826605
vn -0.533225 0.493694 -0.686977
vn -0.239164 0.496785 -0.834269
vn -0.244886 0.516927 -0.820255
vn -0.541808 0.510685 -0.667567
vn 0.452738 0.704922 -0.545997
vn -0.252089 0.882540 -0.396956
vn -0.160308 0.835421 -0.525711
vn 0.713765 0.492197 -0.498280
vn -0.192582 0.945158 -0.263798
vn 0.221334 0.878833 -0.422686
vn 0.170598 0.928365 -0.330205
vn -0.162147 0.967153 -0.195764
vn -0.186942 0.787050 -0.587882
vn 0.901244 0.300967 -0.311734
vn 0.713765 0.492197 -0.498280
vn -0.160308 0.835421 -0.525711
vn -0.252089 0.882540 -0.396956
vn 0.452738 0.704922 -0.545997
vn 0.320159 0.799239 -0.508641
vn -0.228598 0.910552 -0.344440
vn -0.282862 0.958990 -0.018072
vn -0.123196 0.987829 -0.094955
vn -0.087672 0.996146 0.002560
vn -0.173230 0.983807 0.046000
vn -0.582344 0.471468 -0.662264
vn -0.281622 0.480172 -0.830737
vn -0.280044 0.488160 -0.826605
vn -0.549815 0.482047 -0.682154
vn 0.221334 0.878833 -0.422686
vn -0.192582 0.945158 -0.263798
vn -0.228598 0.910552 -0.344440
vn 0.320159 0.799239 -0.508641
vn -0.282862 0.958990 -0.018072
vn -0.406120 0.911996 -0.057704
vn -0.162147 0.967153 -0.195764
vn -0.123196 0.987829 -0.094955
vn -0.123196 0.987829 -0.094955
vn 0.071262 0.979323 -0.189337
vn 0.070445 0.996068 -0.053729
vn -0.087672 0.996146 0.002560
vn 0.071262 0.979323 -0.189337
vn -0.123196 0.987829 -0.094955
vn -0.162147 0.967153 -0.195764
vn 0.170598 0.928365 -0.330205
vn -0.721067 0.450458 -0.526451
vn -0.017619 0.458820 -0.888355
vn -0.295536 0.476029 -0.828285
vn -0.632569 0.462132 -0.621523
vn -0.041688 0.990555 0.130622
vn -0.173230 0.983807 0.046000
vn -0.087672 0.996146 0.002560
vn 0.070445 0.996068 -0.053729
vn -0.353254 0.664567 -0.658454
vn -0.348071 0.736960 -0.579428
vn -0.437166 0.886155 -0.153674
vn -0.488280 0.859482 -0.151241
vn 0.180321 0.919364 -0.349649
vn -0.212411 0.952825 -0.216810
vn -0.231469 0.933872 -0.272591
vn 0.164867 0.899679 -0.404224
vn 0.225213 0.943562 -0.242835
vn 0.258782 0.949435 -0.177776
vn -0.130314 0.991009 -0.030311
vn -0.158887 0.981753 -0.104481
vn -0.519069 0.769706 -0.371645
vn -0.478597 0.776619 -0.409643
vn -0.311122 0.803791 -0.507074
vn -0.314081 0.807405 -0.499449
vn -0.256530 0.911532 -0.321405
vn -0.231469 0.933872 -0.272591
vn -0.742482 0.648163 0.169133
vn -0.743857 0.654183 0.136827
vn -0.742482 0.648163 0.169133
vn -0.231469 0.933872 -0.272591
vn -0.212411 0.952825 -0.216810
vn -0.716160 0.678297 0.164404
vn -0.560317 0.762645 -0.323137
vn -0.310435 0.814456 -0.490195
vn -0.320311 0.821779 -0.471254
vn -0.589032 0.758805 -0.277951
vn -0.256530 0.911532 -0.321405
vn -0.284976 0.882803 -0.373428
vn 0.052246 0.868218 -0.493424
vn 0.118427 0.886918 -0.446489
vn 0.107427 0.993755 -0.030172
vn -0.130314 0.991009 -0.030311
vn 0.258782 0.949435 -0.177776
vn 0.301088 0.948451 -0.098924
vn -0.729285 0.682151 0.053053
vn -0.284976 0.882803 -0.373428
vn -0.256530 0.911532 -0.321405
vn -0.743857 0.654183 0.136827
vn 0.118427 0.886918 -0.446489
vn 0.164867 0.899679 -0.404224
vn -0.231469 0.933872 -0.272591
vn -0.256530 0.911532 -0.321405
vn -0.212411 0.952825 -0.216810
vn -0.185453 0.968135 -0.168288
vn -0.658243 0.740968 0.132977
vn -0.716160 0.678297 0.164404
vn -0.314081 0.807405 -0.499449
vn -0.311122 0.803791 -0.507074
vn -0.001504 0.791726 -0.610875
vn -0.025265 0.799832 -0.599692
vn 0.225213 0.943562 -0.242835
vn -0.158887 0.981753 -0.104481
vn -0.185453 0.968135 -0.168288
vn 0.227552 0.921834 -0.313754
vn -0.561750 0.820665 0.104626
vn -0.658243 0.740968 0.132977
vn -0.185453 0.968135 -0.168288
vn -0.158887 0.981753 -0.104481
vn -0.320311 0.821779 -0.471254
vn -0.310435 0.814456 -0.490195
vn -0.037100 0.809189 -0.586376
vn -0.039449 0.819248 -0.572081
vn -0.661542 0.733048 -0.158121
vn -0.307367 0.838540 -0.449862
vn -0.311785 0.855303 -0.413820
vn -0.681650 0.726160 -0.089696
vn 0.155323 0.983175 0.096129
vn 0.127263 0.991620 0.022205
vn 0.291634 0.955993 -0.032041
vn 0.299327 0.953275 0.040861
vn -0.681650 0.726160 -0.089696
vn -0.311785 0.855303 -0.413820
vn -0.284976 0.882803 -0.373428
vn -0.729285 0.682151 0.053053
vn 0.014133 0.849550 -0.527319
vn 0.052246 0.868218 -0.493424
vn -0.284976 0.882803 -0.373428
vn -0.311785 0.855303 -0.413820
vn -0.589032 0.758805 -0.277951
vn -0.320311 0.821779 -0.471254
vn -0.307367 0.838540 -0.449862
vn -0.661542 0.733048 -0.158121
vn 0.301088 0.948451 -0.098924
vn 0.291634 0.955993 -0.032041
vn 0.127263 0.991620 0.022205
vn 0.107427 0.993755 -0.030172
vn 0.288321 0.950983 0.111812
vn 0.177221 0.972055 0.153956
vn 0.155323 0.983175 0.096129
vn 0.299327 0.953275 0.040861
vn -0.311785 0.855303 -0.413820
vn -0.307367 0.838540 -0.449862
vn -0.025629 0.833684 -0.551646
vn 0.014133 0.849550 -0.527319
vn 0.180321 0.919364 -0.349649
vn 0.227552 0.921834 -0.313754
vn -0.185453 0.968135 -0.168288
vn -0.212411 0.952825 -0.216810
vn -0.314081 0.807405 -0.499449
vn -0.310435 0.814456 -0.490195
vn -0.560317 0.762645 -0.323137
vn -0.519069 0.769706 -0.371645
vn -0.039449 0.819248 -0.572081
vn -0.025629 0.833684 -0.551646
vn -0.307367 0.838540 -0.449862
vn -0.320311 0.821779 -0.471254
vn -0.315536 0.939288 0.134816
vn -0.448570 0.887497 0.105520
vn -0.130314 0.991009 -0.030311
vn 0.107427 0.993755 -0.030172
vn 0.155323 0.983175 0.096129
vn 0.177221 0.972055 0.153956
vn -0.119835 0.957472 0.262464
vn -0.173823 0.962086 0.210182
vn -0.158887 0.981753 -0.104481
vn -0.130314 0.991009 -0.030311
vn -0.448570 0.887497 0.105520
vn -0.561750 0.820665 0.104626
vn 0.107427 0.993755 -0.030172
vn 0.127263 0.991620 0.022205
vn -0.244858 0.956323 0.159661
vn -0.315536 0.939288 0.134816
vn 0.280491 0.939154 0.198279
vn 0.279485 0.917842 0.281878
vn 0.237940 0.924675 0.297255
vn 0.208751 0.950513 0.230106
vn -0.025265 0.799832 -0.599692
vn -0.037100 0.809189 -0.586376
vn -0.310435 0.814456 -0.490195
vn -0.314081 0.807405 -0.499449
vn -0.173823 0.962086 0.210182
vn -0.244858 0.956323 0.159661
vn 0.127263 0.991620 0.022205
vn 0.155323 0.983175 0.096129
vn 0.280491 0.939154 0.198279
vn 0.208751 0.950513 0.230106
vn 0.177221 0.972055 0.153956
vn 0.288321 0.950983 0.111812
vn 0.208751 0.950513 0.230106
vn 0.237940 0.924675 0.297255
vn 0.019854 0.920880 0.389340
vn -0.034301 0.948550 0.314764
vn -0.034301 0.948550 0.314764
vn -0.119835 0.957472 0.262464
vn 0.177221 0.972055 0.153956
vn 0.208751 0.950513 0.230106
vn 0.049672 0.781881 -0.621446
vn -0.001504 0.791726 -0.610875
vn -0.311122 0.803791 -0.507074
vn -0.413197 0.788554 -0.455467
vn 0.274606 0.883749 0.378918
vn 0.019854 0.920880 0.389340
vn 0.237940 0.924675 0.297255
vn 0.279485 0.917842 0.281878
vn -0.267134 0.857255 -0.440175
vn -0.292391 0.942705 -0.160667
vn -0.358718 0.920060 -0.157516
vn -0.306503 0.791841 -0.528246
vn 0.086999 0.838495 -0.537919
vn -0.275004 0.874851 -0.398760
vn -0.296657 0.842941 -0.448826
vn 0.071978 0.806782 -0.586449
vn 0.137658 0.887825 -0.439109
vn 0.177349 0.909413 -0.376185
vn -0.171668 0.959180 -0.224732
vn -0.208228 0.931767 -0.297408
vn -0.647734 0.641751 -0.410605
vn -0.598730 0.646840 -0.472356
vn -0.377369 0.668557 -0.640800
vn -0.382338 0.673182 -0.632964
vn -0.326239 0.809381 -0.488334
vn -0.296657 0.842941 -0.448826
vn -0.780824 0.505502 0.367126
vn -0.786410 0.520895 0.332005
vn -0.780824 0.505502 0.367126
vn -0.296657 0.842941 -0.448826
vn -0.275004 0.874851 -0.398760
vn -0.778689 0.532113 0.332413
vn -0.694747 0.636774 -0.334434
vn -0.378765 0.681525 -0.626148
vn -0.394467 0.691178 -0.605532
vn -0.725238 0.634607 -0.267029
vn -0.326239 0.809381 -0.488334
vn -0.359228 0.769394 -0.528193
vn -0.077425 0.755745 -0.650273
vn 0.010877 0.785130 -0.619235
vn -0.034394 0.980766 -0.192131
vn -0.171668 0.959180 -0.224732
vn 0.177349 0.909413 -0.376185
vn 0.227839 0.927555 -0.296196
vn -0.800734 0.557135 0.220058
vn -0.359228 0.769394 -0.528193
vn -0.326239 0.809381 -0.488334
vn -0.786410 0.520895 0.332005
vn 0.010877 0.785130 -0.619235
vn 0.071978 0.806782 -0.586449
vn -0.296657 0.842941 -0.448826
vn -0.326239 0.809381 -0.488334
vn -0.275004 0.874851 -0.398760
vn -0.241317 0.902368 -0.357068
vn -0.757254 0.607582 0.239605
vn -0.778689 0.532113 0.332413
vn -0.382338 0.673182 -0.632964
vn -0.377369 0.668557 -0.640800
vn -0.137361 0.659780 -0.738798
vn -0.171840 0.667996 -0.724052
vn 0.137658 0.887825 -0.439109
vn -0.208228 0.931767 -0.297408
vn -0.241317 0.902368 -0.357068
vn 0.149630 0.848380 -0.507801
vn -0.683857 0.718428 0.127283
vn -0.757254 0.607582 0.239605
vn -0.241317 0.902368 -0.357068
vn -0.208228 0.931767 -0.297408
vn -0.394467 0.691178 -0.605532
vn -0.378765 0.681525 -0.626148
vn -0.189984 0.678241 -0.709856
vn -0.195185 0.689945 -0.697051
vn -0.786930 0.611640 -0.081474
vn -0.380065 0.711478 -0.591059
vn -0.390436 0.733705 -0.556090
vn -0.796435 0.604587 0.012905
vn 0.032501 0.997855 -0.056823
vn -0.007146 0.990548 -0.136982
vn 0.210998 0.951935 -0.222037
vn 0.219055 0.965638 -0.139850
vn -0.796435 0.604587 0.012905
vn -0.390436 0.733705 -0.556090
vn -0.359228 0.769394 -0.528193
vn -0.800734 0.557135 0.220058
vn -0.126720 0.729658 -0.671968
vn -0.077425 0.755745 -0.650273
vn -0.359228 0.769394 -0.528193
vn -0.390436 0.733705 -0.556090
vn -0.725238 0.634607 -0.267029
vn -0.394467 0.691178 -0.605532
vn -0.380065 0.711478 -0.591059
vn -0.786930 0.611640 -0.081474
vn 0.227839 0.927555 -0.296196
vn 0.210998 0.951935 -0.222037
vn -0.007146 0.990548 -0.136982
vn -0.034394 0.980766 -0.192131
vn 0.205347 0.977090 -0.055927
vn 0.064288 0.997903 0.007515
vn 0.032501 0.997855 -0.056823
vn 0.219055 0.965638 -0.139850
vn -0.390436 0.733705 -0.556090
vn -0.380065 0.711478 -0.591059
vn -0.178883 0.707947 -0.683237
vn -0.126720 0.729658 -0.671968
vn 0.086999 0.838495 -0.537919
vn 0.149630 0.848380 -0.507801
vn -0.241317 0.902368 -0.357068
vn -0.275004 0.874851 -0.398760
vn -0.382338 0.673182 -0.632964
vn -0.378765 0.681525 -0.626148
vn -0.694747 0.636774 -0.334434
vn -0.647734 0.641751 -0.410605
vn -0.195185 0.689945 -0.697051
vn -0.178883 0.707947 -0.683237
vn -0.380065 0.711478 -0.591059
vn -0.394467 0.691178 -0.605532
vn -0.403363 0.914800 0.020949
vn -0.565454 0.823073 0.053040
vn -0.171668 0.959180 -0.224732
vn -0.034394 0.980766 -0.192131
vn 0.032501 0.997855 -0.056823
vn 0.064288 0.997903 0.007515
vn -0.143226 0.983624 0.109408
vn -0.217139 0.974247 0.060779
vn -0.208228 0.931767 -0.297408
vn -0.171668 0.959180 -0.224732
vn -0.565454 0.823073 0.053040
vn -0.683857 0.718428 0.127283
vn -0.034394 0.980766 -0.192131
vn -0.007146 0.990548 -0.136982
vn -0.312299 0.949696 0.023383
vn -0.403363 0.914800 0.020949
vn 0.199295 0.978757 0.048121
vn 0.204721 0.967294 0.149770
vn 0.154080 0.972916 0.172319
vn 0.110635 0.989389 0.094174
vn -0.171840 0.667996 -0.724052
vn -0.189984 0.678241 -0.709856
vn -0.378765 0.681525 -0.626148
vn -0.382338 0.673182 -0.632964
vn -0.217139 0.974247 0.060779
vn -0.312299 0.949696 0.023383
vn -0.007146 0.990548 -0.136982
vn 0.032501 0.997855 -0.056823
vn 0.199295 0.978757 0.048121
vn 0.110635 0.989389 0.094174
vn 0.064288 0.997903 0.007515
vn 0.205347 0.977090 -0.055927
vn 0.110635 0.989389 0.094174
vn 0.154080 0.972916 0.172319
vn 0.045521 0.970156 0.238171
vn -0.030164 0.987389 0.155410
vn -0.030164 0.987389 0.155410
vn -0.143226 0.983624 0.109408
vn 0.064288 0.997903 0.007515
vn 0.110635 0.989389 0.094174
vn -0.064272 0.651227 -0.756156
vn -0.137361 0.659780 -0.738798
vn -0.377369 0.668557 -0.640800
vn -0.515312 0.656787 -0.550531
vn 0.209175 0.940062 0.269314
vn 0.045521 0.970156 0.238171
vn 0.154080 0.972916 0.172319
vn 0.204721 0.967294 0.149770
vn -0.788698 0.537411 0.298571
vn -0.814465 0.520484 0.256406
vn -0.812603 0.507622 -0.286350
vn -0.774831 0.519426 -0.360323
vn 0.128919 0.496881 -0.858189
vn -0.555809 0.548445 -0.624728
vn -0.564103 0.511668 -0.648061
vn 0.126342 0.465552 -0.875956
vn 0.166222 0.555231 -0.814916
vn 0.201231 0.588099 -0.783355
vn -0.479482 0.679858 -0.554878
vn -0.503646 0.629331 -0.591847
vn -0.907332 0.342734 -0.243478
vn -0.866007 0.341453 -0.365297
vn -0.586471 0.356771 -0.727163
vn -0.596020 0.359882 -0.717806
vn -0.586655 0.476239 -0.655006
vn -0.564103 0.511668 -0.648061
vn -0.426179 0.322807 0.845084
vn -0.473289 0.346277 0.809994
vn -0.426179 0.322807 0.845084
vn -0.564103 0.511668 -0.648061
vn -0.555809 0.548445 -0.624728
vn -0.484823 0.304462 0.819908
vn -0.932510 0.346762 -0.100906
vn -0.594566 0.366221 -0.715803
vn -0.622762 0.372684 -0.687949
vn -0.935802 0.352110 0.017107
vn -0.586655 0.476239 -0.655006
vn -0.612177 0.437807 -0.658456
vn -0.098150 0.421491 -0.901505
vn 0.036087 0.446444 -0.894084
vn -0.256043 0.733723 -0.629359
vn -0.479482 0.679858 -0.554878
vn 0.201231 0.588099 -0.783355
vn 0.242693 0.628431 -0.739036
vn -0.611297 0.363518 0.702973
vn -0.612177 0.437807 -0.658456
vn -0.586655 0.476239 -0.655006
vn -0.473289 0.346277 0.809994
vn 0.036087 0.446444 -0.894084
vn 0.126342 0.465552 -0.875956
vn -0.564103 0.511668 -0.648061
vn -0.586655 0.476239 -0.655006
vn -0.555809 0.548445 -0.624728
vn -0.526273 0.584948 -0.617149
vn -0.630897 0.313431 0.709739
vn -0.484823 0.304462 0.819908
vn -0.596020 0.359882 -0.717806
vn -0.586471 0.356771 -0.727163
vn -0.154081 0.347009 -0.925118
vn -0.214469 0.353071 -0.910683
vn 0.166222 0.555231 -0.814916
vn -0.503646 0.629331 -0.591847
vn -0.526273 0.584948 -0.617149
vn 0.224033 0.506145 -0.832842
vn -0.790115 0.369991 0.488697
vn -0.630897 0.313431 0.709739
vn -0.526273 0.584948 -0.617149
vn -0.503646 0.629331 -0.591847
vn -0.622762 0.372684 -0.687949
vn -0.594566 0.366221 -0.715803
vn -0.249063 0.361038 -0.898676
vn -0.263219 0.370180 -0.890889
vn -0.874973 0.362363 0.321116
vn -0.611304 0.389007 -0.689189
vn -0.638915 0.406196 -0.653294
vn -0.812720 0.366294 0.453117
vn -0.200237 0.817808 -0.539532
vn -0.234619 0.768852 -0.594828
vn 0.170146 0.688199 -0.705289
vn 0.138582 0.744685 -0.652870
vn -0.812720 0.366294 0.453117
vn -0.638915 0.406196 -0.653294
vn -0.612177 0.437807 -0.658456
vn -0.611297 0.363518 0.702973
vn -0.168103 0.400341 -0.900816
vn -0.098150 0.421491 -0.901505
vn -0.612177 0.437807 -0.658456
vn -0.638915 0.406196 -0.653294
vn -0.935802 0.352110 0.017107
vn -0.622762 0.372684 -0.687949
vn -0.611304 0.389007 -0.689189
vn -0.874973 0.362363 0.321116
vn 0.242693 0.628431 -0.739036
vn 0.170146 0.688199 -0.705289
vn -0.234619 0.768852 -0.594828
vn -0.256043 0.733723 -0.629359
vn 0.075846 0.805916 -0.587151
vn -0.169971 0.854565 -0.490744
vn -0.200237 0.817808 -0.539532
vn 0.138582 0.744685 -0.652870
vn -0.638915 0.406196 -0.653294
vn -0.611304 0.389007 -0.689189
vn -0.244930 0.383946 -0.890278
vn -0.168103 0.400341 -0.900816
vn 0.128919 0.496881 -0.858189
vn 0.224033 0.506145 -0.832842
vn -0.526273 0.584948 -0.617149
vn -0.555809 0.548445 -0.624728
vn -0.596020 0.359882 -0.717806
vn -0.594566 0.366221 -0.715803
vn -0.932510 0.346762 -0.100906
vn -0.907332 0.342734 -0.243478
vn -0.263219 0.370180 -0.890889
vn -0.244930 0.383946 -0.890278
vn -0.611304 0.389007 -0.689189
vn -0.622762 0.372684 -0.687949
vn -0.794090 0.605842 -0.048760
vn -0.854696 0.467789 0.225095
vn -0.479482 0.679858 -0.554878
vn -0.256043 0.733723 -0.629359
vn -0.200237 0.817808 -0.539532
vn -0.169971 0.854565 -0.490744
vn -0.525478 0.817487 -0.235771
vn -0.613068 0.757821 -0.223283
vn -0.503646 0.629331 -0.591847
vn -0.479482 0.679858 -0.554878
vn -0.854696 0.467789 0.225095
vn -0.790115 0.369991 0.488697
vn -0.256043 0.733723 -0.629359
vn -0.234619 0.768852 -0.594828
vn -0.714925 0.680343 -0.161294
vn -0.794090 0.605842 -0.048760
vn 0.027676 0.871327 -0.489922
vn 0.011866 0.923662 -0.383025
vn -0.066134 0.936031 -0.345649
vn -0.119099 0.900331 -0.418593
vn -0.214469 0.353071 -0.910683
vn -0.249063 0.361038 -0.898676
vn -0.594566 0.366221 -0.715803
vn -0.596020 0.359882 -0.717806
vn -0.613068 0.757821 -0.223283
vn -0.714925 0.680343 -0.161294
vn -0.234619 0.768852 -0.594828
vn -0.200237 0.817808 -0.539532
vn 0.027676 0.871327 -0.489922
vn -0.119099 0.900331 -0.418593
vn -0.169971 0.854565 -0.490744
vn 0.075846 0.805916 -0.587151
vn -0.119099 0.900331 -0.418593
vn -0.066134 0.936031 -0.345649
vn -0.278096 0.939537 -0.199831
vn -0.377202 0.888589 -0.261013
vn -0.377202 0.888589 -0.261013
vn -0.525478 0.817487 -0.235771
vn -0.169971 0.854565 -0.490744
vn -0.119099 0.900331 -0.418593
vn -0.030571 0.342544 -0.939005
vn -0.154081 0.347009 -0.925118
vn -0.586471 0.356771 -0.727163
vn -0.774552 0.345315 -0.529931
vn 0.007545 0.969933 -0.243256
vn -0.278096 0.939537 -0.199831
vn -0.066134 0.936031 -0.345649
vn 0.011866 0.923662 -0.383025
vn -0.547757 0.577380 -0.605471
vn -0.470708 0.564130 -0.678374
vn -0.650535 0.728899 0.213331
vn -0.682284 0.691797 0.236446
vn -0.521356 0.800378 -0.295943
vn -0.556908 0.763720 -0.326474
vn -0.329808 0.779113 -0.533113
vn -0.299015 0.815419 -0.495663
vn -0.452732 0.864516 -0.218279
vn -0.240431 0.883540 -0.401933
vn -0.194335 0.919762 -0.340987
vn -0.409151 0.897954 -0.162092
vn -0.200229 0.591408 -0.781117
vn -0.437331 0.601108 -0.668888
vn -0.444483 0.596446 -0.668347
vn -0.257322 0.588823 -0.766207
vn -0.350321 0.742503 -0.570933
vn 0.317922 0.669351 -0.671487
vn 0.335118 0.685377 -0.646494
vn -0.329808 0.779113 -0.533113
vn 0.335118 0.685377 -0.646494
vn 0.307232 0.716139 -0.626700
vn -0.299015 0.815419 -0.495663
vn -0.329808 0.779113 -0.533113
vn -0.134702 0.597330 -0.790603
vn -0.080854 0.606044 -0.791311
vn -0.413957 0.619612 -0.666874
vn -0.433567 0.609496 -0.663728
vn -0.350321 0.742503 -0.570933
vn -0.565190 0.732400 -0.379671
vn -0.562698 0.693120 -0.450507
vn -0.369534 0.700144 -0.610936
vn -0.225347 0.951775 -0.208190
vn -0.351758 0.931952 -0.087929
vn -0.409151 0.897954 -0.162092
vn -0.194335 0.919762 -0.340987
vn 0.253832 0.653114 -0.713450
vn 0.317922 0.669351 -0.671487
vn -0.350321 0.742503 -0.570933
vn -0.369534 0.700144 -0.610936
vn -0.565190 0.732400 -0.379671
vn -0.350321 0.742503 -0.570933
vn -0.329808 0.779113 -0.533113
vn -0.556908 0.763720 -0.326474
vn -0.299015 0.815419 -0.495663
vn 0.307232 0.716139 -0.626700
vn 0.240762 0.756948 -0.607507
vn -0.276759 0.847416 -0.453090
vn -0.437331 0.601108 -0.668888
vn -0.588596 0.599049 -0.542858
vn -0.610903 0.592703 -0.524881
vn -0.444483 0.596446 -0.668347
vn -0.452732 0.864516 -0.218279
vn -0.513245 0.823235 -0.242620
vn -0.276759 0.847416 -0.453090
vn -0.240431 0.883540 -0.401933
vn 0.151926 0.812080 -0.563422
vn -0.240431 0.883540 -0.401933
vn -0.276759 0.847416 -0.453090
vn 0.240762 0.756948 -0.607507
vn -0.413957 0.619612 -0.666874
vn -0.561105 0.619835 -0.548603
vn -0.572192 0.608444 -0.549902
vn -0.433567 0.609496 -0.663728
vn 0.059047 0.619280 -0.782947
vn 0.121474 0.636416 -0.761721
vn -0.380123 0.663437 -0.644482
vn -0.408156 0.639977 -0.651029
vn -0.134394 0.986909 -0.089161
vn -0.223371 0.974697 -0.008479
vn -0.288242 0.955717 -0.059336
vn -0.188711 0.968866 -0.160270
vn 0.121474 0.636416 -0.761721
vn 0.253832 0.653114 -0.713450
vn -0.369534 0.700144 -0.610936
vn -0.380123 0.663437 -0.644482
vn -0.563995 0.663052 -0.492211
vn -0.380123 0.663437 -0.644482
vn -0.369534 0.700144 -0.610936
vn -0.562698 0.693120 -0.450507
vn -0.080854 0.606044 -0.791311
vn 0.059047 0.619280 -0.782947
vn -0.408156 0.639977 -0.651029
vn -0.413957 0.619612 -0.666874
vn -0.351758 0.931952 -0.087929
vn -0.225347 0.951775 -0.208190
vn -0.188711 0.968866 -0.160270
vn -0.288242 0.955717 -0.059336
vn -0.155779 0.987353 0.029455
vn -0.223371 0.974697 -0.008479
vn -0.134394 0.986909 -0.089161
vn -0.089955 0.995462 -0.031037
vn -0.380123 0.663437 -0.644482
vn -0.563995 0.663052 -0.492211
vn -0.556087 0.638446 -0.532122
vn -0.408156 0.639977 -0.651029
vn -0.521356 0.800378 -0.295943
vn -0.299015 0.815419 -0.495663
vn -0.276759 0.847416 -0.453090
vn -0.513245 0.823235 -0.242620
vn -0.437331 0.601108 -0.668888
vn -0.200229 0.591408 -0.781117
vn -0.134702 0.597330 -0.790603
vn -0.433567 0.609496 -0.663728
vn -0.561105 0.619835 -0.548603
vn -0.413957 0.619612 -0.666874
vn -0.408156 0.639977 -0.651029
vn -0.556087 0.638446 -0.532122
vn 0.027092 0.927417 -0.373047
vn -0.225347 0.951775 -0.208190
vn -0.194335 0.919762 -0.340987
vn 0.079019 0.870041 -0.486606
vn -0.134394 0.986909 -0.089161
vn 0.024810 0.976010 -0.216309
vn 0.050279 0.989262 -0.137236
vn -0.089955 0.995462 -0.031037
vn -0.240431 0.883540 -0.401933
vn 0.151926 0.812080 -0.563422
vn 0.079019 0.870041 -0.486606
vn -0.194335 0.919762 -0.340987
vn -0.225347 0.951775 -0.208190
vn 0.027092 0.927417 -0.373047
vn 0.012783 0.952321 -0.304830
vn -0.188711 0.968866 -0.160270
vn -0.074424 0.993549 0.085564
vn -0.029278 0.998253 0.051313
vn 0.026454 0.991392 0.128225
vn 0.003782 0.988673 0.150038
vn -0.588596 0.599049 -0.542858
vn -0.437331 0.601108 -0.668888
vn -0.433567 0.609496 -0.663728
vn -0.572192 0.608444 -0.549902
vn 0.024810 0.976010 -0.216309
vn -0.134394 0.986909 -0.089161
vn -0.188711 0.968866 -0.160270
vn 0.012783 0.952321 -0.304830
vn -0.074424 0.993549 0.085564
vn -0.155779 0.987353 0.029455
vn -0.089955 0.995462 -0.031037
vn -0.029278 0.998253 0.051313
vn -0.029278 0.998253 0.051313
vn 0.069999 0.996968 -0.033985
vn 0.125298 0.989818 0.067530
vn 0.026454 0.991392 0.128225
vn 0.069999 0.996968 -0.033985
vn -0.029278 0.998253 0.051313
vn -0.089955 0.995462 -0.031037
vn 0.050279 0.989262 -0.137236
vn -0.648560 0.589050 -0.482068
vn -0.337238 0.590579 -0.733135
vn -0.444483 0.596446 -0.668347
vn -0.610903 0.592703 -0.524881
vn 0.096894 0.969198 0.226423
vn 0.003782 0.988673 0.150038
vn 0.026454 0.991392 0.128225
vn 0.125298 0.989818 0.067530
vn -0.842197 0.488134 0.228976
vn -0.837944 0.495607 0.228523
vn -0.410061 0.388352 0.825247
vn -0.538152 0.408454 0.737264
vn 0.275509 0.880023 -0.386852
vn -0.160979 0.986948 -0.004361
vn -0.201865 0.977880 -0.054788
vn 0.238455 0.871232 -0.429062
vn 0.366238 0.873130 -0.321737
vn 0.426808 0.856037 -0.291609
vn 0.000736 0.990560 0.137077
vn -0.055469 0.995416 0.077909
vn -0.637056 0.765532 0.090109
vn -0.597161 0.802121 0.000038
vn -0.385142 0.880071 -0.277742
vn -0.387409 0.882860 -0.265465
vn -0.252199 0.963330 -0.091607
vn -0.201865 0.977880 -0.054788
vn -0.552895 -0.263784 0.790396
vn -0.541795 -0.166973 0.823759
vn -0.552895 -0.263784 0.790396
vn -0.201865 0.977880 -0.054788
vn -0.160979 0.986948 -0.004361
vn -0.638781 -0.207374 0.740915
vn -0.670315 0.715519 0.196751
vn -0.379031 0.889048 -0.256764
vn -0.388880 0.893660 -0.223928
vn -0.686842 0.667625 0.287271
vn -0.252199 0.963330 -0.091607
vn -0.308971 0.942067 -0.130562
vn 0.027996 0.904435 -0.425692
vn 0.150794 0.889357 -0.431631
vn 0.194307 0.978313 0.071753
vn 0.000736 0.990560 0.137077
vn 0.426808 0.856037 -0.291609
vn 0.496566 0.828248 -0.259669
vn -0.600182 0.060157 0.797598
vn -0.308971 0.942067 -0.130562
vn -0.252199 0.963330 -0.091607
vn -0.541795 -0.166973 0.823759
vn 0.150794 0.889357 -0.431631
vn 0.238455 0.871232 -0.429062
vn -0.201865 0.977880 -0.054788
vn -0.252199 0.963330 -0.091607
vn -0.160979 0.986948 -0.004361
vn -0.108511 0.993707 0.027770
vn -0.713784 0.020622 0.700062
vn -0.638781 -0.207374 0.740915
vn -0.387409 0.882860 -0.265465
vn -0.385142 0.880071 -0.277742
vn -0.095748 0.850173 -0.517725
vn -0.130230 0.864277 -0.485866
vn 0.366238 0.873130 -0.321737
vn -0.055469 0.995416 0.077909
vn -0.108511 0.993707 0.027770
vn 0.358686 0.844127 -0.398489
vn -0.689795 0.338460 0.640022
vn -0.713784 0.020622 0.700062
vn -0.108511 0.993707 0.027770
vn -0.055469 0.995416 0.077909
vn -0.388880 0.893660 -0.223928
vn -0.379031 0.889048 -0.256764
vn -0.144857 0.875873 -0.460286
vn -0.144185 0.885856 -0.440988
vn -0.700399 0.488815 0.520097
vn -0.363032 0.908291 -0.207882
vn -0.360626 0.919302 -0.157581
vn -0.683826 0.379862 0.622966
vn 0.282386 0.944751 0.166445
vn 0.231360 0.966444 0.111618
vn 0.490229 0.855062 -0.168951
vn 0.507608 0.856671 -0.091915
vn -0.683826 0.379862 0.622966
vn -0.360626 0.919302 -0.157581
vn -0.308971 0.942067 -0.130562
vn -0.600182 0.060157 0.797598
vn -0.044282 0.900595 -0.432399
vn 0.027996 0.904435 -0.425692
vn -0.308971 0.942067 -0.130562
vn -0.360626 0.919302 -0.157581
vn -0.686842 0.667625 0.287271
vn -0.388880 0.893660 -0.223928
vn -0.363032 0.908291 -0.207882
vn -0.700399 0.488815 0.520097
vn 0.496566 0.828248 -0.259669
vn 0.490229 0.855062 -0.168951
vn 0.231360 0.966444 0.111618
vn 0.194307 0.978313 0.071753
vn 0.497301 0.867512 0.010741
vn 0.321305 0.923778 0.208319
vn 0.282386 0.944751 0.166445
vn 0.507608 0.856671 -0.091915
vn -0.360626 0.919302 -0.157581
vn -0.363032 0.908291 -0.207882
vn -0.115917 0.896433 -0.427751
vn -0.044282 0.900595 -0.432399
vn 0.275509 0.880023 -0.386852
vn 0.358686 0.844127 -0.398489
vn -0.108511 0.993707 0.027770
vn -0.160979 0.986948 -0.004361
vn -0.387409 0.882860 -0.265465
vn -0.379031 0.889048 -0.256764
vn -0.670315 0.715519 0.196751
vn -0.637056 0.765532 0.090109
vn -0.144185 0.885856 -0.440988
vn -0.115917 0.896433 -0.427751
vn -0.363032 0.908291 -0.207882
vn -0.388880 0.893660 -0.223928
vn -0.340658 0.793189 0.504781
vn -0.559084 0.598648 0.573625
vn 0.000736 0.990560 0.137077
vn 0.194307 0.978313 0.071753
vn 0.282386 0.944751 0.166445
vn 0.321305 0.923778 0.208319
vn 0.018126 0.886009 0.463314
vn -0.081516 0.884280 0.459788
vn -0.055469 0.995416 0.077909
vn 0.000736 0.990560 0.137077
vn -0.559084 0.598648 0.573625
vn -0.689795 0.338460 0.640022
vn 0.194307 0.978313 0.071753
vn 0.231360 0.966444 0.111618
vn -0.212548 0.855953 0.471346
vn -0.340658 0.793189 0.504781
vn 0.490172 0.862198 0.127854
vn 0.491012 0.840303 0.229777
vn 0.424646 0.854109 0.300291
vn 0.375669 0.889892 0.258776
vn -0.130230 0.864277 -0.485866
vn -0.144857 0.875873 -0.460286
vn -0.379031 0.889048 -0.256764
vn -0.387409 0.882860 -0.265465
vn -0.081516 0.884280 0.459788
vn -0.212548 0.855953 0.471346
vn 0.231360 0.966444 0.111618
vn 0.282386 0.944751 0.166445
vn 0.490172 0.862198 0.127854
vn 0.375669 0.889892 0.258776
vn 0.321305 0.923778 0.208319
vn 0.497301 0.867512 0.010741
vn 0.172298 0.983412 0.056703
vn 0.137383 0.981476 0.133530
vn 0.093107 0.987107 0.130196
vn 0.091481 0.994258 0.055520
vn 0.175901 0.884721 0.431657
vn 0.018126 0.886009 0.463314
vn 0.321305 0.923778 0.208319
vn 0.375669 0.889892 0.258776
vn -0.016329 0.823276 -0.567406
vn -0.095748 0.850173 -0.517725
vn -0.385142 0.880071 -0.277742
vn -0.521447 0.844640 -0.121148
vn 0.484307 0.802672 0.348087
vn 0.270419 0.849076 0.453809
vn 0.424646 0.854109 0.300291
vn 0.491012 0.840303 0.229777
vn -0.826905 0.493161 -0.270224
vn -0.812603 0.507622 -0.286350
vn -0.814465 0.520484 0.256406
vn -0.822926 0.501225 0.267519
vn -0.638506 0.769506 -0.013090
vn -0.669839 0.741823 -0.031844
vn -0.295674 0.791425 -0.534998
vn -0.263624 0.818976 -0.509687
vn -0.578015 0.814990 0.041112
vn -0.205673 0.873293 -0.441654
vn -0.160565 0.901884 -0.401028
vn -0.540302 0.837522 0.081431
vn -0.157534 0.603858 -0.781370
vn -0.414885 0.651482 -0.635171
vn -0.422662 0.648375 -0.633219
vn -0.221849 0.611910 -0.759177
vn -0.317371 0.762132 -0.564297
vn 0.497998 0.514565 -0.698012
vn 0.526352 0.507217 -0.682410
vn -0.295674 0.791425 -0.534998
vn 0.526352 0.507217 -0.682410
vn 0.495491 0.528678 -0.689194
vn -0.263624 0.818976 -0.509687
vn -0.295674 0.791425 -0.534998
vn -0.081896 0.596194 -0.798652
vn -0.017980 0.592189 -0.805598
vn -0.389250 0.664256 -0.638161
vn -0.410450 0.658264 -0.631046
vn -0.317371 0.762132 -0.564297
vn -0.681985 0.726074 -0.087826
vn -0.687916 0.706412 -0.166597
vn -0.338503 0.727870 -0.596340
vn -0.366626 0.928029 -0.065934
vn -0.491054 0.861012 0.132381
vn -0.540302 0.837522 0.081431
vn -0.160565 0.901884 -0.401028
vn 0.407848 0.535029 -0.739868
vn 0.497998 0.514565 -0.698012
vn -0.317371 0.762132 -0.564297
vn -0.338503 0.727870 -0.596340
vn -0.681985 0.726074 -0.087826
vn -0.317371 0.762132 -0.564297
vn -0.295674 0.791425 -0.534998
vn -0.669839 0.741823 -0.031844
vn -0.263624 0.818976 -0.509687
vn 0.495491 0.528678 -0.689194
vn 0.408350 0.583679 -0.701833
vn -0.241645 0.844962 -0.477125
vn -0.414885 0.651482 -0.635171
vn -0.724486 0.639342 -0.257606
vn -0.741345 0.630147 -0.230916
vn -0.422662 0.648375 -0.633219
vn -0.578015 0.814990 0.041112
vn -0.628302 0.776754 0.043466
vn -0.241645 0.844962 -0.477125
vn -0.205673 0.873293 -0.441654
vn 0.286320 0.669522 -0.685391
vn -0.205673 0.873293 -0.441654
vn -0.241645 0.844962 -0.477125
vn 0.408350 0.583679 -0.701833
vn -0.389250 0.664256 -0.638161
vn -0.700461 0.659465 -0.272875
vn -0.710822 0.649242 -0.270588
vn -0.410450 0.658264 -0.631046
vn 0.152622 0.570985 -0.806649
vn 0.233566 0.566154 -0.790517
vn -0.351077 0.697346 -0.624863
vn -0.381948 0.681281 -0.624477
vn -0.279380 0.960113 0.011360
vn -0.374485 0.915784 0.145260
vn -0.434230 0.891742 0.127439
vn -0.331432 0.942837 -0.034799
vn 0.233566 0.566154 -0.790517
vn 0.407848 0.535029 -0.739868
vn -0.338503 0.727870 -0.596340
vn -0.351077 0.697346 -0.624863
vn -0.694510 0.687763 -0.211275
vn -0.351077 0.697346 -0.624863
vn -0.338503 0.727870 -0.596340
vn -0.687916 0.706412 -0.166597
vn -0.017980 0.592189 -0.805598
vn 0.152622 0.570985 -0.806649
vn -0.381948 0.681281 -0.624477
vn -0.389250 0.664256 -0.638161
vn -0.491054 0.861012 0.132381
vn -0.366626 0.928029 -0.065934
vn -0.331432 0.942837 -0.034799
vn -0.434230 0.891742 0.127439
vn -0.308981 0.939535 0.147667
vn -0.374485 0.915784 0.145260
vn -0.279380 0.960113 0.011360
vn -0.236673 0.970346 0.049137
vn -0.351077 0.697346 -0.624863
vn -0.694510 0.687763 -0.211275
vn -0.693225 0.673373 -0.256921
vn -0.381948 0.681281 -0.624477
vn -0.638506 0.769506 -0.013090
vn -0.263624 0.818976 -0.509687
vn -0.241645 0.844962 -0.477125
vn -0.628302 0.776754 0.043466
vn -0.414885 0.651482 -0.635171
vn -0.157534 0.603858 -0.781370
vn -0.081896 0.596194 -0.798652
vn -0.410450 0.658264 -0.631046
vn -0.700461 0.659465 -0.272875
vn -0.389250 0.664256 -0.638161
vn -0.381948 0.681281 -0.624477
vn -0.693225 0.673373 -0.256921
vn 0.097203 0.848486 -0.520215
vn -0.366626 0.928029 -0.065934
vn -0.160565 0.901884 -0.401028
vn 0.180824 0.759023 -0.625449
vn -0.279380 0.960113 0.011360
vn 0.069689 0.923889 -0.376260
vn 0.087447 0.946600 -0.310325
vn -0.236673 0.970346 0.049137
vn -0.205673 0.873293 -0.441654
vn 0.286320 0.669522 -0.685391
vn 0.180824 0.759023 -0.625449
vn -0.160565 0.901884 -0.401028
vn -0.366626 0.928029 -0.065934
vn 0.097203 0.848486 -0.520215
vn 0.069395 0.888163 -0.454259
vn -0.331432 0.942837 -0.034799
vn -0.227970 0.959980 0.162692
vn -0.178056 0.978474 0.104326
vn -0.123410 0.979859 0.156989
vn -0.148715 0.970445 0.190056
vn -0.724486 0.639342 -0.257606
vn -0.414885 0.651482 -0.635171
vn -0.410450 0.658264 -0.631046
vn -0.710822 0.649242 -0.270588
vn 0.069689 0.923889 -0.376260
vn -0.279380 0.960113 0.011360
vn -0.331432 0.942837 -0.034799
vn 0.069395 0.888163 -0.454259
vn -0.227970 0.959980 0.162692
vn -0.308981 0.939535 0.147667
vn -0.236673 0.970346 0.049137
vn -0.178056 0.978474 0.104326
vn -0.178056 0.978474 0.104326
vn 0.097609 0.971709 -0.215068
vn 0.149608 0.979235 -0.136807
vn -0.123410 0.979859 0.156989
vn 0.097609 0.971709 -0.215068
vn -0.178056 0.978474 0.104326
vn -0.236673 0.970346 0.049137
vn 0.087447 0.946600 -0.310325
vn -0.766783 0.618416 -0.172063
vn -0.309399 0.626767 -0.715147
vn -0.422662 0.648375 -0.633219
vn -0.741345 0.630147 -0.230916
vn -0.052569 0.972785 0.225666
vn -0.148715 0.970445 0.190056
vn -0.123410 0.979859 0.156989
vn 0.149608 0.979235 -0.136807
vn -0.249289 0.622715 0.741675
vn -0.047101 0.391045 0.919166
vn -0.542745 0.815484 0.201030
vn -0.488280 0.859482 -0.151241
vn -0.755401 0.632634 0.170714
vn -0.782934 0.601342 0.159380
vn -0.500178 0.702247 -0.506627
vn -0.464280 0.739356 -0.487645
vn -0.697622 0.678853 0.229088
vn -0.408112 0.815349 -0.410670
vn -0.355485 0.857875 -0.371054
vn -0.660395 0.697463 0.278252
vn -0.082950 0.453953 -0.887156
vn -0.618560 0.530317 -0.579782
vn -0.630149 0.526614 -0.570605
vn -0.220745 0.473742 -0.852550
vn -0.517037 0.664417 -0.539650
vn 0.986456 0.057958 -0.153449
vn 0.995961 -0.011758 -0.089019
vn -0.500178 0.702247 -0.506627
vn 0.995961 -0.011758 -0.089019
vn 0.981767 -0.045832 -0.184480
vn -0.464280 0.739356 -0.487645
vn -0.500178 0.702247 -0.506627
vn 0.078267 0.429402 -0.899715
vn 0.211408 0.407266 -0.888505
vn -0.580944 0.545511 -0.604087
vn -0.614740 0.538073 -0.576691
vn -0.517037 0.664417 -0.539650
vn -0.799762 0.597788 0.055044
vn -0.803014 0.588038 -0.096845
vn -0.530723 0.621519 -0.576236
vn -0.400778 0.898648 -0.178348
vn -0.611588 0.715507 0.337654
vn -0.660395 0.697463 0.278252
vn -0.355485 0.857875 -0.371054
vn 0.920744 0.155458 -0.357860
vn 0.986456 0.057958 -0.153449
vn -0.517037 0.664417 -0.539650
vn -0.530723 0.621519 -0.576236
vn -0.799762 0.597788 0.055044
vn -0.517037 0.664417 -0.539650
vn -0.500178 0.702247 -0.506627
vn -0.782934 0.601342 0.159380
vn -0.464280 0.739356 -0.487645
vn 0.981767 -0.045832 -0.184480
vn 0.908326 0.010148 -0.418141
vn -0.447032 0.774922 -0.446831
vn -0.618560 0.530317 -0.579782
vn -0.822861 0.516324 -0.237297
vn -0.845662 0.504524 -0.174101
vn -0.630149 0.526614 -0.570605
vn -0.697622 0.678853 0.229088
vn -0.735266 0.617420 0.279601
vn -0.447032 0.774922 -0.446831
vn -0.408112 0.815349 -0.410670
vn 0.713507 0.186433 -0.675389
vn -0.408112 0.815349 -0.410670
vn -0.447032 0.774922 -0.446831
vn 0.908326 0.010148 -0.418141
vn -0.580944 0.545511 -0.604087
vn -0.791992 0.539903 -0.285050
vn -0.804410 0.528034 -0.272223
vn -0.614740 0.538073 -0.576691
vn 0.548238 0.328445 -0.769129
vn 0.688097 0.280272 -0.669306
vn -0.532748 0.584537 -0.611960
vn -0.578364 0.565254 -0.588203
vn -0.290019 0.952003 -0.097873
vn -0.480805 0.838609 0.256048
vn -0.552297 0.787183 0.274429
vn -0.356771 0.922649 -0.146402
vn 0.688097 0.280272 -0.669306
vn 0.920744 0.155458 -0.357860
vn -0.530723 0.621519 -0.576236
vn -0.532748 0.584537 -0.611960
vn -0.802321 0.570071 -0.176921
vn -0.532748 0.584537 -0.611960
vn -0.530723 0.621519 -0.576236
vn -0.803014 0.588038 -0.096845
vn 0.211408 0.407266 -0.888505
vn 0.548238 0.328445 -0.769129
vn -0.578364 0.565254 -0.588203
vn -0.580944 0.545511 -0.604087
vn -0.611588 0.715507 0.337654
vn -0.400778 0.898648 -0.178348
vn -0.356771 0.922649 -0.146402
vn -0.552297 0.787183 0.274429
vn -0.388500 0.898766 0.203195
vn -0.480805 0.838609 0.256048
vn -0.290019 0.952003 -0.097873
vn -0.234161 0.970506 -0.057328
vn -0.532748 0.584537 -0.611960
vn -0.802321 0.570071 -0.176921
vn -0.788905 0.555641 -0.262474
vn -0.578364 0.565254 -0.588203
vn -0.755401 0.632634 0.170714
vn -0.464280 0.739356 -0.487645
vn -0.447032 0.774922 -0.446831
vn -0.735266 0.617420 0.279601
vn -0.618560 0.530317 -0.579782
vn -0.082950 0.453953 -0.887156
vn 0.078267 0.429402 -0.899715
vn -0.614740 0.538073 -0.576691
vn -0.791992 0.539903 -0.285050
vn -0.580944 0.545511 -0.604087
vn -0.578364 0.565254 -0.588203
vn -0.788905 0.555641 -0.262474
vn 0.193295 0.671531 -0.715321
vn -0.400778 0.898648 -0.178348
vn -0.355485 0.857875 -0.371054
vn 0.457580 0.418564 -0.784490
vn -0.290019 0.952003 -0.097873
vn 0.033614 0.867846 -0.495694
vn 0.026386 0.920111 -0.390767
vn -0.234161 0.970506 -0.057328
vn -0.408112 0.815349 -0.410670
vn 0.713507 0.186433 -0.675389
vn 0.457580 0.418564 -0.784490
vn -0.355485 0.857875 -0.371054
vn -0.400778 0.898648 -0.178348
vn 0.193295 0.671531 -0.715321
vn 0.087457 0.780600 -0.618882
vn -0.356771 0.922649 -0.146402
vn -0.265766 0.949843 0.164826
vn -0.157447 0.987510 0.005896
vn -0.085520 0.994009 0.068058
vn -0.143219 0.977476 0.155015
vn -0.822861 0.516324 -0.237297
vn -0.618560 0.530317 -0.579782
vn -0.614740 0.538073 -0.576691
vn -0.804410 0.528034 -0.272223
vn 0.033614 0.867846 -0.495694
vn -0.290019 0.952003 -0.097873
vn -0.356771 0.922649 -0.146402
vn 0.087457 0.780600 -0.618882
vn -0.265766 0.949843 0.164826
vn -0.388500 0.898766 0.203195
vn -0.234161 0.970506 -0.057328
vn -0.157447 0.987510 0.005896
vn -0.157447 0.987510 0.005896
vn -0.004014 0.976537 -0.215315
vn 0.051305 0.993678 -0.099862
vn -0.085520 0.994009 0.068058
vn -0.004014 0.976537 -0.215315
vn -0.157447 0.987510 0.005896
vn -0.234161 0.970506 -0.057328
vn 0.026386 0.920111 -0.390767
vn -0.872838 0.486237 -0.041571
vn -0.406745 0.500109 -0.764493
vn -0.630149 0.526614 -0.570605
vn -0.845662 0.504524 -0.174101
vn 0.008198 0.988661 0.149944
vn -0.143219 0.977476 0.155015
vn -0.085520 0.994009 0.068058
vn 0.051305 0.993678 -0.099862
vn -0.358718 0.920060 -0.157516
vn -0.292391 0.942705 -0.160667
vn -0.241974 0.880047 0.408615
vn -0.285749 0.821357 0.493680
vn -0.606261 0.689314 0.396603
vn -0.636038 0.669517 0.383669
vn -0.355771 0.852334 -0.383344
vn -0.312545 0.876850 -0.365309
vn -0.548190 0.701121 0.455979
vn -0.243781 0.925943 -0.288444
vn -0.187114 0.949013 -0.253697
vn -0.514756 0.693791 0.503667
vn -0.001647 0.539272 -0.842130
vn -0.518310 0.717269 -0.465704
vn -0.530621 0.714673 -0.455724
vn -0.139108 0.594598 -0.791898
vn -0.381676 0.823855 -0.419030
vn 0.911491 -0.410007 0.032846
vn 0.859152 -0.500036 0.108726
vn -0.355771 0.852334 -0.383344
vn 0.859152 -0.500036 0.108726
vn 0.838635 -0.544266 -0.021601
vn -0.312545 0.876850 -0.365309
vn -0.355771 0.852334 -0.383344
vn 0.162310 0.465440 -0.870070
vn 0.299299 0.395705 -0.868238
vn -0.477391 0.727868 -0.492245
vn -0.512177 0.724162 -0.461805
vn -0.381676 0.823855 -0.419030
vn -0.659864 0.699130 0.275313
vn -0.676704 0.727264 0.114711
vn -0.406547 0.789560 -0.459690
vn -0.249602 0.968343 -0.003102
vn -0.475471 0.679725 0.558482
vn -0.514756 0.693791 0.503667
vn -0.187114 0.949013 -0.253697
vn 0.941176 -0.249076 -0.228362
vn 0.911491 -0.410007 0.032846
vn -0.381676 0.823855 -0.419030
vn -0.406547 0.789560 -0.459690
vn -0.659864 0.699130 0.275313
vn -0.381676 0.823855 -0.419030
vn -0.355771 0.852334 -0.383344
vn -0.636038 0.669517 0.383669
vn -0.312545 0.876850 -0.365309
vn 0.838635 -0.544266 -0.021601
vn 0.823363 -0.456858 -0.336682
vn -0.288517 0.901440 -0.322743
vn -0.518310 0.717269 -0.465704
vn -0.725130 0.687421 -0.040484
vn -0.744222 0.667420 0.026175
vn -0.530621 0.714673 -0.455724
vn -0.548190 0.701121 0.455979
vn -0.584708 0.633990 0.506135
vn -0.288517 0.901440 -0.322743
vn -0.243781 0.925943 -0.288444
vn 0.709774 -0.158042 -0.686471
vn -0.243781 0.925943 -0.288444
vn -0.288517 0.901440 -0.322743
vn 0.823363 -0.456858 -0.336682
vn -0.477391 0.727868 -0.492245
vn -0.693449 0.714834 -0.090230
vn -0.707385 0.702598 -0.077220
vn -0.512177 0.724162 -0.461805
vn 0.644517 0.167813 -0.745947
vn 0.776717 0.037201 -0.628750
vn -0.419089 0.757578 -0.500439
vn -0.468897 0.745528 -0.473628
vn -0.143809 0.987838 0.059119
vn -0.351025 0.814516 0.461892
vn -0.417365 0.765157 0.490246
vn -0.206561 0.978182 0.022186
vn 0.776717 0.037201 -0.628750
vn 0.941176 -0.249076 -0.228362
vn -0.406547 0.789560 -0.459690
vn -0.419089 0.757578 -0.500439
vn -0.686627 0.726462 0.028219
vn -0.419089 0.757578 -0.500439
vn -0.406547 0.789560 -0.459690
vn -0.676704 0.727264 0.114711
vn 0.299299 0.395705 -0.868238
vn 0.644517 0.167813 -0.745947
vn -0.468897 0.745528 -0.473628
vn -0.477391 0.727868 -0.492245
vn -0.475471 0.679725 0.558482
vn -0.249602 0.968343 -0.003102
vn -0.206561 0.978182 0.022186
vn -0.417365 0.765157 0.490246
vn -0.260420 0.882007 0.392741
vn -0.351025 0.814516 0.461892
vn -0.143809 0.987838 0.059119
vn -0.093092 0.991679 0.088914
vn -0.419089 0.757578 -0.500439
vn -0.686627 0.726462 0.028219
vn -0.684494 0.726139 -0.064734
vn -0.468897 0.745528 -0.473628
vn -0.606261 0.689314 0.396603
vn -0.312545 0.876850 -0.365309
vn -0.288517 0.901440 -0.322743
vn -0.584708 0.633990 0.506135
vn -0.518310 0.717269 -0.465704
vn -0.001647 0.539272 -0.842130
vn 0.162310 0.465440 -0.870070
vn -0.512177 0.724162 -0.461805
vn -0.693449 0.714834 -0.090230
vn -0.477391 0.727868 -0.492245
vn -0.468897 0.745528 -0.473628
vn -0.684494 0.726139 -0.064734
vn 0.307129 0.610766 -0.729819
vn -0.249602 0.968343 -0.003102
vn -0.187114 0.949013 -0.253697
vn 0.516487 0.227522 -0.825515
vn -0.143809 0.987838 0.059119
vn 0.180596 0.862807 -0.472175
vn 0.175740 0.915621 -0.361598
vn -0.093092 0.991679 0.088914
vn -0.243781 0.925943 -0.288444
vn 0.709774 -0.158042 -0.686471
vn 0.516487 0.227522 -0.825515
vn -0.187114 0.949013 -0.253697
vn -0.249602 0.968343 -0.003102
vn 0.307129 0.610766 -0.729819
vn 0.222660 0.759815 -0.610822
vn -0.206561 0.978182 0.022186
vn -0.142744 0.933875 0.327875
vn -0.026404 0.990309 0.136352
vn 0.033744 0.982581 0.182747
vn -0.028957 0.957101 0.288303
vn -0.725130 0.687421 -0.040484
vn -0.518310 0.717269 -0.465704
vn -0.512177 0.724162 -0.461805
vn -0.707385 0.702598 -0.077220
vn 0.180596 0.862807 -0.472175
vn -0.143809 0.987838 0.059119
vn -0.206561 0.978182 0.022186
vn 0.222660 0.759815 -0.610822
vn -0.142744 0.933875 0.327875
vn -0.260420 0.882007 0.392741
vn -0.093092 0.991679 0.088914
vn -0.026404 0.990309 0.136352
vn -0.026404 0.990309 0.136352
vn 0.144789 0.975130 -0.167800
vn 0.187470 0.980414 -0.060358
vn 0.033744 0.982581 0.182747
vn 0.144789 0.975130 -0.167800
vn -0.026404 0.990309 0.136352
vn -0.093092 0.991679 0.088914
vn 0.175740 0.915621 -0.361598
vn -0.761431 0.626931 0.164865
vn -0.320014 0.659580 -0.680107
vn -0.530621 0.714673 -0.455724
vn -0.744222 0.667420 0.026175
vn 0.109706 0.963801 0.243008
vn -0.028957 0.957101 0.288303
vn 0.033744 0.982581 0.182747
vn 0.187470 0.980414 -0.060358
vn -0.603186 0.770799 0.205027
vn -0.542745 0.815484 0.201030
vn -0.047101 0.391045 0.919166
vn 0.231747 0.195713 0.952885
vn -0.952155 0.220621 0.211489
vn -0.954522 0.208751 0.212866
vn -0.858848 0.176022 -0.481038
vn -0.852898 0.190687 -0.486007
vn -0.937367 0.249597 0.242992
vn -0.862720 0.224321 -0.453205
vn -0.858207 0.247520 -0.449682
vn -0.923042 0.269162 0.274856
vn -0.393037 0.175706 -0.902580
vn -0.872682 0.120163 -0.473273
vn -0.879944 0.119576 -0.459782
vn -0.521258 0.153200 -0.839535
vn -0.851668 0.162747 -0.498172
vn 0.680810 0.482885 -0.550745
vn 0.711758 0.489036 -0.504227
vn -0.858848 0.176022 -0.481038
vn 0.711758 0.489036 -0.504227
vn 0.685170 0.472592 -0.554255
vn -0.852898 0.190687 -0.486007
vn -0.858848 0.176022 -0.481038
vn -0.242321 0.207616 -0.947722
vn -0.117394 0.237107 -0.964365
vn -0.849533 0.125277 -0.512444
vn -0.872539 0.122436 -0.472953
vn -0.851668 0.162747 -0.498172
vn -0.976051 0.186302 0.112318
vn -0.986453 0.159005 -0.040354
vn -0.841598 0.148889 -0.519177
vn -0.890456 0.274610 -0.362874
vn -0.904507 0.295148 0.307823
vn -0.923042 0.269162 0.274856
vn -0.858207 0.247520 -0.449682
vn 0.580683 0.446385 -0.680844
vn 0.680810 0.482885 -0.550745
vn -0.851668 0.162747 -0.498172
vn -0.841598 0.148889 -0.519177
vn -0.976051 0.186302 0.112318
vn -0.851668 0.162747 -0.498172
vn -0.858848 0.176022 -0.481038
vn -0.954522 0.208751 0.212866
vn -0.852898 0.190687 -0.486007
vn 0.685170 0.472592 -0.554255
vn 0.583130 0.433190 -0.687245
vn -0.863017 0.205307 -0.461574
vn -0.872682 0.120163 -0.473273
vn -0.978111 0.124761 -0.166537
vn -0.987123 0.128240 -0.095615
vn -0.879944 0.119576 -0.459782
vn -0.937367 0.249597 0.242992
vn -0.916833 0.243475 0.316443
vn -0.863017 0.205307 -0.461574
vn -0.862720 0.224321 -0.453205
vn 0.370040 0.377722 -0.848762
vn -0.862720 0.224321 -0.453205
vn -0.863017 0.205307 -0.461574
vn 0.583130 0.433190 -0.687245
vn -0.849533 0.125277 -0.512444
vn -0.965609 0.127535 -0.226568
vn -0.970019 0.125202 -0.208298
vn -0.872539 0.122436 -0.472953
vn 0.199758 0.322237 -0.925343
vn 0.334706 0.362843 -0.869665
vn -0.827003 0.138244 -0.544936
vn -0.855008 0.130893 -0.501825
vn -0.876433 0.323845 -0.356357
vn -0.936217 0.325474 0.132532
vn -0.930847 0.305079 0.201126
vn -0.885271 0.293871 -0.360466
vn 0.334706 0.362843 -0.869665
vn 0.580683 0.446385 -0.680844
vn -0.841598 0.148889 -0.519177
vn -0.827003 0.138244 -0.544936
vn -0.982261 0.144588 -0.119402
vn -0.827003 0.138244 -0.544936
vn -0.841598 0.148889 -0.519177
vn -0.986453 0.159005 -0.040354
vn -0.117394 0.237107 -0.964365
vn 0.199758 0.322237 -0.925343
vn -0.855008 0.130893 -0.501825
vn -0.849533 0.125277 -0.512444
vn -0.904507 0.295148 0.307823
vn -0.890456 0.274610 -0.362874
vn -0.885271 0.293871 -0.360466
vn -0.930847 0.305079 0.201126
vn -0.937677 0.347299 0.012011
vn -0.936217 0.325474 0.132532
vn -0.876433 0.323845 -0.356357
vn -0.868107 0.349487 -0.352490
vn -0.827003 0.138244 -0.544936
vn -0.982261 0.144588 -0.119402
vn -0.969119 0.133322 -0.207447
vn -0.855008 0.130893 -0.501825
vn -0.952155 0.220621 0.211489
vn -0.852898 0.190687 -0.486007
vn -0.863017 0.205307 -0.461574
vn -0.916833 0.243475 0.316443
vn -0.872682 0.120163 -0.473273
vn -0.393037 0.175706 -0.902580
vn -0.242321 0.207616 -0.947722
vn -0.872539 0.122436 -0.472953
vn -0.965609 0.127535 -0.226568
vn -0.849533 0.125277 -0.512444
vn -0.855008 0.130893 -0.501825
vn -0.969119 0.133322 -0.207447
vn -0.266842 0.301166 -0.915475
vn -0.890456 0.274610 -0.362874
vn -0.858207 0.247520 -0.449682
vn 0.085690 0.330066 -0.940060
vn -0.876433 0.323845 -0.356357
vn -0.576643 0.319544 -0.751914
vn -0.653277 0.345109 -0.673891
vn -0.868107 0.349487 -0.352490
vn -0.862720 0.224321 -0.453205
vn 0.370040 0.377722 -0.848762
vn 0.085690 0.330066 -0.940060
vn -0.858207 0.247520 -0.449682
vn -0.890456 0.274610 -0.362874
vn -0.266842 0.301166 -0.915475
vn -0.441364 0.301975 -0.844990
vn -0.885271 0.293871 -0.360466
vn -0.917040 0.382486 -0.112881
vn -0.856913 0.388094 -0.339239
vn -0.844519 0.427088 -0.323085
vn -0.881826 0.425182 -0.203970
vn -0.978111 0.124761 -0.166537
vn -0.872682 0.120163 -0.473273
vn -0.872539 0.122436 -0.472953
vn -0.970019 0.125202 -0.208298
vn -0.576643 0.319544 -0.751914
vn -0.876433 0.323845 -0.356357
vn -0.885271 0.293871 -0.360466
vn -0.441364 0.301975 -0.844990
vn -0.917040 0.382486 -0.112881
vn -0.937677 0.347299 0.012011
vn -0.868107 0.349487 -0.352490
vn -0.856913 0.388094 -0.339239
vn -0.856913 0.388094 -0.339239
vn -0.766908 0.383001 -0.514940
vn -0.786094 0.432170 -0.441911
vn -0.844519 0.427088 -0.323085
vn -0.766908 0.383001 -0.514940
vn -0.856913 0.388094 -0.339239
vn -0.868107 0.349487 -0.352490
vn -0.653277 0.345109 -0.673891
vn -0.988958 0.140911 0.045893
vn -0.691071 0.130134 -0.710976
vn -0.879944 0.119576 -0.459782
vn -0.987123 0.128240 -0.095615
vn -0.823721 0.481354 -0.299636
vn -0.881826 0.425182 -0.203970
vn -0.844519 0.427088 -0.323085
vn -0.786094 0.432170 -0.441911
vn -0.488280 0.859482 -0.151241
vn -0.437166 0.886155 -0.153674
vn -0.296690 0.729946 0.615755
vn -0.249289 0.622715 0.741675
vn -0.613334 0.750324 0.246646
vn -0.655322 0.715959 0.240739
vn -0.508534 0.772712 -0.379882
vn -0.461882 0.807733 -0.366378
vn -0.521500 0.806457 0.278684
vn -0.364700 0.875706 -0.316439
vn -0.293404 0.910712 -0.290719
vn -0.460088 0.833339 0.306374
vn -0.448514 0.550061 -0.704463
vn -0.673954 0.598568 -0.433015
vn -0.681118 0.594675 -0.427130
vn -0.511513 0.557735 -0.653671
vn -0.544663 0.735929 -0.402181
vn 0.314382 0.445325 -0.838361
vn 0.350097 0.428619 -0.832897
vn -0.508534 0.772712 -0.379882
vn 0.350097 0.428619 -0.832897
vn 0.310201 0.445132 -0.840020
vn -0.461882 0.807733 -0.366378
vn -0.508534 0.772712 -0.379882
vn -0.370547 0.543178 -0.753427
vn -0.301722 0.539969 -0.785746
vn -0.648845 0.614617 -0.448605
vn -0.668043 0.606774 -0.430748
vn -0.544663 0.735929 -0.402181
vn -0.693945 0.695704 0.185571
vn -0.735431 0.669785 0.102608
vn -0.580334 0.693218 -0.427389
vn -0.329867 0.941314 0.071520
vn -0.380157 0.859500 0.341673
vn -0.460088 0.833339 0.306374
vn -0.293404 0.910712 -0.290719
vn 0.199852 0.475567 -0.856677
vn 0.314382 0.445325 -0.838361
vn -0.544663 0.735929 -0.402181
vn -0.580334 0.693218 -0.427389
vn -0.693945 0.695704 0.185571
vn -0.544663 0.735929 -0.402181
vn -0.508534 0.772712 -0.379882
vn -0.655322 0.715959 0.240739
vn -0.461882 0.807733 -0.366378
vn 0.310201 0.445132 -0.840020
vn 0.204152 0.508657 -0.836415
vn -0.422230 0.840283 -0.340067
vn -0.673954 0.598568 -0.433015
vn -0.809721 0.586417 0.021590
vn -0.815116 0.576290 0.058964
vn -0.681118 0.594675 -0.427130
vn -0.521500 0.806457 0.278684
vn -0.575502 0.759406 0.303480
vn -0.422230 0.840283 -0.340067
vn -0.364700 0.875706 -0.316439
vn 0.070892 0.616276 -0.784333
vn -0.364700 0.875706 -0.316439
vn -0.422230 0.840283 -0.340067
vn 0.204152 0.508657 -0.836415
vn -0.648845 0.614617 -0.448605
vn -0.792394 0.609971 -0.006927
vn -0.801642 0.597804 0.000685
vn -0.668043 0.606774 -0.430748
vn -0.109909 0.518832 -0.847781
vn -0.013630 0.513077 -0.858235
vn -0.604474 0.655685 -0.452424
vn -0.636499 0.635259 -0.437396
vn -0.190375 0.974276 0.120602
vn -0.238905 0.920671 0.308689
vn -0.316707 0.895340 0.313150
vn -0.273617 0.957499 0.091261
vn -0.013630 0.513077 -0.858235
vn 0.199852 0.475567 -0.856677
vn -0.580334 0.693218 -0.427389
vn -0.604474 0.655685 -0.452424
vn -0.761301 0.645878 0.057125
vn -0.604474 0.655685 -0.452424
vn -0.580334 0.693218 -0.427389
vn -0.735431 0.669785 0.102608
vn -0.301722 0.539969 -0.785746
vn -0.109909 0.518832 -0.847781
vn -0.636499 0.635259 -0.437396
vn -0.648845 0.614617 -0.448605
vn -0.380157 0.859500 0.341673
vn -0.329867 0.941314 0.071520
vn -0.273617 0.957499 0.091261
vn -0.316707 0.895340 0.313150
vn -0.161226 0.944959 0.284707
vn -0.238905 0.920671 0.308689
vn -0.190375 0.974276 0.120602
vn -0.122403 0.981912 0.144452
vn -0.604474 0.655685 -0.452424
vn -0.761301 0.645878 0.057125
vn -0.778876 0.627141 0.006822
vn -0.636499 0.635259 -0.437396
vn -0.613334 0.750324 0.246646
vn -0.461882 0.807733 -0.366378
vn -0.422230 0.840283 -0.340067
vn -0.575502 0.759406 0.303480
vn -0.673954 0.598568 -0.433015
vn -0.448514 0.550061 -0.704463
vn -0.370547 0.543178 -0.753427
vn -0.668043 0.606774 -0.430748
vn -0.792394 0.609971 -0.006927
vn -0.648845 0.614617 -0.448605
vn -0.636499 0.635259 -0.437396
vn -0.778876 0.627141 0.006822
vn -0.063263 0.843346 -0.533634
vn -0.329867 0.941314 0.071520
vn -0.293404 0.910712 -0.290719
vn -0.021647 0.730603 -0.682459
vn -0.190375 0.974276 0.120602
vn -0.019025 0.931733 -0.362644
vn 0.035462 0.954187 -0.297104
vn -0.122403 0.981912 0.144452
vn -0.364700 0.875706 -0.316439
vn 0.070892 0.616276 -0.784333
vn -0.021647 0.730603 -0.682459
vn -0.293404 0.910712 -0.290719
vn -0.329867 0.941314 0.071520
vn -0.063263 0.843346 -0.533634
vn -0.060298 0.891520 -0.448950
vn -0.273617 0.957499 0.091261
vn -0.060201 0.961620 0.267701
vn -0.028606 0.983142 0.180595
vn 0.057802 0.974863 0.215179
vn 0.043036 0.963602 0.263856
vn -0.809721 0.586417 0.021590
vn -0.673954 0.598568 -0.433015
vn -0.668043 0.606774 -0.430748
vn -0.801642 0.597804 0.000685
vn -0.019025 0.931733 -0.362644
vn -0.190375 0.974276 0.120602
vn -0.273617 0.957499 0.091261
vn -0.060298 0.891520 -0.448950
vn -0.060201 0.961620 0.267701
vn -0.161226 0.944959 0.284707
vn -0.122403 0.981912 0.144452
vn -0.028606 0.983142 0.180595
vn -0.028606 0.983142 0.180595
vn 0.095503 0.976178 -0.194820
vn 0.191545 0.972787 -0.130371
vn 0.057802 0.974863 0.215179
vn 0.095503 0.976178 -0.194820
vn -0.028606 0.983142 0.180595
vn -0.122403 0.981912 0.144452
vn 0.035462 0.954187 -0.297104
vn -0.814516 0.564079 0.135566
vn -0.591176 0.572547 -0.568068
vn -0.681118 0.594675 -0.427130
vn -0.815116 0.576290 0.058964
vn 0.167135 0.951137 0.259623
vn 0.043036 0.963602 0.263856
vn 0.057802 0.974863 0.215179
vn 0.191545 0.972787 -0.130371
vn -0.193569 0.917303 -0.347974
vn -0.101144 0.955111 -0.278448
vn -0.102797 0.977761 -0.182804
vn -0.195953 0.965596 -0.170959
vn -0.262550 0.753665 -0.602542
vn -0.509616 0.859667 0.035562
vn -0.552477 0.833279 0.020401
vn -0.296491 0.729353 -0.616552
vn -0.176863 0.784329 -0.594599
vn -0.117649 0.793463 -0.597139
vn -0.345752 0.936897 0.051762
vn -0.409977 0.911351 0.036843
vn -0.666267 0.593469 0.451534
vn -0.703375 0.620495 0.346770
vn -0.722730 0.689906 -0.041125
vn -0.720454 0.692887 -0.029204
vn -0.594040 0.804092 0.023498
vn -0.552477 0.833279 0.020401
vn 0.276749 -0.028444 0.960521
vn 0.238767 0.045467 0.970012
vn 0.276749 -0.028444 0.960521
vn -0.552477 0.833279 0.020401
vn -0.509616 0.859667 0.035562
vn 0.189775 -0.027028 0.981456
vn -0.607586 0.559048 0.564186
vn -0.713747 0.699853 -0.027759
vn -0.708957 0.705218 0.006948
vn -0.546432 0.528020 0.650083
vn -0.594040 0.804092 0.023498
vn -0.638102 0.769376 0.029792
vn -0.468683 0.731466 -0.495271
vn -0.370996 0.732087 -0.571323
vn -0.211140 0.958957 -0.189268
vn -0.345752 0.936897 0.051762
vn -0.117649 0.793463 -0.597139
vn -0.045154 0.799564 -0.598881
vn 0.075164 0.175849 0.981544
vn -0.638102 0.769376 0.029792
vn -0.594040 0.804092 0.023498
vn 0.238767 0.045467 0.970012
vn -0.370996 0.732087 -0.571323
vn -0.296491 0.729353 -0.616552
vn -0.552477 0.833279 0.020401
vn -0.594040 0.804092 0.023498
vn -0.509616 0.859667 0.035562
vn -0.464783 0.884968 0.028420
vn 0.005154 0.093498 0.995606
vn 0.189775 -0.027028 0.981456
vn -0.720454 0.692887 -0.029204
vn -0.722730 0.689906 -0.041125
vn -0.568693 0.660326 -0.490468
vn -0.590947 0.673859 -0.443503
vn -0.176863 0.784329 -0.594599
vn -0.409977 0.911351 0.036843
vn -0.464783 0.884968 0.028420
vn -0.188243 0.734853 -0.651580
vn -0.198538 0.319193 0.926660
vn 0.005154 0.093498 0.995606
vn -0.464783 0.884968 0.028420
vn -0.409977 0.911351 0.036843
vn -0.708957 0.705218 0.006948
vn -0.713747 0.699853 -0.027759
vn -0.598545 0.685964 -0.413760
vn -0.595716 0.697207 -0.398778
vn -0.340483 0.417297 0.842576
vn -0.690996 0.722855 0.002280
vn -0.673684 0.737756 0.043187
vn -0.221847 0.353455 0.908765
vn -0.091248 0.982935 -0.159727
vn -0.162530 0.970650 -0.177265
vn -0.032945 0.851622 -0.523120
vn 0.007071 0.884230 -0.466998
vn -0.221847 0.353455 0.908765
vn -0.673684 0.737756 0.043187
vn -0.638102 0.769376 0.029792
vn 0.075164 0.175849 0.981544
vn -0.523671 0.719588 -0.456029
vn -0.468683 0.731466 -0.495271
vn -0.638102 0.769376 0.029792
vn -0.673684 0.737756 0.043187
vn -0.546432 0.528020 0.650083
vn -0.708957 0.705218 0.006948
vn -0.690996 0.722855 0.002280
vn -0.340483 0.417297 0.842576
vn -0.045154 0.799564 -0.598881
vn -0.032945 0.851622 -0.523120
vn -0.162530 0.970650 -0.177265
vn -0.211140 0.958957 -0.189268
vn 0.035591 0.924410 -0.379736
vn -0.033419 0.988802 -0.145446
vn -0.091248 0.982935 -0.159727
vn 0.007071 0.884230 -0.466998
vn -0.673684 0.737756 0.043187
vn -0.690996 0.722855 0.002280
vn -0.574448 0.710415 -0.406596
vn -0.523671 0.719588 -0.456029
vn -0.262550 0.753665 -0.602542
vn -0.188243 0.734853 -0.651580
vn -0.464783 0.884968 0.028420
vn -0.509616 0.859667 0.035562
vn -0.720454 0.692887 -0.029204
vn -0.713747 0.699853 -0.027759
vn -0.607586 0.559048 0.564186
vn -0.666267 0.593469 0.451534
vn -0.595716 0.697207 -0.398778
vn -0.574448 0.710415 -0.406596
vn -0.690996 0.722855 0.002280
vn -0.708957 0.705218 0.006948
vn -0.316588 0.763638 0.562698
vn -0.309407 0.550383 0.775465
vn -0.345752 0.936897 0.051762
vn -0.211140 0.958957 -0.189268
vn -0.091248 0.982935 -0.159727
vn -0.033419 0.988802 -0.145446
vn -0.139735 0.942885 0.302393
vn -0.211451 0.909539 0.357810
vn -0.409977 0.911351 0.036843
vn -0.345752 0.936897 0.051762
vn -0.309407 0.550383 0.775465
vn -0.198538 0.319193 0.926660
vn -0.211140 0.958957 -0.189268
vn -0.162530 0.970650 -0.177265
vn -0.281032 0.847730 0.449862
vn -0.316588 0.763638 0.562698
vn 0.085095 0.955514 -0.282403
vn 0.146637 0.968577 -0.200889
vn 0.124872 0.985093 -0.118312
vn 0.048363 0.990286 -0.130367
vn -0.590947 0.673859 -0.443503
vn -0.598545 0.685964 -0.413760
vn -0.713747 0.699853 -0.027759
vn -0.720454 0.692887 -0.029204
vn -0.211451 0.909539 0.357810
vn -0.281032 0.847730 0.449862
vn -0.162530 0.970650 -0.177265
vn -0.091248 0.982935 -0.159727
vn 0.085095 0.955514 -0.282403
vn 0.048363 0.990286 -0.130367
vn -0.033419 0.988802 -0.145446
vn 0.035591 0.924410 -0.379736
vn 0.048363 0.990286 -0.130367
vn 0.124872 0.985093 -0.118312
vn 0.063861 0.983492 0.169311
vn -0.038150 0.980075 0.194930
vn -0.038150 0.980075 0.194930
vn -0.139735 0.942885 0.302393
vn -0.033419 0.988802 -0.145446
vn 0.048363 0.990286 -0.130367
vn -0.510055 0.637312 -0.577649
vn -0.568693 0.660326 -0.490468
vn -0.722730 0.689906 -0.041125
vn -0.731313 0.655347 0.188948
vn 0.223081 0.969267 -0.103715
vn 0.063861 0.983492 0.169311
vn 0.124872 0.985093 -0.118312
vn 0.146637 0.968577 -0.200889
vn -0.821546 0.469357 -0.323677
vn -0.828258 0.481433 -0.286725
vn -0.837944 0.495607 0.228523
vn -0.842197 0.488134 0.228976
vn -0.668040 0.548949 -0.502372
vn -0.821108 0.569793 0.033450
vn -0.846440 0.531804 0.026922
vn -0.687378 0.512727 -0.514415
vn -0.611997 0.620877 -0.489868
vn -0.568337 0.664885 -0.484686
vn -0.710706 0.702697 0.033394
vn -0.758026 0.651662 0.027070
vn -0.857085 0.371608 0.356810
vn -0.886523 0.365727 0.283408
vn -0.928661 0.370927 0.001565
vn -0.927245 0.374324 0.009944
vn -0.867920 0.495589 0.033253
vn -0.846440 0.531804 0.026922
vn -0.310987 0.521078 0.794837
vn -0.340244 0.510407 0.789759
vn -0.310987 0.521078 0.794837
vn -0.846440 0.531804 0.026922
vn -0.821108 0.569793 0.033450
vn -0.340834 0.531960 0.775146
vn -0.815552 0.382303 0.434419
vn -0.924559 0.380902 0.010173
vn -0.920882 0.388292 0.034724
vn -0.775415 0.394942 0.492699
vn -0.867920 0.495589 0.033253
vn -0.888858 0.456199 0.042603
vn -0.788002 0.447486 -0.422857
vn -0.731614 0.482910 -0.481185
vn -0.613356 0.756544 -0.226795
vn -0.710706 0.702697 0.033394
vn -0.568337 0.664885 -0.484686
vn -0.508005 0.719288 -0.473872
vn -0.428097 0.487405 0.761031
vn -0.888858 0.456199 0.042603
vn -0.867920 0.495589 0.033253
vn -0.340244 0.510407 0.789759
vn -0.731614 0.482910 -0.481185
vn -0.687378 0.512727 -0.514415
vn -0.846440 0.531804 0.026922
vn -0.867920 0.495589 0.033253
vn -0.821108 0.569793 0.033450
vn -0.794595 0.606622 0.025069
vn -0.421504 0.546746 0.723466
vn -0.340834 0.531960 0.775146
vn -0.927245 0.374324 0.009944
vn -0.928661 0.370927 0.001565
vn -0.834434 0.365647 -0.412337
vn -0.849002 0.370581 -0.376650
vn -0.611997 0.620877 -0.489868
vn -0.758026 0.651662 0.027070
vn -0.794595 0.606622 0.025069
vn -0.620271 0.573725 -0.534886
vn -0.523999 0.579974 0.623743
vn -0.421504 0.546746 0.723466
vn -0.794595 0.606622 0.025069
vn -0.758026 0.651662 0.027070
vn -0.920882 0.388292 0.034724
vn -0.924559 0.380902 0.010173
vn -0.855128 0.378073 -0.354705
vn -0.855238 0.387324 -0.344307
vn -0.651577 0.426266 0.627490
vn -0.913817 0.405079 0.029140
vn -0.903960 0.423873 0.056469
vn -0.584506 0.448952 0.675867
vn -0.501674 0.839055 -0.210498
vn -0.570304 0.791291 -0.220481
vn -0.488857 0.764652 -0.419911
vn -0.442984 0.812911 -0.378075
vn -0.584506 0.448952 0.675867
vn -0.903960 0.423873 0.056469
vn -0.888858 0.456199 0.042603
vn -0.428097 0.487405 0.761031
vn -0.817815 0.421989 -0.391284
vn -0.788002 0.447486 -0.422857
vn -0.888858 0.456199 0.042603
vn -0.903960 0.423873 0.056469
vn -0.775415 0.394942 0.492699
vn -0.920882 0.388292 0.034724
vn -0.913817 0.405079 0.029140
vn -0.651577 0.426266 0.627490
vn -0.508005 0.719288 -0.473872
vn -0.488857 0.764652 -0.419911
vn -0.570304 0.791291 -0.220481
vn -0.613356 0.756544 -0.226795
vn -0.402141 0.856671 -0.323107
vn -0.441522 0.874292 -0.201672
vn -0.501674 0.839055 -0.210498
vn -0.442984 0.812911 -0.378075
vn -0.903960 0.423873 0.056469
vn -0.913817 0.405079 0.029140
vn -0.845224 0.402216 -0.351878
vn -0.817815 0.421989 -0.391284
vn -0.668040 0.548949 -0.502372
vn -0.620271 0.573725 -0.534886
vn -0.794595 0.606622 0.025069
vn -0.821108 0.569793 0.033450
vn -0.927245 0.374324 0.009944
vn -0.924559 0.380902 0.010173
vn -0.815552 0.382303 0.434419
vn -0.857085 0.371608 0.356810
vn -0.855238 0.387324 -0.344307
vn -0.845224 0.402216 -0.351878
vn -0.913817 0.405079 0.029140
vn -0.920882 0.388292 0.034724
vn -0.612584 0.712598 0.341972
vn -0.593131 0.634538 0.495537
vn -0.710706 0.702697 0.033394
vn -0.613356 0.756544 -0.226795
vn -0.501674 0.839055 -0.210498
vn -0.441522 0.874292 -0.201672
vn -0.484429 0.858574 0.167867
vn -0.546279 0.812530 0.203410
vn -0.758026 0.651662 0.027070
vn -0.710706 0.702697 0.033394
vn -0.593131 0.634538 0.495537
vn -0.523999 0.579974 0.623743
vn -0.613356 0.756544 -0.226795
vn -0.570304 0.791291 -0.220481
vn -0.596877 0.757168 0.265397
vn -0.612584 0.712598 0.341972
vn -0.332811 0.905028 -0.264878
vn -0.245275 0.944676 -0.217779
vn -0.256803 0.949537 -0.180090
vn -0.349696 0.917245 -0.190720
vn -0.849002 0.370581 -0.376650
vn -0.855128 0.378073 -0.354705
vn -0.924559 0.380902 0.010173
vn -0.927245 0.374324 0.009944
vn -0.546279 0.812530 0.203410
vn -0.596877 0.757168 0.265397
vn -0.570304 0.791291 -0.220481
vn -0.501674 0.839055 -0.210498
vn -0.332811 0.905028 -0.264878
vn -0.349696 0.917245 -0.190720
vn -0.441522 0.874292 -0.201672
vn -0.402141 0.856671 -0.323107
vn -0.349696 0.917245 -0.190720
vn -0.256803 0.949537 -0.180090
vn -0.285678 0.952778 0.102971
vn -0.399104 0.910159 0.111024
vn -0.399104 0.910159 0.111024
vn -0.484429 0.858574 0.167867
vn -0.441522 0.874292 -0.201672
vn -0.349696 0.917245 -0.190720
vn -0.798084 0.363831 -0.480301
vn -0.834434 0.365647 -0.412337
vn -0.928661 0.370927 0.001565
vn -0.915695 0.363914 0.170496
vn -0.128088 0.977959 -0.164895
vn -0.285678 0.952778 0.102971
vn -0.256803 0.949537 -0.180090
vn -0.245275 0.944676 -0.217779
vn -0.285749 0.821357 0.493680
vn -0.296690 0.729946 0.615755
vn -0.437166 0.886155 -0.153674
vn -0.358718 0.920060 -0.157516
vn -0.362336 0.714537 0.598456
vn -0.395834 0.694339 0.601007
vn -0.482745 0.853021 -0.198272
vn -0.436996 0.876584 -0.201582
vn -0.283133 0.730867 0.621023
vn -0.342385 0.924129 -0.169584
vn -0.277647 0.946341 -0.165379
vn -0.231331 0.728320 0.645008
vn -0.419181 0.566327 -0.709620
vn -0.662660 0.722527 -0.197070
vn -0.668975 0.720072 -0.184304
vn -0.502885 0.612451 -0.609926
vn -0.521691 0.825441 -0.215606
vn 0.731884 -0.285746 -0.618623
vn 0.740783 -0.379873 -0.554020
vn -0.482745 0.853021 -0.198272
vn 0.740783 -0.379873 -0.554020
vn 0.654862 -0.402025 -0.639946
vn -0.436996 0.876584 -0.201582
vn -0.482745 0.853021 -0.198272
vn -0.306731 0.505609 -0.806397
vn -0.202128 0.448929 -0.870406
vn -0.639190 0.732487 -0.234303
vn -0.655494 0.729191 -0.196490
vn -0.521691 0.825441 -0.215606
vn -0.460793 0.715632 0.524920
vn -0.542259 0.735792 0.405667
vn -0.562214 0.792213 -0.237304
vn -0.221101 0.964959 0.141307
vn -0.169934 0.720355 0.672466
vn -0.231331 0.728320 0.645008
vn -0.277647 0.946341 -0.165379
vn 0.602579 -0.116302 -0.789540
vn 0.731884 -0.285746 -0.618623
vn -0.521691 0.825441 -0.215606
vn -0.562214 0.792213 -0.237304
vn -0.460793 0.715632 0.524920
vn -0.521691 0.825441 -0.215606
vn -0.482745 0.853021 -0.198272
vn -0.395834 0.694339 0.601007
vn -0.436996 0.876584 -0.201582
vn 0.654862 -0.402025 -0.639946
vn 0.476612 -0.280016 -0.833326
vn -0.396708 0.900477 -0.178225
vn -0.662660 0.722527 -0.197070
vn -0.652524 0.693907 0.304476
vn -0.640926 0.675518 0.364541
vn -0.668975 0.720072 -0.184304
vn -0.283133 0.730867 0.621023
vn -0.299310 0.671773 0.677594
vn -0.396708 0.900477 -0.178225
vn -0.342385 0.924129 -0.169584
vn 0.224382 0.013934 -0.974402
vn -0.342385 0.924129 -0.169584
vn -0.396708 0.900477 -0.178225
vn 0.476612 -0.280016 -0.833326
vn -0.639190 0.732487 -0.234303
vn -0.646406 0.719949 0.252653
vn -0.652967 0.708196 0.268500
vn -0.655494 0.729191 -0.196490
vn 0.113068 0.259539 -0.959091
vn 0.269669 0.149471 -0.951282
vn -0.592282 0.761216 -0.264107
vn -0.623054 0.749675 -0.223141
vn -0.101771 0.983875 0.147078
vn -0.097968 0.833912 0.543133
vn -0.145366 0.791938 0.593045
vn -0.172551 0.974473 0.143629
vn 0.269669 0.149471 -0.951282
vn 0.602579 -0.116302 -0.789540
vn -0.562214 0.792213 -0.237304
vn -0.592282 0.761216 -0.264107
vn -0.588159 0.732776 0.342211
vn -0.592282 0.761216 -0.264107
vn -0.562214 0.792213 -0.237304
vn -0.542259 0.735792 0.405667
vn -0.202128 0.448929 -0.870406
vn 0.113068 0.259539 -0.959091
vn -0.623054 0.749675 -0.223141
vn -0.639190 0.732487 -0.234303
vn -0.169934 0.720355 0.672466
vn -0.221101 0.964959 0.141307
vn -0.172551 0.974473 0.143629
vn -0.145366 0.791938 0.593045
vn -0.049758 0.890669 0.451922
vn -0.097968 0.833912 0.543133
vn -0.101771 0.983875 0.147078
vn -0.044607 0.987708 0.149809
vn -0.592282 0.761216 -0.264107
vn -0.588159 0.732776 0.342211
vn -0.627058 0.731109 0.268845
vn -0.623054 0.749675 -0.223141
vn -0.362336 0.714537 0.598456
vn -0.436996 0.876584 -0.201582
vn -0.396708 0.900477 -0.178225
vn -0.299310 0.671773 0.677594
vn -0.662660 0.722527 -0.197070
vn -0.419181 0.566327 -0.709620
vn -0.306731 0.505609 -0.806397
vn -0.655494 0.729191 -0.196490
vn -0.646406 0.719949 0.252653
vn -0.639190 0.732487 -0.234303
vn -0.623054 0.749675 -0.223141
vn -0.627058 0.731109 0.268845
vn -0.083706 0.664193 -0.742860
vn -0.221101 0.964959 0.141307
vn -0.277647 0.946341 -0.165379
vn 0.024416 0.347630 -0.937314
vn -0.101771 0.983875 0.147078
vn -0.062736 0.873826 -0.482174
vn -0.015128 0.919056 -0.393837
vn -0.044607 0.987708 0.149809
vn -0.342385 0.924129 -0.169584
vn 0.224382 0.013934 -0.974402
vn 0.024416 0.347630 -0.937314
vn -0.277647 0.946341 -0.165379
vn -0.221101 0.964959 0.141307
vn -0.083706 0.664193 -0.742860
vn -0.094093 0.787278 -0.609377
vn -0.172551 0.974473 0.143629
vn 0.022325 0.934932 0.354124
vn 0.034359 0.986553 0.159792
vn 0.107298 0.979311 0.171573
vn 0.101932 0.955156 0.278004
vn -0.652524 0.693907 0.304476
vn -0.662660 0.722527 -0.197070
vn -0.655494 0.729191 -0.196490
vn -0.652967 0.708196 0.268500
vn -0.062736 0.873826 -0.482174
vn -0.101771 0.983875 0.147078
vn -0.172551 0.974473 0.143629
vn -0.094093 0.787278 -0.609377
vn 0.022325 0.934932 0.354124
vn -0.049758 0.890669 0.451922
vn -0.044607 0.987708 0.149809
vn 0.034359 0.986553 0.159792
vn 0.034359 0.986553 0.159792
vn 0.046893 0.971706 -0.231493
vn 0.132655 0.977209 -0.165725
vn 0.107298 0.979311 0.171573
vn 0.046893 0.971706 -0.231493
vn 0.034359 0.986553 0.159792
vn -0.044607 0.987708 0.149809
vn -0.015128 0.919056 -0.393837
vn -0.599382 0.639868 0.480946
vn -0.595509 0.668302 -0.445804
vn -0.668975 0.720072 -0.184304
vn -0.640926 0.675518 0.364541
vn 0.200298 0.961583 0.187720
vn 0.101932 0.955156 0.278004
vn 0.107298 0.979311 0.171573
vn 0.132655 0.977209 -0.165725
vn 0.375669 0.889892 0.258776
vn 0.424646 0.854109 0.300291
vn 0.270419 0.849076 0.453809
vn 0.175901 0.884721 0.431657
# 10075 vertex normals

vt 0.573691 0.381851 0.000000
vt 0.573691 0.489038 0.000000
vt 0.533496 0.486602 0.000000
vt 0.532278 0.381851 0.000000
vt 0.643118 0.379415 0.000000
vt 0.682095 0.376979 0.000000
vt 0.684531 0.467113 0.000000
vt 0.644336 0.474421 0.000000
vt 0.188794 0.552375 0.000000
vt 0.148599 0.542631 0.000000
vt 0.153471 0.471985 0.000000
vt 0.194884 0.481730 0.000000
vt 0.489647 0.491474 0.000000
vt 0.532278 0.618149 0.000000
vt 0.489647 0.615713 0.000000
vt 0.577345 0.615713 0.000000
vt 0.231425 0.562119 0.000000
vt 0.237515 0.481730 0.000000
vt 0.274056 0.493910 0.000000
vt 0.271620 0.569427 0.000000
vt 0.433618 0.496346 0.000000
vt 0.431182 0.401340 0.000000
vt 0.489647 0.389160 0.000000
vt 0.723508 0.464677 0.000000
vt 0.725944 0.374543 0.000000
vt 0.436054 0.608404 0.000000
vt 0.606577 0.479294 0.000000
vt 0.611449 0.608404 0.000000
vt 0.158343 0.406212 0.000000
vt 0.200974 0.413520 0.000000
vt 0.602923 0.374543 0.000000
vt 0.646772 0.596224 0.000000
vt 0.242387 0.418392 0.000000
vt 0.278928 0.420828 0.000000
vt 0.323995 0.586480 0.000000
vt 0.326431 0.491474 0.000000
vt 0.375152 0.501218 0.000000
vt 0.376370 0.593788 0.000000
vt 0.780755 0.459805 0.000000
vt 0.747868 0.462241 0.000000
vt 0.752741 0.381851 0.000000
vt 0.783191 0.386723 0.000000
vt 0.380024 0.408648 0.000000
vt 0.808770 0.396468 0.000000
vt 0.806334 0.459805 0.000000
vt 0.327649 0.418392 0.000000
vt 0.725944 0.562119 0.000000
vt 0.684531 0.581608 0.000000
vt 0.806334 0.528015 0.000000
vt 0.778319 0.537759 0.000000
vt 0.747868 0.549939 0.000000
vt 0.840439 0.408648 0.000000
vt 0.872107 0.420828 0.000000
vt 0.870889 0.447625 0.000000
vt 0.840439 0.452497 0.000000
vt 0.874543 0.486602 0.000000
vt 0.838003 0.503654 0.000000
vt 0.118149 0.394032 0.000000
vt 0.116931 0.525578 0.000000
vt 0.924482 0.442753 0.000000
vt 0.573691 0.381851 0.000000
vt 0.573691 0.489038 0.000000
vt 0.533496 0.486602 0.000000
vt 0.532278 0.381851 0.000000
vt 0.643118 0.379415 0.000000
vt 0.682095 0.376979 0.000000
vt 0.684531 0.467113 0.000000
vt 0.644336 0.474421 0.000000
vt 0.188794 0.552375 0.000000
vt 0.148599 0.542631 0.000000
vt 0.153471 0.471985 0.000000
vt 0.194884 0.481730 0.000000
vt 0.489647 0.491474 0.000000
vt 0.532278 0.618149 0.000000
vt 0.489647 0.615713 0.000000
vt 0.577345 0.615713 0.000000
vt 0.231425 0.562119 0.000000
vt 0.237515 0.481730 0.000000
vt 0.274056 0.493910 0.000000
vt 0.271620 0.569427 0.000000
vt 0.433618 0.496346 0.000000
vt 0.431182 0.401340 0.000000
vt 0.489647 0.389160 0.000000
vt 0.723508 0.464677 0.000000
vt 0.725944 0.374543 0.000000
vt 0.436054 0.608404 0.000000
vt 0.606577 0.479294 0.000000
vt 0.611449 0.608404 0.000000
vt 0.158343 0.406212 0.000000
vt 0.200974 0.413520 0.000000
vt 0.602923 0.374543 0.000000
vt 0.646772 0.596224 0.000000
vt 0.242387 0.418392 0.000000
vt 0.278928 0.420828 0.000000
vt 0.323995 0.586480 0.000000
vt 0.326431 0.491474 0.000000
vt 0.375152 0.501218 0.000000
vt 0.376370 0.593788 0.000000
vt 0.780755 0.459805 0.000000
vt 0.747868 0.462241 0.000000
vt 0.752741 0.381851 0.000000
vt 0.783191 0.386723 0.000000
vt 0.380024 0.408648 0.000000
vt 0.808770 0.396468 0.000000
vt 0.806334 0.459805 0.000000
vt 0.327649 0.418392 0.000000
vt 0.725944 0.562119 0.000000
vt 0.684531 0.581608 0.000000
vt 0.806334 0.528015 0.000000
vt 0.778319 0.537759 0.000000
vt 0.747868 0.549939 0.000000
vt 0.840439 0.408648 0.000000
vt 0.872107 0.420828 0.000000
vt 0.870889 0.447625 0.000000
vt 0.840439 0.452497 0.000000
vt 0.874543 0.486602 0.000000
vt 0.838003 0.503654 0.000000
vt 0.118149 0.394032 0.000000
vt 0.116931 0.525578 0.000000
vt 0.924482 0.442753 0.000000
vt 0.573691 0.381851 0.000000
vt 0.532278 0.381851 0.000000
vt 0.533496 0.486602 0.000000
vt 0.573691 0.489038 0.000000
vt 0.643118 0.379415 0.000000
vt 0.644336 0.474421 0.000000
vt 0.684531 0.467113 0.000000
vt 0.682095 0.376979 0.000000
vt 0.188794 0.552375 0.000000
vt 0.194884 0.481730 0.000000
vt 0.153471 0.471985 0.000000
vt 0.148599 0.542631 0.000000
vt 0.489647 0.491474 0.000000
vt 0.489647 0.615713 0.000000
vt 0.532278 0.618149 0.000000
vt 0.577345 0.615713 0.000000
vt 0.231425 0.562119 0.000000
vt 0.271620 0.569427 0.000000
vt 0.274056 0.493910 0.000000
vt 0.237515 0.481730 0.000000
vt 0.489647 0.389160 0.000000
vt 0.431182 0.401340 0.000000
vt 0.433618 0.496346 0.000000
vt 0.723508 0.464677 0.000000
vt 0.725944 0.374543 0.000000
vt 0.436054 0.608404 0.000000
vt 0.611449 0.608404 0.000000
vt 0.606577 0.479294 0.000000
vt 0.200974 0.413520 0.000000
vt 0.158343 0.406212 0.000000
vt 0.602923 0.374543 0.000000
vt 0.646772 0.596224 0.000000
vt 0.278928 0.420828 0.000000
vt 0.242387 0.418392 0.000000
vt 0.323995 0.586480 0.000000
vt 0.376370 0.593788 0.000000
vt 0.375152 0.501218 0.000000
vt 0.326431 0.491474 0.000000
vt 0.780755 0.459805 0.000000
vt 0.783191 0.386723 0.000000
vt 0.752741 0.381851 0.000000
vt 0.747868 0.462241 0.000000
vt 0.380024 0.408648 0.000000
vt 0.808770 0.396468 0.000000
vt 0.806334 0.459805 0.000000
vt 0.327649 0.418392 0.000000
vt 0.725944 0.562119 0.000000
vt 0.684531 0.581608 0.000000
vt 0.778319 0.537759 0.000000
vt 0.806334 0.528015 0.000000
vt 0.747868 0.549939 0.000000
vt 0.840439 0.408648 0.000000
vt 0.840439 0.452497 0.000000
vt 0.870889 0.447625 0.000000
vt 0.872107 0.420828 0.000000
vt 0.838003 0.503654 0.000000
vt 0.874543 0.486602 0.000000
vt 0.118149 0.394032 0.000000
vt 0.116931 0.525578 0.000000
vt 0.924482 0.442753 0.000000
vt 0.573691 0.381851 0.000000
vt 0.532278 0.381851 0.000000
vt 0.533496 0.486602 0.000000
vt 0.573691 0.489038 0.000000
vt 0.643118 0.379415 0.000000
vt 0.644336 0.474421 0.000000
vt 0.684531 0.467113 0.000000
vt 0.682095 0.376979 0.000000
vt 0.188794 0.552375 0.000000
vt 0.194884 0.481730 0.000000
vt 0.153471 0.471985 0.000000
vt 0.148599 0.542631 0.000000
vt 0.489647 0.491474 0.000000
vt 0.489647 0.615713 0.000000
vt 0.532278 0.618149 0.000000
vt 0.577345 0.615713 0.000000
vt 0.231425 0.562119 0.000000
vt 0.271620 0.569427 0.000000
vt 0.274056 0.493910 0.000000
vt 0.237515 0.481730 0.000000
vt 0.489647 0.389160 0.000000
vt 0.431182 0.401340 0.000000
vt 0.433618 0.496346 0.000000
vt 0.723508 0.464677 0.000000
vt 0.725944 0.374543 0.000000
vt 0.436054 0.608404 0.000000
vt 0.611449 0.608404 0.000000
vt 0.606577 0.479294 0.000000
vt 0.200974 0.413520 0.000000
vt 0.158343 0.406212 0.000000
vt 0.602923 0.374543 0.000000
vt 0.646772 0.596224 0.000000
vt 0.278928 0.420828 0.000000
vt 0.242387 0.418392 0.000000
vt 0.323995 0.586480 0.000000
vt 0.376370 0.593788 0.000000
vt 0.375152 0.501218 0.000000
vt 0.326431 0.491474 0.000000
vt 0.780755 0.459805 0.000000
vt 0.783191 0.386723 0.000000
vt 0.752741 0.381851 0.000000
vt 0.747868 0.462241 0.000000
vt 0.380024 0.408648 0.000000
vt 0.808770 0.396468 0.000000
vt 0.806334 0.459805 0.000000
vt 0.327649 0.418392 0.000000
vt 0.725944 0.562119 0.000000
vt 0.684531 0.581608 0.000000
vt 0.778319 0.537759 0.000000
vt 0.806334 0.528015 0.000000
vt 0.747868 0.549939 0.000000
vt 0.840439 0.408648 0.000000
vt 0.840439 0.452497 0.000000
vt 0.870889 0.447625 0.000000
vt 0.872107 0.420828 0.000000
vt 0.838003 0.503654 0.000000
vt 0.874543 0.486602 0.000000
vt 0.118149 0.394032 0.000000
vt 0.116931 0.525578 0.000000
vt 0.924482 0.442753 0.000000
vt 0.573691 0.381851 0.000000
vt 0.532278 0.381851 0.000000
vt 0.533496 0.486602 0.000000
vt 0.573691 0.489038 0.000000
vt 0.643118 0.379415 0.000000
vt 0.644336 0.474421 0.000000
vt 0.684531 0.467113 0.000000
vt 0.682095 0.376979 0.000000
vt 0.188794 0.552375 0.000000
vt 0.194884 0.481730 0.000000
vt 0.153471 0.471985 0.000000
vt 0.148599 0.542631 0.000000
vt 0.489647 0.491474 0.000000
vt 0.489647 0.615713 0.000000
vt 0.532278 0.618149 0.000000
vt 0.577345 0.615713 0.000000
vt 0.231425 0.562119 0.000000
vt 0.271620 0.569427 0.000000
vt 0.274056 0.493910 0.000000
vt 0.237515 0.481730 0.000000
vt 0.489647 0.389160 0.000000
vt 0.431182 0.401340 0.000000
vt 0.433618 0.496346 0.000000
vt 0.723508 0.464677 0.000000
vt 0.725944 0.374543 0.000000
vt 0.436054 0.608404 0.000000
vt 0.611449 0.608404 0.000000
vt 0.606577 0.479294 0.000000
vt 0.200974 0.413520 0.000000
vt 0.158343 0.406212 0.000000
vt 0.602923 0.374543 0.000000
vt 0.646772 0.596224 0.000000
vt 0.278928 0.420828 0.000000
vt 0.242387 0.418392 0.000000
vt 0.323995 0.586480 0.000000
vt 0.376370 0.593788 0.000000
vt 0.375152 0.501218 0.000000
vt 0.326431 0.491474 0.000000
vt 0.780755 0.459805 0.000000
vt 0.783191 0.386723 0.000000
vt 0.752741 0.381851 0.000000
vt 0.747868 0.462241 0.000000
vt 0.380024 0.408648 0.000000
vt 0.808770 0.396468 0.000000
vt 0.806334 0.459805 0.000000
vt 0.327649 0.418392 0.000000
vt 0.725944 0.562119 0.000000
vt 0.684531 0.581608 0.000000
vt 0.778319 0.537759 0.000000
vt 0.806334 0.528015 0.000000
vt 0.747868 0.549939 0.000000
vt 0.840439 0.408648 0.000000
vt 0.840439 0.452497 0.000000
vt 0.870889 0.447625 0.000000
vt 0.872107 0.420828 0.000000
vt 0.838003 0.503654 0.000000
vt 0.874543 0.486602 0.000000
vt 0.118149 0.394032 0.000000
vt 0.116931 0.525578 0.000000
vt 0.924482 0.442753 0.000000
vt 0.573691 0.381851 0.000000
vt 0.532278 0.381851 0.000000
vt 0.533496 0.486602 0.000000
vt 0.573691 0.489038 0.000000
vt 0.643118 0.379415 0.000000
vt 0.644336 0.474421 0.000000
vt 0.684531 0.467113 0.000000
vt 0.682095 0.376979 0.000000
vt 0.188794 0.552375 0.000000
vt 0.194884 0.481730 0.000000
vt 0.153471 0.471985 0.000000
vt 0.148599 0.542631 0.000000
vt 0.489647 0.491474 0.000000
vt 0.489647 0.615713 0.000000
vt 0.532278 0.618149 0.000000
vt 0.577345 0.615713 0.000000
vt 0.231425 0.562119 0.000000
vt 0.271620 0.569427 0.000000
vt 0.274056 0.493910 0.000000
vt 0.237515 0.481730 0.000000
vt 0.489647 0.389160 0.000000
vt 0.431182 0.401340 0.000000
vt 0.433618 0.496346 0.000000
vt 0.723508 0.464677 0.000000
vt 0.725944 0.374543 0.000000
vt 0.436054 0.608404 0.000000
vt 0.611449 0.608404 0.000000
vt 0.606577 0.479294 0.000000
vt 0.200974 0.413520 0.000000
vt 0.158343 0.406212 0.000000
vt 0.602923 0.374543 0.000000
vt 0.646772 0.596224 0.000000
vt 0.278928 0.420828 0.000000
vt 0.242387 0.418392 0.000000
vt 0.323995 0.586480 0.000000
vt 0.376370 0.593788 0.000000
vt 0.375152 0.501218 0.000000
vt 0.326431 0.491474 0.000000
vt 0.780755 0.459805 0.000000
vt 0.783191 0.386723 0.000000
vt 0.752741 0.381851 0.000000
vt 0.747868 0.462241 0.000000
vt 0.380024 0.408648 0.000000
vt 0.808770 0.396468 0.000000
vt 0.806334 0.459805 0.000000
vt 0.327649 0.418392 0.000000
vt 0.725944 0.562119 0.000000
vt 0.684531 0.581608 0.000000
vt 0.778319 0.537759 0.000000
vt 0.806334 0.528015 0.000000
vt 0.747868 0.549939 0.000000
vt 0.840439 0.408648 0.000000
vt 0.840439 0.452497 0.000000
vt 0.870889 0.447625 0.000000
vt 0.872107 0.420828 0.000000
vt 0.838003 0.503654 0.000000
vt 0.874543 0.486602 0.000000
vt 0.118149 0.394032 0.000000
vt 0.116931 0.525578 0.000000
vt 0.924482 0.442753 0.000000
vt 0.573691 0.381851 0.000000
vt 0.532278 0.381851 0.000000
vt 0.533496 0.486602 0.000000
vt 0.573691 0.489038 0.000000
vt 0.643118 0.379415 0.000000
vt 0.644336 0.474421 0.000000
vt 0.684531 0.467113 0.000000
vt 0.682095 0.376979 0.000000
vt 0.188794 0.552375 0.000000
vt 0.194884 0.481730 0.000000
vt 0.153471 0.471985 0.000000
vt 0.148599 0.542631 0.000000
vt 0.489647 0.491474 0.000000
vt 0.489647 0.615713 0.000000
vt 0.532278 0.618149 0.000000
vt 0.577345 0.615713 0.000000
vt 0.231425 0.562119 0.000000
vt 0.271620 0.569427 0.000000
vt 0.274056 0.493910 0.000000
vt 0.237515 0.481730 0.000000
vt 0.489647 0.389160 0.000000
vt 0.431182 0.401340 0.000000
vt 0.433618 0.496346 0.000000
vt 0.723508 0.464677 0.000000
vt 0.725944 0.374543 0.000000
vt 0.436054 0.608404 0.000000
vt 0.611449 0.608404 0.000000
vt 0.606577 0.479294 0.000000
vt 0.200974 0.413520 0.000000
vt 0.158343 0.406212 0.000000
vt 0.602923 0.374543 0.000000
vt 0.646772 0.596224 0.000000
vt 0.278928 0.420828 0.000000
vt 0.242387 0.418392 0.000000
vt 0.323995 0.586480 0.000000
vt 0.376370 0.593788 0.000000
vt 0.375152 0.501218 0.000000
vt 0.326431 0.491474 0.000000
vt 0.780755 0.459805 0.000000
vt 0.783191 0.386723 0.000000
vt 0.752741 0.381851 0.000000
vt 0.747868 0.462241 0.000000
vt 0.380024 0.408648 0.000000
vt 0.808770 0.396468 0.000000
vt 0.806334 0.459805 0.000000
vt 0.327649 0.418392 0.000000
vt 0.725944 0.562119 0.000000
vt 0.684531 0.581608 0.000000
vt 0.778319 0.537759 0.000000
vt 0.806334 0.528015 0.000000
vt 0.747868 0.549939 0.000000
vt 0.840439 0.408648 0.000000
vt 0.840439 0.452497 0.000000
vt 0.870889 0.447625 0.000000
vt 0.872107 0.420828 0.000000
vt 0.838003 0.503654 0.000000
vt 0.874543 0.486602 0.000000
vt 0.118149 0.394032 0.000000
vt 0.116931 0.525578 0.000000
vt 0.924482 0.442753 0.000000
vt 0.573691 0.381851 0.000000
vt 0.573691 0.489038 0.000000
vt 0.533496 0.486602 0.000000
vt 0.532278 0.381851 0.000000
vt 0.643118 0.379415 0.000000
vt 0.682095 0.376979 0.000000
vt 0.684531 0.467113 0.000000
vt 0.644336 0.474421 0.000000
vt 0.188794 0.552375 0.000000
vt 0.148599 0.542631 0.000000
vt 0.153471 0.471985 0.000000
vt 0.194884 0.481730 0.000000
vt 0.489647 0.491474 0.000000
vt 0.532278 0.618149 0.000000
vt 0.489647 0.615713 0.000000
vt 0.577345 0.615713 0.000000
vt 0.231425 0.562119 0.000000
vt 0.237515 0.481730 0.000000
vt 0.274056 0.493910 0.000000
vt 0.271620 0.569427 0.000000
vt 0.433618 0.496346 0.000000
vt 0.431182 0.401340 0.000000
vt 0.489647 0.389160 0.000000
vt 0.723508 0.464677 0.000000
vt 0.725944 0.374543 0.000000
vt 0.436054 0.608404 0.000000
vt 0.606577 0.479294 0.000000
vt 0.611449 0.608404 0.000000
vt 0.158343 0.406212 0.000000
vt 0.200974 0.413520 0.000000
vt 0.602923 0.374543 0.000000
vt 0.646772 0.596224 0.000000
vt 0.242387 0.418392 0.000000
vt 0.278928 0.420828 0.000000
vt 0.323995 0.586480 0.000000
vt 0.326431 0.491474 0.000000
vt 0.375152 0.501218 0.000000
vt 0.376370 0.593788 0.000000
vt 0.780755 0.459805 0.000000
vt 0.747868 0.462241 0.000000
vt 0.752741 0.381851 0.000000
vt 0.783191 0.386723 0.000000
vt 0.380024 0.408648 0.000000
vt 0.808770 0.396468 0.000000
vt 0.806334 0.459805 0.000000
vt 0.327649 0.418392 0.000000
vt 0.725944 0.562119 0.000000
vt 0.684531 0.581608 0.000000
vt 0.806334 0.528015 0.000000
vt 0.778319 0.537759 0.000000
vt 0.747868 0.549939 0.000000
vt 0.840439 0.408648 0.000000
vt 0.872107 0.420828 0.000000
vt 0.870889 0.447625 0.000000
vt 0.840439 0.452497 0.000000
vt 0.874543 0.486602 0.000000
vt 0.838003 0.503654 0.000000
vt 0.118149 0.394032 0.000000
vt 0.116931 0.525578 0.000000
vt 0.924482 0.442753 0.000000
vt 0.573691 0.381851 0.000000
vt 0.532278 0.381851 0.000000
vt 0.533496 0.486602 0.000000
vt 0.573691 0.489038 0.000000
vt 0.643118 0.379415 0.000000
vt 0.644336 0.474421 0.000000
vt 0.684531 0.467113 0.000000
vt 0.682095 0.376979 0.000000
vt 0.188794 0.552375 0.000000
vt 0.194884 0.481730 0.000000
vt 0.153471 0.471985 0.000000
vt 0.148599 0.542631 0.000000
vt 0.489647 0.491474 0.000000
vt 0.489647 0.615713 0.000000
vt 0.532278 0.618149 0.000000
vt 0.577345 0.615713 0.000000
vt 0.231425 0.562119 0.000000
vt 0.271620 0.569427 0.000000
vt 0.274056 0.493910 0.000000
vt 0.237515 0.481730 0.000000
vt 0.489647 0.389160 0.000000
vt 0.431182 0.401340 0.000000
vt 0.433618 0.496346 0.000000
vt 0.723508 0.464677 0.000000
vt 0.725944 0.374543 0.000000
vt 0.436054 0.608404 0.000000
vt 0.611449 0.608404 0.000000
vt 0.606577 0.479294 0.000000
vt 0.200974 0.413520 0.000000
vt 0.158343 0.406212 0.000000
vt 0.602923 0.374543 0.000000
vt 0.646772 0.596224 0.000000
vt 0.278928 0.420828 0.000000
vt 0.242387 0.418392 0.000000
vt 0.323995 0.586480 0.000000
vt 0.376370 0.593788 0.000000
vt 0.375152 0.501218 0.000000
vt 0.326431 0.491474 0.000000
vt 0.780755 0.459805 0.000000
vt 0.783191 0.386723 0.000000
vt 0.752741 0.381851 0.000000
vt 0.747868 0.462241 0.000000
vt 0.380024 0.408648 0.000000
vt 0.808770 0.396468 0.000000
vt 0.806334 0.459805 0.000000
vt 0.327649 0.418392 0.000000
vt 0.725944 0.562119 0.000000
vt 0.684531 0.581608 0.000000
vt 0.778319 0.537759 0.000000
vt 0.806334 0.528015 0.000000
vt 0.747868 0.549939 0.000000
vt 0.840439 0.408648 0.000000
vt 0.840439 0.452497 0.000000
vt 0.870889 0.447625 0.000000
vt 0.872107 0.420828 0.000000
vt 0.838003 0.503654 0.000000
vt 0.874543 0.486602 0.000000
vt 0.118149 0.394032 0.000000
vt 0.116931 0.525578 0.000000
vt 0.924482 0.442753 0.000000
vt 0.573691 0.381851 0.000000
vt 0.532278 0.381851 0.000000
vt 0.533496 0.486602 0.000000
vt 0.573691 0.489038 0.000000
vt 0.643118 0.379415 0.000000
vt 0.644336 0.474421 0.000000
vt 0.684531 0.467113 0.000000
vt 0.682095 0.376979 0.000000
vt 0.188794 0.552375 0.000000
vt 0.194884 0.481730 0.000000
vt 0.153471 0.471985 0.000000
vt 0.148599 0.542631 0.000000
vt 0.489647 0.491474 0.000000
vt 0.489647 0.615713 0.000000
vt 0.532278 0.618149 0.000000
vt 0.577345 0.615713 0.000000
vt 0.231425 0.562119 0.000000
vt 0.271620 0.569427 0.000000
vt 0.274056 0.493910 0.000000
vt 0.237515 0.481730 0.000000
vt 0.489647 0.389160 0.000000
vt 0.431182 0.401340 0.000000
vt 0.433618 0.496346 0.000000
vt 0.723508 0.464677 0.000000
vt 0.725944 0.374543 0.000000
vt 0.436054 0.608404 0.000000
vt 0.611449 0.608404 0.000000
vt 0.606577 0.479294 0.000000
vt 0.200974 0.413520 0.000000
vt 0.158343 0.406212 0.000000
vt 0.602923 0.374543 0.000000
vt 0.646772 0.596224 0.000000
vt 0.278928 0.420828 0.000000
vt 0.242387 0.418392 0.000000
vt 0.323995 0.586480 0.000000
vt 0.376370 0.593788 0.000000
vt 0.375152 0.501218 0.000000
vt 0.326431 0.491474 0.000000
vt 0.780755 0.459805 0.000000
vt 0.783191 0.386723 0.000000
vt 0.752741 0.381851 0.000000
vt 0.747868 0.462241 0.000000
vt 0.380024 0.408648 0.000000
vt 0.808770 0.396468 0.000000
vt 0.806334 0.459805 0.000000
vt 0.327649 0.418392 0.000000
vt 0.725944 0.562119 0.000000
vt 0.684531 0.581608 0.000000
vt 0.778319 0.537759 0.000000
vt 0.806334 0.528015 0.000000
vt 0.747868 0.549939 0.000000
vt 0.840439 0.408648 0.000000
vt 0.840439 0.452497 0.000000
vt 0.870889 0.447625 0.000000
vt 0.872107 0.420828 0.000000
vt 0.838003 0.503654 0.000000
vt 0.874543 0.486602 0.000000
vt 0.118149 0.394032 0.000000
vt 0.116931 0.525578 0.000000
vt 0.924482 0.442753 0.000000
vt 0.573691 0.381851 0.000000
vt 0.573691 0.489038 0.000000
vt 0.533496 0.486602 0.000000
vt 0.532278 0.381851 0.000000
vt 0.643118 0.379415 0.000000
vt 0.682095 0.376979 0.000000
vt 0.684531 0.467113 0.000000
vt 0.644336 0.474421 0.000000
vt 0.188794 0.552375 0.000000
vt 0.148599 0.542631 0.000000
vt 0.153471 0.471985 0.000000
vt 0.194884 0.481730 0.000000
vt 0.489647 0.491474 0.000000
vt 0.532278 0.618149 0.000000
vt 0.489647 0.615713 0.000000
vt 0.577345 0.615713 0.000000
vt 0.231425 0.562119 0.000000
vt 0.237515 0.481730 0.000000
vt 0.274056 0.493910 0.000000
vt 0.271620 0.569427 0.000000
vt 0.433618 0.496346 0.000000
vt 0.431182 0.401340 0.000000
vt 0.489647 0.389160 0.000000
vt 0.723508 0.464677 0.000000
vt 0.725944 0.374543 0.000000
vt 0.436054 0.608404 0.000000
vt 0.606577 0.479294 0.000000
vt 0.611449 0.608404 0.000000
vt 0.158343 0.406212 0.000000
vt 0.200974 0.413520 0.000000
vt 0.602923 0.374543 0.000000
vt 0.646772 0.596224 0.000000
vt 0.242387 0.418392 0.000000
vt 0.278928 0.420828 0.000000
vt 0.323995 0.586480 0.000000
vt 0.326431 0.491474 0.000000
vt 0.375152 0.501218 0.000000
vt 0.376370 0.593788 0.000000
vt 0.780755 0.459805 0.000000
vt 0.747868 0.462241 0.000000
vt 0.752741 0.381851 0.000000
vt 0.783191 0.386723 0.000000
vt 0.380024 0.408648 0.000000
vt 0.808770 0.396468 0.000000
vt 0.806334 0.459805 0.000000
vt 0.327649 0.418392 0.000000
vt 0.725944 0.562119 0.000000
vt 0.684531 0.581608 0.000000
vt 0.806334 0.528015 0.000000
vt 0.778319 0.537759 0.000000
vt 0.747868 0.549939 0.000000
vt 0.840439 0.408648 0.000000
vt 0.872107 0.420828 0.000000
vt 0.870889 0.447625 0.000000
vt 0.840439 0.452497 0.000000
vt 0.874543 0.486602 0.000000
vt 0.838003 0.503654 0.000000
vt 0.118149 0.394032 0.000000
vt 0.116931 0.525578 0.000000
vt 0.924482 0.442753 0.000000
vt 0.573691 0.381851 0.000000
vt 0.573691 0.489038 0.000000
vt 0.533496 0.486602 0.000000
vt 0.532278 0.381851 0.000000
vt 0.643118 0.379415 0.000000
vt 0.682095 0.376979 0.000000
vt 0.684531 0.467113 0.000000
vt 0.644336 0.474421 0.000000
vt 0.188794 0.552375 0.000000
vt 0.148599 0.542631 0.000000
vt 0.153471 0.471985 0.000000
vt 0.194884 0.481730 0.000000
vt 0.489647 0.491474 0.000000
vt 0.532278 0.618149 0.000000
vt 0.489647 0.615713 0.000000
vt 0.577345 0.615713 0.000000
vt 0.231425 0.562119 0.000000
vt 0.237515 0.481730 0.000000
vt 0.274056 0.493910 0.000000
vt 0.271620 0.569427 0.000000
vt 0.433618 0.496346 0.000000
vt 0.431182 0.401340 0.000000
vt 0.489647 0.389160 0.000000
vt 0.723508 0.464677 0.000000
vt 0.725944 0.374543 0.000000
vt 0.436054 0.608404 0.000000
vt 0.606577 0.479294 0.000000
vt 0.611449 0.608404 0.000000
vt 0.158343 0.406212 0.000000
vt 0.200974 0.413520 0.000000
vt 0.602923 0.374543 0.000000
vt 0.646772 0.596224 0.000000
vt 0.242387 0.418392 0.000000
vt 0.278928 0.420828 0.000000
vt 0.323995 0.586480 0.000000
vt 0.326431 0.491474 0.000000
vt 0.375152 0.501218 0.000000
vt 0.376370 0.593788 0.000000
vt 0.780755 0.459805 0.000000
vt 0.747868 0.462241 0.000000
vt 0.752741 0.381851 0.000000
vt 0.783191 0.386723 0.000000
vt 0.380024 0.408648 0.000000
vt 0.808770 0.396468 0.000000
vt 0.806334 0.459805 0.000000
vt 0.327649 0.418392 0.000000
vt 0.725944 0.562119 0.000000
vt 0.684531 0.581608 0.000000
vt 0.806334 0.528015 0.000000
vt 0.778319 0.537759 0.000000
vt 0.747868 0.549939 0.000000
vt 0.840439 0.408648 0.000000
vt 0.872107 0.420828 0.000000
vt 0.870889 0.447625 0.000000
vt 0.840439 0.452497 0.000000
vt 0.874543 0.486602 0.000000
vt 0.838003 0.503654 0.000000
vt 0.118149 0.394032 0.000000
vt 0.116931 0.525578 0.000000
vt 0.924482 0.442753 0.000000
vt 0.573691 0.381851 0.000000
vt 0.573691 0.489038 0.000000
vt 0.533496 0.486602 0.000000
vt 0.532278 0.381851 0.000000
vt 0.643118 0.379415 0.000000
vt 0.682095 0.376979 0.000000
vt 0.684531 0.467113 0.000000
vt 0.644336 0.474421 0.000000
vt 0.188794 0.552375 0.000000
vt 0.148599 0.542631 0.000000
vt 0.153471 0.471985 0.000000
vt 0.194884 0.481730 0.000000
vt 0.489647 0.491474 0.000000
vt 0.532278 0.618149 0.000000
vt 0.489647 0.615713 0.000000
vt 0.577345 0.615713 0.000000
vt 0.231425 0.562119 0.000000
vt 0.237515 0.481730 0.000000
vt 0.274056 0.493910 0.000000
vt 0.271620 0.569427 0.000000
vt 0.433618 0.496346 0.000000
vt 0.431182 0.401340 0.000000
vt 0.489647 0.389160 0.000000
vt 0.723508 0.464677 0.000000
vt 0.725944 0.374543 0.000000
vt 0.436054 0.608404 0.000000
vt 0.606577 0.479294 0.000000
vt 0.611449 0.608404 0.000000
vt 0.158343 0.406212 0.000000
vt 0.200974 0.413520 0.000000
vt 0.602923 0.374543 0.000000
vt 0.646772 0.596224 0.000000
vt 0.242387 0.418392 0.000000
vt 0.278928 0.420828 0.000000
vt 0.323995 0.586480 0.000000
vt 0.326431 0.491474 0.000000
vt 0.375152 0.501218 0.000000
vt 0.376370 0.593788 0.000000
vt 0.780755 0.459805 0.000000
vt 0.747868 0.462241 0.000000
vt 0.752741 0.381851 0.000000
vt 0.783191 0.386723 0.000000
vt 0.380024 0.408648 0.000000
vt 0.808770 0.396468 0.000000
vt 0.806334 0.459805 0.000000
vt 0.327649 0.418392 0.000000
vt 0.725944 0.562119 0.000000
vt 0.684531 0.581608 0.000000
vt 0.806334 0.528015 0.000000
vt 0.778319 0.537759 0.000000
vt 0.747868 0.549939 0.000000
vt 0.840439 0.408648 0.000000
vt 0.872107 0.420828 0.000000
vt 0.870889 0.447625 0.000000
vt 0.840439 0.452497 0.000000
vt 0.874543 0.486602 0.000000
vt 0.838003 0.503654 0.000000
vt 0.118149 0.394032 0.000000
vt 0.116931 0.525578 0.000000
vt 0.924482 0.442753 0.000000
vt 0.573691 0.381851 0.000000
vt 0.532278 0.381851 0.000000
vt 0.533496 0.486602 0.000000
vt 0.573691 0.489038 0.000000
vt 0.643118 0.379415 0.000000
vt 0.644336 0.474421 0.000000
vt 0.684531 0.467113 0.000000
vt 0.682095 0.376979 0.000000
vt 0.188794 0.552375 0.000000
vt 0.194884 0.481730 0.000000
vt 0.153471 0.471985 0.000000
vt 0.148599 0.542631 0.000000
vt 0.489647 0.491474 0.000000
vt 0.489647 0.615713 0.000000
vt 0.532278 0.618149 0.000000
vt 0.577345 0.615713 0.000000
vt 0.231425 0.562119 0.000000
vt 0.271620 0.569427 0.000000
vt 0.274056 0.493910 0.000000
vt 0.237515 0.481730 0.000000
vt 0.489647 0.389160 0.000000
vt 0.431182 0.401340 0.000000
vt 0.433618 0.496346 0.000000
vt 0.723508 0.464677 0.000000
vt 0.725944 0.374543 0.000000
vt 0.436054 0.608404 0.000000
vt 0.611449 0.608404 0.000000
vt 0.606577 0.479294 0.000000
vt 0.200974 0.413520 0.000000
vt 0.158343 0.406212 0.000000
vt 0.602923 0.374543 0.000000
vt 0.646772 0.596224 0.000000
vt 0.278928 0.420828 0.000000
vt 0.242387 0.418392 0.000000
vt 0.323995 0.586480 0.000000
vt 0.376370 0.593788 0.000000
vt 0.375152 0.501218 0.000000
vt 0.326431 0.491474 0.000000
vt 0.780755 0.459805 0.000000
vt 0.783191 0.386723 0.000000
vt 0.752741 0.381851 0.000000
vt 0.747868 0.462241 0.000000
vt 0.380024 0.408648 0.000000
vt 0.808770 0.396468 0.000000
vt 0.806334 0.459805 0.000000
vt 0.327649 0.418392 0.000000
vt 0.725944 0.562119 0.000000
vt 0.684531 0.581608 0.000000
vt 0.778319 0.537759 0.000000
vt 0.806334 0.528015 0.000000
vt 0.747868 0.549939 0.000000
vt 0.840439 0.408648 0.000000
vt 0.840439 0.452497 0.000000
vt 0.870889 0.447625 0.000000
vt 0.872107 0.420828 0.000000
vt 0.838003 0.503654 0.000000
vt 0.874543 0.486602 0.000000
vt 0.118149 0.394032 0.000000
vt 0.116931 0.525578 0.000000
vt 0.924482 0.442753 0.000000
vt 0.573691 0.381851 0.000000
vt 0.532278 0.381851 0.000000
vt 0.533496 0.486602 0.000000
vt 0.573691 0.489038 0.000000
vt 0.643118 0.379415 0.000000
vt 0.644336 0.474421 0.000000
vt 0.684531 0.467113 0.000000
vt 0.682095 0.376979 0.000000
vt 0.188794 0.552375 0.000000
vt 0.194884 0.481730 0.000000
vt 0.153471 0.471985 0.000000
vt 0.148599 0.542631 0.000000
vt 0.489647 0.491474 0.000000
vt 0.489647 0.615713 0.000000
vt 0.532278 0.618149 0.000000
vt 0.577345 0.615713 0.000000
vt 0.231425 0.562119 0.000000
vt 0.271620 0.569427 0.000000
vt 0.274056 0.493910 0.000000
vt 0.237515 0.481730 0.000000
vt 0.489647 0.389160 0.000000
vt 0.431182 0.401340 0.000000
vt 0.433618 0.496346 0.000000
vt 0.723508 0.464677 0.000000
vt 0.725944 0.374543 0.000000
vt 0.436054 0.608404 0.000000
vt 0.611449 0.608404 0.000000
vt 0.606577 0.479294 0.000000
vt 0.200974 0.413520 0.000000
vt 0.158343 0.406212 0.000000
vt 0.602923 0.374543 0.000000
vt 0.646772 0.596224 0.000000
vt 0.278928 0.420828 0.000000
vt 0.242387 0.418392 0.000000
vt 0.323995 0.586480 0.000000
vt 0.376370 0.593788 0.000000
vt 0.375152 0.501218 0.000000
vt 0.326431 0.491474 0.000000
vt 0.780755 0.459805 0.000000
vt 0.783191 0.386723 0.000000
vt 0.752741 0.381851 0.000000
vt 0.747868 0.462241 0.000000
vt 0.380024 0.408648 0.000000
vt 0.808770 0.396468 0.000000
vt 0.806334 0.459805 0.000000
vt 0.327649 0.418392 0.000000
vt 0.725944 0.562119 0.000000
vt 0.684531 0.581608 0.000000
vt 0.778319 0.537759 0.000000
vt 0.806334 0.528015 0.000000
vt 0.747868 0.549939 0.000000
vt 0.840439 0.408648 0.000000
vt 0.840439 0.452497 0.000000
vt 0.870889 0.447625 0.000000
vt 0.872107 0.420828 0.000000
vt 0.838003 0.503654 0.000000
vt 0.874543 0.486602 0.000000
vt 0.118149 0.394032 0.000000
vt 0.116931 0.525578 0.000000
vt 0.924482 0.442753 0.000000
vt 0.573691 0.381851 0.000000
vt 0.532278 0.381851 0.000000
vt 0.533496 0.486602 0.000000
vt 0.573691 0.489038 0.000000
vt 0.643118 0.379415 0.000000
vt 0.644336 0.474421 0.000000
vt 0.684531 0.467113 0.000000
vt 0.682095 0.376979 0.000000
vt 0.188794 0.552375 0.000000
vt 0.194884 0.481730 0.000000
vt 0.153471 0.471985 0.000000
vt 0.148599 0.542631 0.000000
vt 0.489647 0.491474 0.000000
vt 0.489647 0.615713 0.000000
vt 0.532278 0.618149 0.000000
vt 0.577345 0.615713 0.000000
vt 0.231425 0.562119 0.000000
vt 0.271620 0.569427 0.000000
vt 0.274056 0.493910 0.000000
vt 0.237515 0.481730 0.000000
vt 0.489647 0.389160 0.000000
vt 0.431182 0.401340 0.000000
vt 0.433618 0.496346 0.000000
vt 0.723508 0.464677 0.000000
vt 0.725944 0.374543 0.000000
vt 0.436054 0.608404 0.000000
vt 0.611449 0.608404 0.000000
vt 0.606577 0.479294 0.000000
vt 0.200974 0.413520 0.000000
vt 0.158343 0.406212 0.000000
vt 0.602923 0.374543 0.000000
vt 0.646772 0.596224 0.000000
vt 0.278928 0.420828 0.000000
vt 0.242387 0.418392 0.000000
vt 0.323995 0.586480 0.000000
vt 0.376370 0.593788 0.000000
vt 0.375152 0.501218 0.000000
vt 0.326431 0.491474 0.000000
vt 0.780755 0.459805 0.000000
vt 0.783191 0.386723 0.000000
vt 0.752741 0.381851 0.000000
vt 0.747868 0.462241 0.000000
vt 0.380024 0.408648 0.000000
vt 0.808770 0.396468 0.000000
vt 0.806334 0.459805 0.000000
vt 0.327649 0.418392 0.000000
vt 0.725944 0.562119 0.000000
vt 0.684531 0.581608 0.000000
vt 0.778319 0.537759 0.000000
vt 0.806334 0.528015 0.000000
vt 0.747868 0.549939 0.000000
vt 0.840439 0.408648 0.000000
vt 0.840439 0.452497 0.000000
vt 0.870889 0.447625 0.000000
vt 0.872107 0.420828 0.000000
vt 0.838003 0.503654 0.000000
vt 0.874543 0.486602 0.000000
vt 0.118149 0.394032 0.000000
vt 0.116931 0.525578 0.000000
vt 0.924482 0.442753 0.000000
vt 0.573691 0.381851 0.000000
vt 0.532278 0.381851 0.000000
vt 0.533496 0.486602 0.000000
vt 0.573691 0.489038 0.000000
vt 0.643118 0.379415 0.000000
vt 0.644336 0.474421 0.000000
vt 0.684531 0.467113 0.000000
vt 0.682095 0.376979 0.000000
vt 0.188794 0.552375 0.000000
vt 0.194884 0.481730 0.000000
vt 0.153471 0.471985 0.000000
vt 0.148599 0.542631 0.000000
vt 0.489647 0.491474 0.000000
vt 0.489647 0.615713 0.000000
vt 0.532278 0.618149 0.000000
vt 0.577345 0.615713 0.000000
vt 0.231425 0.562119 0.000000
vt 0.271620 0.569427 0.000000
vt 0.274056 0.493910 0.000000
vt 0.237515 0.481730 0.000000
vt 0.489647 0.389160 0.000000
vt 0.431182 0.401340 0.000000
vt 0.433618 0.496346 0.000000
vt 0.723508 0.464677 0.000000
vt 0.725944 0.374543 0.000000
vt 0.436054 0.608404 0.000000
vt 0.611449 0.608404 0.000000
vt 0.606577 0.479294 0.000000
vt 0.200974 0.413520 0.000000
vt 0.158343 0.406212 0.000000
vt 0.602923 0.374543 0.000000
vt 0.646772 0.596224 0.000000
vt 0.278928 0.420828 0.000000
vt 0.242387 0.418392 0.000000
vt 0.323995 0.586480 0.000000
vt 0.376370 0.593788 0.000000
vt 0.375152 0.501218 0.000000
vt 0.326431 0.491474 0.000000
vt 0.780755 0.459805 0.000000
vt 0.783191 0.386723 0.000000
vt 0.752741 0.381851 0.000000
vt 0.747868 0.462241 0.000000
vt 0.380024 0.408648 0.000000
vt 0.808770 0.396468 0.000000
vt 0.806334 0.459805 0.000000
vt 0.327649 0.418392 0.000000
vt 0.725944 0.562119 0.000000
vt 0.684531 0.581608 0.000000
vt 0.778319 0.537759 0.000000
vt 0.806334 0.528015 0.000000
vt 0.747868 0.549939 0.000000
vt 0.840439 0.408648 0.000000
vt 0.840439 0.452497 0.000000
vt 0.870889 0.447625 0.000000
vt 0.872107 0.420828 0.000000
vt 0.838003 0.503654 0.000000
vt 0.874543 0.486602 0.000000
vt 0.118149 0.394032 0.000000
vt 0.116931 0.525578 0.000000
vt 0.924482 0.442753 0.000000
vt 0.573691 0.381851 0.000000
vt 0.532278 0.381851 0.000000
vt 0.533496 0.486602 0.000000
vt 0.573691 0.489038 0.000000
vt 0.643118 0.379415 0.000000
vt 0.644336 0.474421 0.000000
vt 0.684531 0.467113 0.000000
vt 0.682095 0.376979 0.000000
vt 0.188794 0.552375 0.000000
vt 0.194884 0.481730 0.000000
vt 0.153471 0.471985 0.000000
vt 0.148599 0.542631 0.000000
vt 0.489647 0.491474 0.000000
vt 0.489647 0.615713 0.000000
vt 0.532278 0.618149 0.000000
vt 0.577345 0.615713 0.000000
vt 0.231425 0.562119 0.000000
vt 0.271620 0.569427 0.000000
vt 0.274056 0.493910 0.000000
vt 0.237515 0.481730 0.000000
vt 0.489647 0.389160 0.000000
vt 0.431182 0.401340 0.000000
vt 0.433618 0.496346 0.000000
vt 0.723508 0.464677 0.000000
vt 0.725944 0.374543 0.000000
vt 0.436054 0.608404 0.000000
vt 0.611449 0.608404 0.000000
vt 0.606577 0.479294 0.000000
vt 0.200974 0.413520 0.000000
vt 0.158343 0.406212 0.000000
vt 0.602923 0.374543 0.000000
vt 0.646772 0.596224 0.000000
vt 0.278928 0.420828 0.000000
vt 0.242387 0.418392 0.000000
vt 0.323995 0.586480 0.000000
vt 0.376370 0.593788 0.000000
vt 0.375152 0.501218 0.000000
vt 0.326431 0.491474 0.000000
vt 0.780755 0.459805 0.000000
vt 0.783191 0.386723 0.000000
vt 0.752741 0.381851 0.000000
vt 0.747868 0.462241 0.000000
vt 0.380024 0.408648 0.000000
vt 0.808770 0.396468 0.000000
vt 0.806334 0.459805 0.000000
vt 0.327649 0.418392 0.000000
vt 0.725944 0.562119 0.000000
vt 0.684531 0.581608 0.000000
vt 0.778319 0.537759 0.000000
vt 0.806334 0.528015 0.000000
vt 0.747868 0.549939 0.000000
vt 0.840439 0.408648 0.000000
vt 0.840439 0.452497 0.000000
vt 0.870889 0.447625 0.000000
vt 0.872107 0.420828 0.000000
vt 0.838003 0.503654 0.000000
vt 0.874543 0.486602 0.000000
vt 0.118149 0.394032 0.000000
vt 0.116931 0.525578 0.000000
vt 0.924482 0.442753 0.000000
vt 0.573691 0.381851 0.000000
vt 0.532278 0.381851 0.000000
vt 0.533496 0.486602 0.000000
vt 0.573691 0.489038 0.000000
vt 0.643118 0.379415 0.000000
vt 0.644336 0.474421 0.000000
vt 0.684531 0.467113 0.000000
vt 0.682095 0.376979 0.000000
vt 0.188794 0.552375 0.000000
vt 0.194884 0.481730 0.000000
vt 0.153471 0.471985 0.000000
vt 0.148599 0.542631 0.000000
vt 0.489647 0.491474 0.000000
vt 0.489647 0.615713 0.000000
vt 0.532278 0.618149 0.000000
vt 0.577345 0.615713 0.000000
vt 0.231425 0.562119 0.000000
vt 0.271620 0.569427 0.000000
vt 0.274056 0.493910 0.000000
vt 0.237515 0.481730 0.000000
vt 0.489647 0.389160 0.000000
vt 0.431182 0.401340 0.000000
vt 0.433618 0.496346 0.000000
vt 0.723508 0.464677 0.000000
vt 0.725944 0.374543 0.000000
vt 0.436054 0.608404 0.000000
vt 0.611449 0.608404 0.000000
vt 0.606577 0.479294 0.000000
vt 0.200974 0.413520 0.000000
vt 0.158343 0.406212 0.000000
vt 0.602923 0.374543 0.000000
vt 0.646772 0.596224 0.000000
vt 0.278928 0.420828 0.000000
vt 0.242387 0.418392 0.000000
vt 0.323995 0.586480 0.000000
vt 0.376370 0.593788 0.000000
vt 0.375152 0.501218 0.000000
vt 0.326431 0.491474 0.000000
vt 0.780755 0.459805 0.000000
vt 0.783191 0.386723 0.000000
vt 0.752741 0.381851 0.000000
vt 0.747868 0.462241 0.000000
vt 0.380024 0.408648 0.000000
vt 0.808770 0.396468 0.000000
vt 0.806334 0.459805 0.000000
vt 0.327649 0.418392 0.000000
vt 0.725944 0.562119 0.000000
vt 0.684531 0.581608 0.000000
vt 0.778319 0.537759 0.000000
vt 0.806334 0.528015 0.000000
vt 0.747868 0.549939 0.000000
vt 0.840439 0.408648 0.000000
vt 0.840439 0.452497 0.000000
vt 0.870889 0.447625 0.000000
vt 0.872107 0.420828 0.000000
vt 0.838003 0.503654 0.000000
vt 0.874543 0.486602 0.000000
vt 0.118149 0.394032 0.000000
vt 0.116931 0.525578 0.000000
vt 0.924482 0.442753 0.000000
vt 0.573691 0.381851 0.000000
vt 0.573691 0.489038 0.000000
vt 0.533496 0.486602 0.000000
vt 0.532278 0.381851 0.000000
vt 0.643118 0.379415 0.000000
vt 0.682095 0.376979 0.000000
vt 0.684531 0.467113 0.000000
vt 0.644336 0.474421 0.000000
vt 0.188794 0.552375 0.000000
vt 0.148599 0.542631 0.000000
vt 0.153471 0.471985 0.000000
vt 0.194884 0.481730 0.000000
vt 0.489647 0.491474 0.000000
vt 0.532278 0.618149 0.000000
vt 0.489647 0.615713 0.000000
vt 0.577345 0.615713 0.000000
vt 0.231425 0.562119 0.000000
vt 0.237515 0.481730 0.000000
vt 0.274056 0.493910 0.000000
vt 0.271620 0.569427 0.000000
vt 0.433618 0.496346 0.000000
vt 0.431182 0.401340 0.000000
vt 0.489647 0.389160 0.000000
vt 0.723508 0.464677 0.000000
vt 0.725944 0.374543 0.000000
vt 0.436054 0.608404 0.000000
vt 0.606577 0.479294 0.000000
vt 0.611449 0.608404 0.000000
vt 0.158343 0.406212 0.000000
vt 0.200974 0.413520 0.000000
vt 0.602923 0.374543 0.000000
vt 0.646772 0.596224 0.000000
vt 0.242387 0.418392 0.000000
vt 0.278928 0.420828 0.000000
vt 0.323995 0.586480 0.000000
vt 0.326431 0.491474 0.000000
vt 0.375152 0.501218 0.000000
vt 0.376370 0.593788 0.000000
vt 0.780755 0.459805 0.000000
vt 0.747868 0.462241 0.000000
vt 0.752741 0.381851 0.000000
vt 0.783191 0.386723 0.000000
vt 0.380024 0.408648 0.000000
vt 0.808770 0.396468 0.000000
vt 0.806334 0.459805 0.000000
vt 0.327649 0.418392 0.000000
vt 0.725944 0.562119 0.000000
vt 0.684531 0.581608 0.000000
vt 0.806334 0.528015 0.000000
vt 0.778319 0.537759 0.000000
vt 0.747868 0.549939 0.000000
vt 0.840439 0.408648 0.000000
vt 0.872107 0.420828 0.000000
vt 0.870889 0.447625 0.000000
vt 0.840439 0.452497 0.000000
vt 0.874543 0.486602 0.000000
vt 0.838003 0.503654 0.000000
vt 0.118149 0.394032 0.000000
vt 0.116931 0.525578 0.000000
vt 0.924482 0.442753 0.000000
vt 0.573691 0.381851 0.000000
vt 0.532278 0.381851 0.000000
vt 0.533496 0.486602 0.000000
vt 0.573691 0.489038 0.000000
vt 0.643118 0.379415 0.000000
vt 0.644336 0.474421 0.000000
vt 0.684531 0.467113 0.000000
vt 0.682095 0.376979 0.000000
vt 0.188794 0.552375 0.000000
vt 0.194884 0.481730 0.000000
vt 0.153471 0.471985 0.000000
vt 0.148599 0.542631 0.000000
vt 0.489647 0.491474 0.000000
vt 0.489647 0.615713 0.000000
vt 0.532278 0.618149 0.000000
vt 0.577345 0.615713 0.000000
vt 0.231425 0.562119 0.000000
vt 0.271620 0.569427 0.000000
vt 0.274056 0.493910 0.000000
vt 0.237515 0.481730 0.000000
vt 0.489647 0.389160 0.000000
vt 0.431182 0.401340 0.000000
vt 0.433618 0.496346 0.000000
vt 0.723508 0.464677 0.000000
vt 0.725944 0.374543 0.000000
vt 0.436054 0.608404 0.000000
vt 0.611449 0.608404 0.000000
vt 0.606577 0.479294 0.000000
vt 0.200974 0.413520 0.000000
vt 0.158343 0.406212 0.000000
vt 0.602923 0.374543 0.000000
vt 0.646772 0.596224 0.000000
vt 0.278928 0.420828 0.000000
vt 0.242387 0.418392 0.000000
vt 0.323995 0.586480 0.000000
vt 0.376370 0.593788 0.000000
vt 0.375152 0.501218 0.000000
vt 0.326431 0.491474 0.000000
vt 0.780755 0.459805 0.000000
vt 0.783191 0.386723 0.000000
vt 0.752741 0.381851 0.000000
vt 0.747868 0.462241 0.000000
vt 0.380024 0.408648 0.000000
vt 0.808770 0.396468 0.000000
vt 0.806334 0.459805 0.000000
vt 0.327649 0.418392 0.000000
vt 0.725944 0.562119 0.000000
vt 0.684531 0.581608 0.000000
vt 0.778319 0.537759 0.000000
vt 0.806334 0.528015 0.000000
vt 0.747868 0.549939 0.000000
vt 0.840439 0.408648 0.000000
vt 0.840439 0.452497 0.000000
vt 0.870889 0.447625 0.000000
vt 0.872107 0.420828 0.000000
vt 0.838003 0.503654 0.000000
vt 0.874543 0.486602 0.000000
vt 0.118149 0.394032 0.000000
vt 0.116931 0.525578 0.000000
vt 0.924482 0.442753 0.000000
vt 0.573691 0.381851 0.000000
vt 0.573691 0.489038 0.000000
vt 0.533496 0.486602 0.000000
vt 0.532278 0.381851 0.000000
vt 0.643118 0.379415 0.000000
vt 0.682095 0.376979 0.000000
vt 0.684531 0.467113 0.000000
vt 0.644336 0.474421 0.000000
vt 0.188794 0.552375 0.000000
vt 0.148599 0.542631 0.000000
vt 0.153471 0.471985 0.000000
vt 0.194884 0.481730 0.000000
vt 0.489647 0.491474 0.000000
vt 0.532278 0.618149 0.000000
vt 0.489647 0.615713 0.000000
vt 0.577345 0.615713 0.000000
vt 0.231425 0.562119 0.000000
vt 0.237515 0.481730 0.000000
vt 0.274056 0.493910 0.000000
vt 0.271620 0.569427 0.000000
vt 0.433618 0.496346 0.000000
vt 0.431182 0.401340 0.000000
vt 0.489647 0.389160 0.000000
vt 0.723508 0.464677 0.000000
vt 0.725944 0.374543 0.000000
vt 0.436054 0.608404 0.000000
vt 0.606577 0.479294 0.000000
vt 0.611449 0.608404 0.000000
vt 0.158343 0.406212 0.000000
vt 0.200974 0.413520 0.000000
vt 0.602923 0.374543 0.000000
vt 0.646772 0.596224 0.000000
vt 0.242387 0.418392 0.000000
vt 0.278928 0.420828 0.000000
vt 0.323995 0.586480 0.000000
vt 0.326431 0.491474 0.000000
vt 0.375152 0.501218 0.000000
vt 0.376370 0.593788 0.000000
vt 0.780755 0.459805 0.000000
vt 0.747868 0.462241 0.000000
vt 0.752741 0.381851 0.000000
vt 0.783191 0.386723 0.000000
vt 0.380024 0.408648 0.000000
vt 0.808770 0.396468 0.000000
vt 0.806334 0.459805 0.000000
vt 0.327649 0.418392 0.000000
vt 0.725944 0.562119 0.000000
vt 0.684531 0.581608 0.000000
vt 0.806334 0.528015 0.000000
vt 0.778319 0.537759 0.000000
vt 0.747868 0.549939 0.000000
vt 0.840439 0.408648 0.000000
vt 0.872107 0.420828 0.000000
vt 0.870889 0.447625 0.000000
vt 0.840439 0.452497 0.000000
vt 0.874543 0.486602 0.000000
vt 0.838003 0.503654 0.000000
vt 0.118149 0.394032 0.000000
vt 0.116931 0.525578 0.000000
vt 0.924482 0.442753 0.000000
vt 0.573691 0.381851 0.000000
vt 0.573691 0.489038 0.000000
vt 0.533496 0.486602 0.000000
vt 0.532278 0.381851 0.000000
vt 0.643118 0.379415 0.000000
vt 0.682095 0.376979 0.000000
vt 0.684531 0.467113 0.000000
vt 0.644336 0.474421 0.000000
vt 0.188794 0.552375 0.000000
vt 0.148599 0.542631 0.000000
vt 0.153471 0.471985 0.000000
vt 0.194884 0.481730 0.000000
vt 0.489647 0.491474 0.000000
vt 0.532278 0.618149 0.000000
vt 0.489647 0.615713 0.000000
vt 0.577345 0.615713 0.000000
vt 0.231425 0.562119 0.000000
vt 0.237515 0.481730 0.000000
vt 0.274056 0.493910 0.000000
vt 0.271620 0.569427 0.000000
vt 0.433618 0.496346 0.000000
vt 0.431182 0.401340 0.000000
vt 0.489647 0.389160 0.000000
vt 0.723508 0.464677 0.000000
vt 0.725944 0.374543 0.000000
vt 0.436054 0.608404 0.000000
vt 0.606577 0.479294 0.000000
vt 0.611449 0.608404 0.000000
vt 0.158343 0.406212 0.000000
vt 0.200974 0.413520 0.000000
vt 0.602923 0.374543 0.000000
vt 0.646772 0.596224 0.000000
vt 0.242387 0.418392 0.000000
vt 0.278928 0.420828 0.000000
vt 0.323995 0.586480 0.000000
vt 0.326431 0.491474 0.000000
vt 0.375152 0.501218 0.000000
vt 0.376370 0.593788 0.000000
vt 0.780755 0.459805 0.000000
vt 0.747868 0.462241 0.000000
vt 0.752741 0.381851 0.000000
vt 0.783191 0.386723 0.000000
vt 0.380024 0.408648 0.000000
vt 0.808770 0.396468 0.000000
vt 0.806334 0.459805 0.000000
vt 0.327649 0.418392 0.000000
vt 0.725944 0.562119 0.000000
vt 0.684531 0.581608 0.000000
vt 0.806334 0.528015 0.000000
vt 0.778319 0.537759 0.000000
vt 0.747868 0.549939 0.000000
vt 0.840439 0.408648 0.000000
vt 0.872107 0.420828 0.000000
vt 0.870889 0.447625 0.000000
vt 0.840439 0.452497 0.000000
vt 0.874543 0.486602 0.000000
vt 0.838003 0.503654 0.000000
vt 0.118149 0.394032 0.000000
vt 0.116931 0.525578 0.000000
vt 0.924482 0.442753 0.000000
vt 0.573691 0.381851 0.000000
vt 0.573691 0.489038 0.000000
vt 0.533496 0.486602 0.000000
vt 0.532278 0.381851 0.000000
vt 0.643118 0.379415 0.000000
vt 0.682095 0.376979 0.000000
vt 0.684531 0.467113 0.000000
vt 0.644336 0.474421 0.000000
vt 0.188794 0.552375 0.000000
vt 0.148599 0.542631 0.000000
vt 0.153471 0.471985 0.000000
vt 0.194884 0.481730 0.000000
vt 0.489647 0.491474 0.000000
vt 0.532278 0.618149 0.000000
vt 0.489647 0.615713 0.000000
vt 0.577345 0.615713 0.000000
vt 0.231425 0.562119 0.000000
vt 0.237515 0.481730 0.000000
vt 0.274056 0.493910 0.000000
vt 0.271620 0.569427 0.000000
vt 0.433618 0.496346 0.000000
vt 0.431182 0.401340 0.000000
vt 0.489647 0.389160 0.000000
vt 0.723508 0.464677 0.000000
vt 0.725944 0.374543 0.000000
vt 0.436054 0.608404 0.000000
vt 0.606577 0.479294 0.000000
vt 0.611449 0.608404 0.000000
vt 0.158343 0.406212 0.000000
vt 0.200974 0.413520 0.000000
vt 0.602923 0.374543 0.000000
vt 0.646772 0.596224 0.000000
vt 0.242387 0.418392 0.000000
vt 0.278928 0.420828 0.000000
vt 0.323995 0.586480 0.000000
vt 0.326431 0.491474 0.000000
vt 0.375152 0.501218 0.000000
vt 0.376370 0.593788 0.000000
vt 0.780755 0.459805 0.000000
vt 0.747868 0.462241 0.000000
vt 0.752741 0.381851 0.000000
vt 0.783191 0.386723 0.000000
vt 0.380024 0.408648 0.000000
vt 0.808770 0.396468 0.000000
vt 0.806334 0.459805 0.000000
vt 0.327649 0.418392 0.000000
vt 0.725944 0.562119 0.000000
vt 0.684531 0.581608 0.000000
vt 0.806334 0.528015 0.000000
vt 0.778319 0.537759 0.000000
vt 0.747868 0.549939 0.000000
vt 0.840439 0.408648 0.000000
vt 0.872107 0.420828 0.000000
vt 0.870889 0.447625 0.000000
vt 0.840439 0.452497 0.000000
vt 0.874543 0.486602 0.000000
vt 0.838003 0.503654 0.000000
vt 0.118149 0.394032 0.000000
vt 0.116931 0.525578 0.000000
vt 0.924482 0.442753 0.000000
vt 0.573691 0.381851 0.000000
vt 0.532278 0.381851 0.000000
vt 0.533496 0.486602 0.000000
vt 0.573691 0.489038 0.000000
vt 0.643118 0.379415 0.000000
vt 0.644336 0.474421 0.000000
vt 0.684531 0.467113 0.000000
vt 0.682095 0.376979 0.000000
vt 0.188794 0.552375 0.000000
vt 0.194884 0.481730 0.000000
vt 0.153471 0.471985 0.000000
vt 0.148599 0.542631 0.000000
vt 0.489647 0.491474 0.000000
vt 0.489647 0.615713 0.000000
vt 0.532278 0.618149 0.000000
vt 0.577345 0.615713 0.000000
vt 0.231425 0.562119 0.000000
vt 0.271620 0.569427 0.000000
vt 0.274056 0.493910 0.000000
vt 0.237515 0.481730 0.000000
vt 0.489647 0.389160 0.000000
vt 0.431182 0.401340 0.000000
vt 0.433618 0.496346 0.000000
vt 0.723508 0.464677 0.000000
vt 0.725944 0.374543 0.000000
vt 0.436054 0.608404 0.000000
vt 0.611449 0.608404 0.000000
vt 0.606577 0.479294 0.000000
vt 0.200974 0.413520 0.000000
vt 0.158343 0.406212 0.000000
vt 0.602923 0.374543 0.000000
vt 0.646772 0.596224 0.000000
vt 0.278928 0.420828 0.000000
vt 0.242387 0.418392 0.000000
vt 0.323995 0.586480 0.000000
vt 0.376370 0.593788 0.000000
vt 0.375152 0.501218 0.000000
vt 0.326431 0.491474 0.000000
vt 0.780755 0.459805 0.000000
vt 0.783191 0.386723 0.000000
vt 0.752741 0.381851 0.000000
vt 0.747868 0.462241 0.000000
vt 0.380024 0.408648 0.000000
vt 0.808770 0.396468 0.000000
vt 0.806334 0.459805 0.000000
vt 0.327649 0.418392 0.000000
vt 0.725944 0.562119 0.000000
vt 0.684531 0.581608 0.000000
vt 0.778319 0.537759 0.000000
vt 0.806334 0.528015 0.000000
vt 0.747868 0.549939 0.000000
vt 0.840439 0.408648 0.000000
vt 0.840439 0.452497 0.000000
vt 0.870889 0.447625 0.000000
vt 0.872107 0.420828 0.000000
vt 0.838003 0.503654 0.000000
vt 0.874543 0.486602 0.000000
vt 0.118149 0.394032 0.000000
vt 0.116931 0.525578 0.000000
vt 0.924482 0.442753 0.000000
vt 0.573691 0.381851 0.000000
vt 0.573691 0.489038 0.000000
vt 0.533496 0.486602 0.000000
vt 0.532278 0.381851 0.000000
vt 0.643118 0.379415 0.000000
vt 0.682095 0.376979 0.000000
vt 0.684531 0.467113 0.000000
vt 0.644336 0.474421 0.000000
vt 0.188794 0.552375 0.000000
vt 0.148599 0.542631 0.000000
vt 0.153471 0.471985 0.000000
vt 0.194884 0.481730 0.000000
vt 0.489647 0.491474 0.000000
vt 0.532278 0.618149 0.000000
vt 0.489647 0.615713 0.000000
vt 0.577345 0.615713 0.000000
vt 0.231425 0.562119 0.000000
vt 0.237515 0.481730 0.000000
vt 0.274056 0.493910 0.000000
vt 0.271620 0.569427 0.000000
vt 0.433618 0.496346 0.000000
vt 0.431182 0.401340 0.000000
vt 0.489647 0.389160 0.000000
vt 0.723508 0.464677 0.000000
vt 0.725944 0.374543 0.000000
vt 0.436054 0.608404 0.000000
vt 0.606577 0.479294 0.000000
vt 0.611449 0.608404 0.000000
vt 0.158343 0.406212 0.000000
vt 0.200974 0.413520 0.000000
vt 0.602923 0.374543 0.000000
vt 0.646772 0.596224 0.000000
vt 0.242387 0.418392 0.000000
vt 0.278928 0.420828 0.000000
vt 0.323995 0.586480 0.000000
vt 0.326431 0.491474 0.000000
vt 0.375152 0.501218 0.000000
vt 0.376370 0.593788 0.000000
vt 0.780755 0.459805 0.000000
vt 0.747868 0.462241 0.000000
vt 0.752741 0.381851 0.000000
vt 0.783191 0.386723 0.000000
vt 0.380024 0.408648 0.000000
vt 0.808770 0.396468 0.000000
vt 0.806334 0.459805 0.000000
vt 0.327649 0.418392 0.000000
vt 0.725944 0.562119 0.000000
vt 0.684531 0.581608 0.000000
vt 0.806334 0.528015 0.000000
vt 0.778319 0.537759 0.000000
vt 0.747868 0.549939 0.000000
vt 0.840439 0.408648 0.000000
vt 0.872107 0.420828 0.000000
vt 0.870889 0.447625 0.000000
vt 0.840439 0.452497 0.000000
vt 0.874543 0.486602 0.000000
vt 0.838003 0.503654 0.000000
vt 0.118149 0.394032 0.000000
vt 0.116931 0.525578 0.000000
vt 0.924482 0.442753 0.000000
vt 0.573691 0.381851 0.000000
vt 0.573691 0.489038 0.000000
vt 0.533496 0.486602 0.000000
vt 0.532278 0.381851 0.000000
vt 0.643118 0.379415 0.000000
vt 0.682095 0.376979 0.000000
vt 0.684531 0.467113 0.000000
vt 0.644336 0.474421 0.000000
vt 0.188794 0.552375 0.000000
vt 0.148599 0.542631 0.000000
vt 0.153471 0.471985 0.000000
vt 0.194884 0.481730 0.000000
vt 0.489647 0.491474 0.000000
vt 0.532278 0.618149 0.000000
vt 0.489647 0.615713 0.000000
vt 0.577345 0.615713 0.000000
vt 0.231425 0.562119 0.000000
vt 0.237515 0.481730 0.000000
vt 0.274056 0.493910 0.000000
vt 0.271620 0.569427 0.000000
vt 0.433618 0.496346 0.000000
vt 0.431182 0.401340 0.000000
vt 0.489647 0.389160 0.000000
vt 0.723508 0.464677 0.000000
vt 0.725944 0.374543 0.000000
vt 0.436054 0.608404 0.000000
vt 0.606577 0.479294 0.000000
vt 0.611449 0.608404 0.000000
vt 0.158343 0.406212 0.000000
vt 0.200974 0.413520 0.000000
vt 0.602923 0.374543 0.000000
vt 0.646772 0.596224 0.000000
vt 0.242387 0.418392 0.000000
vt 0.278928 0.420828 0.000000
vt 0.323995 0.586480 0.000000
vt 0.326431 0.491474 0.000000
vt 0.375152 0.501218 0.000000
vt 0.376370 0.593788 0.000000
vt 0.780755 0.459805 0.000000
vt 0.747868 0.462241 0.000000
vt 0.752741 0.381851 0.000000
vt 0.783191 0.386723 0.000000
vt 0.380024 0.408648 0.000000
vt 0.808770 0.396468 0.000000
vt 0.806334 0.459805 0.000000
vt 0.327649 0.418392 0.000000
vt 0.725944 0.562119 0.000000
vt 0.684531 0.581608 0.000000
vt 0.806334 0.528015 0.000000
vt 0.778319 0.537759 0.000000
vt 0.747868 0.549939 0.000000
vt 0.840439 0.408648 0.000000
vt 0.872107 0.420828 0.000000
vt 0.870889 0.447625 0.000000
vt 0.840439 0.452497 0.000000
vt 0.874543 0.486602 0.000000
vt 0.838003 0.503654 0.000000
vt 0.118149 0.394032 0.000000
vt 0.116931 0.525578 0.000000
vt 0.924482 0.442753 0.000000
vt 0.573691 0.381851 0.000000
vt 0.532278 0.381851 0.000000
vt 0.533496 0.486602 0.000000
vt 0.573691 0.489038 0.000000
vt 0.643118 0.379415 0.000000
vt 0.644336 0.474421 0.000000
vt 0.684531 0.467113 0.000000
vt 0.682095 0.376979 0.000000
vt 0.188794 0.552375 0.000000
vt 0.194884 0.481730 0.000000
vt 0.153471 0.471985 0.000000
vt 0.148599 0.542631 0.000000
vt 0.489647 0.491474 0.000000
vt 0.489647 0.615713 0.000000
vt 0.532278 0.618149 0.000000
vt 0.577345 0.615713 0.000000
vt 0.231425 0.562119 0.000000
vt 0.271620 0.569427 0.000000
vt 0.274056 0.493910 0.000000
vt 0.237515 0.481730 0.000000
vt 0.489647 0.389160 0.000000
vt 0.431182 0.401340 0.000000
vt 0.433618 0.496346 0.000000
vt 0.723508 0.464677 0.000000
vt 0.725944 0.374543 0.000000
vt 0.436054 0.608404 0.000000
vt 0.611449 0.608404 0.000000
vt 0.606577 0.479294 0.000000
vt 0.200974 0.413520 0.000000
vt 0.158343 0.406212 0.000000
vt 0.602923 0.374543 0.000000
vt 0.646772 0.596224 0.000000
vt 0.278928 0.420828 0.000000
vt 0.242387 0.418392 0.000000
vt 0.323995 0.586480 0.000000
vt 0.376370 0.593788 0.000000
vt 0.375152 0.501218 0.000000
vt 0.326431 0.491474 0.000000
vt 0.780755 0.459805 0.000000
vt 0.783191 0.386723 0.000000
vt 0.752741 0.381851 0.000000
vt 0.747868 0.462241 0.000000
vt 0.380024 0.408648 0.000000
vt 0.808770 0.396468 0.000000
vt 0.806334 0.459805 0.000000
vt 0.327649 0.418392 0.000000
vt 0.725944 0.562119 0.000000
vt 0.684531 0.581608 0.000000
vt 0.778319 0.537759 0.000000
vt 0.806334 0.528015 0.000000
vt 0.747868 0.549939 0.000000
vt 0.840439 0.408648 0.000000
vt 0.840439 0.452497 0.000000
vt 0.870889 0.447625 0.000000
vt 0.872107 0.420828 0.000000
vt 0.838003 0.503654 0.000000
vt 0.874543 0.486602 0.000000
vt 0.118149 0.394032 0.000000
vt 0.116931 0.525578 0.000000
vt 0.924482 0.442753 0.000000
vt 0.573691 0.381851 0.000000
vt 0.532278 0.381851 0.000000
vt 0.533496 0.486602 0.000000
vt 0.573691 0.489038 0.000000
vt 0.643118 0.379415 0.000000
vt 0.644336 0.474421 0.000000
vt 0.684531 0.467113 0.000000
vt 0.682095 0.376979 0.000000
vt 0.188794 0.552375 0.000000
vt 0.194884 0.481730 0.000000
vt 0.153471 0.471985 0.000000
vt 0.148599 0.542631 0.000000
vt 0.489647 0.491474 0.000000
vt 0.489647 0.615713 0.000000
vt 0.532278 0.618149 0.000000
vt 0.577345 0.615713 0.000000
vt 0.231425 0.562119 0.000000
vt 0.271620 0.569427 0.000000
vt 0.274056 0.493910 0.000000
vt 0.237515 0.481730 0.000000
vt 0.489647 0.389160 0.000000
vt 0.431182 0.401340 0.000000
vt 0.433618 0.496346 0.000000
vt 0.723508 0.464677 0.000000
vt 0.725944 0.374543 0.000000
vt 0.436054 0.608404 0.000000
vt 0.611449 0.608404 0.000000
vt 0.606577 0.479294 0.000000
vt 0.200974 0.413520 0.000000
vt 0.158343 0.406212 0.000000
vt 0.602923 0.374543 0.000000
vt 0.646772 0.596224 0.000000
vt 0.278928 0.420828 0.000000
vt 0.242387 0.418392 0.000000
vt 0.323995 0.586480 0.000000
vt 0.376370 0.593788 0.000000
vt 0.375152 0.501218 0.000000
vt 0.326431 0.491474 0.000000
vt 0.780755 0.459805 0.000000
vt 0.783191 0.386723 0.000000
vt 0.752741 0.381851 0.000000
vt 0.747868 0.462241 0.000000
vt 0.380024 0.408648 0.000000
vt 0.808770 0.396468 0.000000
vt 0.806334 0.459805 0.000000
vt 0.327649 0.418392 0.000000
vt 0.725944 0.562119 0.000000
vt 0.684531 0.581608 0.000000
vt 0.778319 0.537759 0.000000
vt 0.806334 0.528015 0.000000
vt 0.747868 0.549939 0.000000
vt 0.840439 0.408648 0.000000
vt 0.840439 0.452497 0.000000
vt 0.870889 0.447625 0.000000
vt 0.872107 0.420828 0.000000
vt 0.838003 0.503654 0.000000
vt 0.874543 0.486602 0.000000
vt 0.118149 0.394032 0.000000
vt 0.116931 0.525578 0.000000
vt 0.924482 0.442753 0.000000
vt 0.573691 0.381851 0.000000
vt 0.532278 0.381851 0.000000
vt 0.533496 0.486602 0.000000
vt 0.573691 0.489038 0.000000
vt 0.643118 0.379415 0.000000
vt 0.644336 0.474421 0.000000
vt 0.684531 0.467113 0.000000
vt 0.682095 0.376979 0.000000
vt 0.188794 0.552375 0.000000
vt 0.194884 0.481730 0.000000
vt 0.153471 0.471985 0.000000
vt 0.148599 0.542631 0.000000
vt 0.489647 0.491474 0.000000
vt 0.489647 0.615713 0.000000
vt 0.532278 0.618149 0.000000
vt 0.577345 0.615713 0.000000
vt 0.231425 0.562119 0.000000
vt 0.271620 0.569427 0.000000
vt 0.274056 0.493910 0.000000
vt 0.237515 0.481730 0.000000
vt 0.489647 0.389160 0.000000
vt 0.431182 0.401340 0.000000
vt 0.433618 0.496346 0.000000
vt 0.723508 0.464677 0.000000
vt 0.725944 0.374543 0.000000
vt 0.436054 0.608404 0.000000
vt 0.611449 0.608404 0.000000
vt 0.606577 0.479294 0.000000
vt 0.200974 0.413520 0.000000
vt 0.158343 0.406212 0.000000
vt 0.602923 0.374543 0.000000
vt 0.646772 0.596224 0.000000
vt 0.278928 0.420828 0.000000
vt 0.242387 0.418392 0.000000
vt 0.323995 0.586480 0.000000
vt 0.376370 0.593788 0.000000
vt 0.375152 0.501218 0.000000
vt 0.326431 0.491474 0.000000
vt 0.780755 0.459805 0.000000
vt 0.783191 0.386723 0.000000
vt 0.752741 0.381851 0.000000
vt 0.747868 0.462241 0.000000
vt 0.380024 0.408648 0.000000
vt 0.808770 0.396468 0.000000
vt 0.806334 0.459805 0.000000
vt 0.327649 0.418392 0.000000
vt 0.725944 0.562119 0.000000
vt 0.684531 0.581608 0.000000
vt 0.778319 0.537759 0.000000
vt 0.806334 0.528015 0.000000
vt 0.747868 0.549939 0.000000
vt 0.840439 0.408648 0.000000
vt 0.840439 0.452497 0.000000
vt 0.870889 0.447625 0.000000
vt 0.872107 0.420828 0.000000
vt 0.838003 0.503654 0.000000
vt 0.874543 0.486602 0.000000
vt 0.118149 0.394032 0.000000
vt 0.116931 0.525578 0.000000
vt 0.924482 0.442753 0.000000
vt 0.573691 0.381851 0.000000
vt 0.573691 0.489038 0.000000
vt 0.533496 0.486602 0.000000
vt 0.532278 0.381851 0.000000
vt 0.643118 0.379415 0.000000
vt 0.682095 0.376979 0.000000
vt 0.684531 0.467113 0.000000
vt 0.644336 0.474421 0.000000
vt 0.188794 0.552375 0.000000
vt 0.148599 0.542631 0.000000
vt 0.153471 0.471985 0.000000
vt 0.194884 0.481730 0.000000
vt 0.489647 0.491474 0.000000
vt 0.532278 0.618149 0.000000
vt 0.489647 0.615713 0.000000
vt 0.577345 0.615713 0.000000
vt 0.231425 0.562119 0.000000
vt 0.237515 0.481730 0.000000
vt 0.274056 0.493910 0.000000
vt 0.271620 0.569427 0.000000
vt 0.433618 0.496346 0.000000
vt 0.431182 0.401340 0.000000
vt 0.489647 0.389160 0.000000
vt 0.723508 0.464677 0.000000
vt 0.725944 0.374543 0.000000
vt 0.436054 0.608404 0.000000
vt 0.606577 0.479294 0.000000
vt 0.611449 0.608404 0.000000
vt 0.158343 0.406212 0.000000
vt 0.200974 0.413520 0.000000
vt 0.602923 0.374543 0.000000
vt 0.646772 0.596224 0.000000
vt 0.242387 0.418392 0.000000
vt 0.278928 0.420828 0.000000
vt 0.323995 0.586480 0.000000
vt 0.326431 0.491474 0.000000
vt 0.375152 0.501218 0.000000
vt 0.376370 0.593788 0.000000
vt 0.780755 0.459805 0.000000
vt 0.747868 0.462241 0.000000
vt 0.752741 0.381851 0.000000
vt 0.783191 0.386723 0.000000
vt 0.380024 0.408648 0.000000
vt 0.808770 0.396468 0.000000
vt 0.806334 0.459805 0.000000
vt 0.327649 0.418392 0.000000
vt 0.725944 0.562119 0.000000
vt 0.684531 0.581608 0.000000
vt 0.806334 0.528015 0.000000
vt 0.778319 0.537759 0.000000
vt 0.747868 0.549939 0.000000
vt 0.840439 0.408648 0.000000
vt 0.872107 0.420828 0.000000
vt 0.870889 0.447625 0.000000
vt 0.840439 0.452497 0.000000
vt 0.874543 0.486602 0.000000
vt 0.838003 0.503654 0.000000
vt 0.118149 0.394032 0.000000
vt 0.116931 0.525578 0.000000
vt 0.924482 0.442753 0.000000
vt 0.573691 0.381851 0.000000
vt 0.532278 0.381851 0.000000
vt 0.533496 0.486602 0.000000
vt 0.573691 0.489038 0.000000
vt 0.643118 0.379415 0.000000
vt 0.644336 0.474421 0.000000
vt 0.684531 0.467113 0.000000
vt 0.682095 0.376979 0.000000
vt 0.188794 0.552375 0.000000
vt 0.194884 0.481730 0.000000
vt 0.153471 0.471985 0.000000
vt 0.148599 0.542631 0.000000
vt 0.489647 0.491474 0.000000
vt 0.489647 0.615713 0.000000
vt 0.532278 0.618149 0.000000
vt 0.577345 0.615713 0.000000
vt 0.231425 0.562119 0.000000
vt 0.271620 0.569427 0.000000
vt 0.274056 0.493910 0.000000
vt 0.237515 0.481730 0.000000
vt 0.489647 0.389160 0.000000
vt 0.431182 0.401340 0.000000
vt 0.433618 0.496346 0.000000
vt 0.723508 0.464677 0.000000
vt 0.725944 0.374543 0.000000
vt 0.436054 0.608404 0.000000
vt 0.611449 0.608404 0.000000
vt 0.606577 0.479294 0.000000
vt 0.200974 0.413520 0.000000
vt 0.158343 0.406212 0.000000
vt 0.602923 0.374543 0.000000
vt 0.646772 0.596224 0.000000
vt 0.278928 0.420828 0.000000
vt 0.242387 0.418392 0.000000
vt 0.323995 0.586480 0.000000
vt 0.376370 0.593788 0.000000
vt 0.375152 0.501218 0.000000
vt 0.326431 0.491474 0.000000
vt 0.780755 0.459805 0.000000
vt 0.783191 0.386723 0.000000
vt 0.752741 0.381851 0.000000
vt 0.747868 0.462241 0.000000
vt 0.380024 0.408648 0.000000
vt 0.808770 0.396468 0.000000
vt 0.806334 0.459805 0.000000
vt 0.327649 0.418392 0.000000
vt 0.725944 0.562119 0.000000
vt 0.684531 0.581608 0.000000
vt 0.778319 0.537759 0.000000
vt 0.806334 0.528015 0.000000
vt 0.747868 0.549939 0.000000
vt 0.840439 0.408648 0.000000
vt 0.840439 0.452497 0.000000
vt 0.870889 0.447625 0.000000
vt 0.872107 0.420828 0.000000
vt 0.838003 0.503654 0.000000
vt 0.874543 0.486602 0.000000
vt 0.118149 0.394032 0.000000
vt 0.116931 0.525578 0.000000
vt 0.924482 0.442753 0.000000
vt 0.573691 0.381851 0.000000
vt 0.532278 0.381851 0.000000
vt 0.533496 0.486602 0.000000
vt 0.573691 0.489038 0.000000
vt 0.643118 0.379415 0.000000
vt 0.644336 0.474421 0.000000
vt 0.684531 0.467113 0.000000
vt 0.682095 0.376979 0.000000
vt 0.188794 0.552375 0.000000
vt 0.194884 0.481730 0.000000
vt 0.153471 0.471985 0.000000
vt 0.148599 0.542631 0.000000
vt 0.489647 0.491474 0.000000
vt 0.489647 0.615713 0.000000
vt 0.532278 0.618149 0.000000
vt 0.577345 0.615713 0.000000
vt 0.231425 0.562119 0.000000
vt 0.271620 0.569427 0.000000
vt 0.274056 0.493910 0.000000
vt 0.237515 0.481730 0.000000
vt 0.489647 0.389160 0.000000
vt 0.431182 0.401340 0.000000
vt 0.433618 0.496346 0.000000
vt 0.723508 0.464677 0.000000
vt 0.725944 0.374543 0.000000
vt 0.436054 0.608404 0.000000
vt 0.611449 0.608404 0.000000
vt 0.606577 0.479294 0.000000
vt 0.200974 0.413520 0.000000
vt 0.158343 0.406212 0.000000
vt 0.602923 0.374543 0.000000
vt 0.646772 0.596224 0.000000
vt 0.278928 0.420828 0.000000
vt 0.242387 0.418392 0.000000
vt 0.323995 0.586480 0.000000
vt 0.376370 0.593788 0.000000
vt 0.375152 0.501218 0.000000
vt 0.326431 0.491474 0.000000
vt 0.780755 0.459805 0.000000
vt 0.783191 0.386723 0.000000
vt 0.752741 0.381851 0.000000
vt 0.747868 0.462241 0.000000
vt 0.380024 0.408648 0.000000
vt 0.808770 0.396468 0.000000
vt 0.806334 0.459805 0.000000
vt 0.327649 0.418392 0.000000
vt 0.725944 0.562119 0.000000
vt 0.684531 0.581608 0.000000
vt 0.778319 0.537759 0.000000
vt 0.806334 0.528015 0.000000
vt 0.747868 0.549939 0.000000
vt 0.840439 0.408648 0.000000
vt 0.840439 0.452497 0.000000
vt 0.870889 0.447625 0.000000
vt 0.872107 0.420828 0.000000
vt 0.838003 0.503654 0.000000
vt 0.874543 0.486602 0.000000
vt 0.118149 0.394032 0.000000
vt 0.116931 0.525578 0.000000
vt 0.924482 0.442753 0.000000
vt 0.573691 0.381851 0.000000
vt 0.573691 0.489038 0.000000
vt 0.533496 0.486602 0.000000
vt 0.532278 0.381851 0.000000
vt 0.643118 0.379415 0.000000
vt 0.682095 0.376979 0.000000
vt 0.684531 0.467113 0.000000
vt 0.644336 0.474421 0.000000
vt 0.188794 0.552375 0.000000
vt 0.148599 0.542631 0.000000
vt 0.153471 0.471985 0.000000
vt 0.194884 0.481730 0.000000
vt 0.489647 0.491474 0.000000
vt 0.532278 0.618149 0.000000
vt 0.489647 0.615713 0.000000
vt 0.577345 0.615713 0.000000
vt 0.231425 0.562119 0.000000
vt 0.237515 0.481730 0.000000
vt 0.274056 0.493910 0.000000
vt 0.271620 0.569427 0.000000
vt 0.433618 0.496346 0.000000
vt 0.431182 0.401340 0.000000
vt 0.489647 0.389160 0.000000
vt 0.723508 0.464677 0.000000
vt 0.725944 0.374543 0.000000
vt 0.436054 0.608404 0.000000
vt 0.606577 0.479294 0.000000
vt 0.611449 0.608404 0.000000
vt 0.158343 0.406212 0.000000
vt 0.200974 0.413520 0.000000
vt 0.602923 0.374543 0.000000
vt 0.646772 0.596224 0.000000
vt 0.242387 0.418392 0.000000
vt 0.278928 0.420828 0.000000
vt 0.323995 0.586480 0.000000
vt 0.326431 0.491474 0.000000
vt 0.375152 0.501218 0.000000
vt 0.376370 0.593788 0.000000
vt 0.780755 0.459805 0.000000
vt 0.747868 0.462241 0.000000
vt 0.752741 0.381851 0.000000
vt 0.783191 0.386723 0.000000
vt 0.380024 0.408648 0.000000
vt 0.808770 0.396468 0.000000
vt 0.806334 0.459805 0.000000
vt 0.327649 0.418392 0.000000
vt 0.725944 0.562119 0.000000
vt 0.684531 0.581608 0.000000
vt 0.806334 0.528015 0.000000
vt 0.778319 0.537759 0.000000
vt 0.747868 0.549939 0.000000
vt 0.840439 0.408648 0.000000
vt 0.872107 0.420828 0.000000
vt 0.870889 0.447625 0.000000
vt 0.840439 0.452497 0.000000
vt 0.874543 0.486602 0.000000
vt 0.838003 0.503654 0.000000
vt 0.118149 0.394032 0.000000
vt 0.116931 0.525578 0.000000
vt 0.924482 0.442753 0.000000
vt 0.573691 0.381851 0.000000
vt 0.573691 0.489038 0.000000
vt 0.533496 0.486602 0.000000
vt 0.532278 0.381851 0.000000
vt 0.643118 0.379415 0.000000
vt 0.682095 0.376979 0.000000
vt 0.684531 0.467113 0.000000
vt 0.644336 0.474421 0.000000
vt 0.188794 0.552375 0.000000
vt 0.148599 0.542631 0.000000
vt 0.153471 0.471985 0.000000
vt 0.194884 0.481730 0.000000
vt 0.489647 0.491474 0.000000
vt 0.532278 0.618149 0.000000
vt 0.489647 0.615713 0.000000
vt 0.577345 0.615713 0.000000
vt 0.231425 0.562119 0.000000
vt 0.237515 0.481730 0.000000
vt 0.274056 0.493910 0.000000
vt 0.271620 0.569427 0.000000
vt 0.433618 0.496346 0.000000
vt 0.431182 0.401340 0.000000
vt 0.489647 0.389160 0.000000
vt 0.723508 0.464677 0.000000
vt 0.725944 0.374543 0.000000
vt 0.436054 0.608404 0.000000
vt 0.606577 0.479294 0.000000
vt 0.611449 0.608404 0.000000
vt 0.158343 0.406212 0.000000
vt 0.200974 0.413520 0.000000
vt 0.602923 0.374543 0.000000
vt 0.646772 0.596224 0.000000
vt 0.242387 0.418392 0.000000
vt 0.278928 0.420828 0.000000
vt 0.323995 0.586480 0.000000
vt 0.326431 0.491474 0.000000
vt 0.375152 0.501218 0.000000
vt 0.376370 0.593788 0.000000
vt 0.780755 0.459805 0.000000
vt 0.747868 0.462241 0.000000
vt 0.752741 0.381851 0.000000
vt 0.783191 0.386723 0.000000
vt 0.380024 0.408648 0.000000
vt 0.808770 0.396468 0.000000
vt 0.806334 0.459805 0.000000
vt 0.327649 0.418392 0.000000
vt 0.725944 0.562119 0.000000
vt 0.684531 0.581608 0.000000
vt 0.806334 0.528015 0.000000
vt 0.778319 0.537759 0.000000
vt 0.747868 0.549939 0.000000
vt 0.840439 0.408648 0.000000
vt 0.872107 0.420828 0.000000
vt 0.870889 0.447625 0.000000
vt 0.840439 0.452497 0.000000
vt 0.874543 0.486602 0.000000
vt 0.838003 0.503654 0.000000
vt 0.118149 0.394032 0.000000
vt 0.116931 0.525578 0.000000
vt 0.924482 0.442753 0.000000
vt 0.573691 0.381851 0.000000
vt 0.573691 0.489038 0.000000
vt 0.533496 0.486602 0.000000
vt 0.532278 0.381851 0.000000
vt 0.643118 0.379415 0.000000
vt 0.682095 0.376979 0.000000
vt 0.684531 0.467113 0.000000
vt 0.644336 0.474421 0.000000
vt 0.188794 0.552375 0.000000
vt 0.148599 0.542631 0.000000
vt 0.153471 0.471985 0.000000
vt 0.194884 0.481730 0.000000
vt 0.489647 0.491474 0.000000
vt 0.532278 0.618149 0.000000
vt 0.489647 0.615713 0.000000
vt 0.577345 0.615713 0.000000
vt 0.231425 0.562119 0.000000
vt 0.237515 0.481730 0.000000
vt 0.274056 0.493910 0.000000
vt 0.271620 0.569427 0.000000
vt 0.433618 0.496346 0.000000
vt 0.431182 0.401340 0.000000
vt 0.489647 0.389160 0.000000
vt 0.723508 0.464677 0.000000
vt 0.725944 0.374543 0.000000
vt 0.436054 0.608404 0.000000
vt 0.606577 0.479294 0.000000
vt 0.611449 0.608404 0.000000
vt 0.158343 0.406212 0.000000
vt 0.200974 0.413520 0.000000
vt 0.602923 0.374543 0.000000
vt 0.646772 0.596224 0.000000
vt 0.242387 0.418392 0.000000
vt 0.278928 0.420828 0.000000
vt 0.323995 0.586480 0.000000
vt 0.326431 0.491474 0.000000
vt 0.375152 0.501218 0.000000
vt 0.376370 0.593788 0.000000
vt 0.780755 0.459805 0.000000
vt 0.747868 0.462241 0.000000
vt 0.752741 0.381851 0.000000
vt 0.783191 0.386723 0.000000
vt 0.380024 0.408648 0.000000
vt 0.808770 0.396468 0.000000
vt 0.806334 0.459805 0.000000
vt 0.327649 0.418392 0.000000
vt 0.725944 0.562119 0.000000
vt 0.684531 0.581608 0.000000
vt 0.806334 0.528015 0.000000
vt 0.778319 0.537759 0.000000
vt 0.747868 0.549939 0.000000
vt 0.840439 0.408648 0.000000
vt 0.872107 0.420828 0.000000
vt 0.870889 0.447625 0.000000
vt 0.840439 0.452497 0.000000
vt 0.874543 0.486602 0.000000
vt 0.838003 0.503654 0.000000
vt 0.118149 0.394032 0.000000
vt 0.116931 0.525578 0.000000
vt 0.924482 0.442753 0.000000
vt 0.573691 0.381851 0.000000
vt 0.532278 0.381851 0.000000
vt 0.533496 0.486602 0.000000
vt 0.573691 0.489038 0.000000
vt 0.643118 0.379415 0.000000
vt 0.644336 0.474421 0.000000
vt 0.684531 0.467113 0.000000
vt 0.682095 0.376979 0.000000
vt 0.188794 0.552375 0.000000
vt 0.194884 0.481730 0.000000
vt 0.153471 0.471985 0.000000
vt 0.148599 0.542631 0.000000
vt 0.489647 0.491474 0.000000
vt 0.489647 0.615713 0.000000
vt 0.532278 0.618149 0.000000
vt 0.577345 0.615713 0.000000
vt 0.231425 0.562119 0.000000
vt 0.271620 0.569427 0.000000
vt 0.274056 0.493910 0.000000
vt 0.237515 0.481730 0.000000
vt 0.489647 0.389160 0.000000
vt 0.431182 0.401340 0.000000
vt 0.433618 0.496346 0.000000
vt 0.723508 0.464677 0.000000
vt 0.725944 0.374543 0.000000
vt 0.436054 0.608404 0.000000
vt 0.611449 0.608404 0.000000
vt 0.606577 0.479294 0.000000
vt 0.200974 0.413520 0.000000
vt 0.158343 0.406212 0.000000
vt 0.602923 0.374543 0.000000
vt 0.646772 0.596224 0.000000
vt 0.278928 0.420828 0.000000
vt 0.242387 0.418392 0.000000
vt 0.323995 0.586480 0.000000
vt 0.376370 0.593788 0.000000
vt 0.375152 0.501218 0.000000
vt 0.326431 0.491474 0.000000
vt 0.780755 0.459805 0.000000
vt 0.783191 0.386723 0.000000
vt 0.752741 0.381851 0.000000
vt 0.747868 0.462241 0.000000
vt 0.380024 0.408648 0.000000
vt 0.808770 0.396468 0.000000
vt 0.806334 0.459805 0.000000
vt 0.327649 0.418392 0.000000
vt 0.725944 0.562119 0.000000
vt 0.684531 0.581608 0.000000
vt 0.778319 0.537759 0.000000
vt 0.806334 0.528015 0.000000
vt 0.747868 0.549939 0.000000
vt 0.840439 0.408648 0.000000
vt 0.840439 0.452497 0.000000
vt 0.870889 0.447625 0.000000
vt 0.872107 0.420828 0.000000
vt 0.838003 0.503654 0.000000
vt 0.874543 0.486602 0.000000
vt 0.118149 0.394032 0.000000
vt 0.116931 0.525578 0.000000
vt 0.924482 0.442753 0.000000
vt 0.573691 0.381851 0.000000
vt 0.573691 0.489038 0.000000
vt 0.533496 0.486602 0.000000
vt 0.532278 0.381851 0.000000
vt 0.643118 0.379415 0.000000
vt 0.682095 0.376979 0.000000
vt 0.684531 0.467113 0.000000
vt 0.644336 0.474421 0.000000
vt 0.188794 0.552375 0.000000
vt 0.148599 0.542631 0.000000
vt 0.153471 0.471985 0.000000
vt 0.194884 0.481730 0.000000
vt 0.489647 0.491474 0.000000
vt 0.532278 0.618149 0.000000
vt 0.489647 0.615713 0.000000
vt 0.577345 0.615713 0.000000
vt 0.231425 0.562119 0.000000
vt 0.237515 0.481730 0.000000
vt 0.274056 0.493910 0.000000
vt 0.271620 0.569427 0.000000
vt 0.433618 0.496346 0.000000
vt 0.431182 0.401340 0.000000
vt 0.489647 0.389160 0.000000
vt 0.723508 0.464677 0.000000
vt 0.725944 0.374543 0.000000
vt 0.436054 0.608404 0.000000
vt 0.606577 0.479294 0.000000
vt 0.611449 0.608404 0.000000
vt 0.158343 0.406212 0.000000
vt 0.200974 0.413520 0.000000
vt 0.602923 0.374543 0.000000
vt 0.646772 0.596224 0.000000
vt 0.242387 0.418392 0.000000
vt 0.278928 0.420828 0.000000
vt 0.323995 0.586480 0.000000
vt 0.326431 0.491474 0.000000
vt 0.375152 0.501218 0.000000
vt 0.376370 0.593788 0.000000
vt 0.780755 0.459805 0.000000
vt 0.747868 0.462241 0.000000
vt 0.752741 0.381851 0.000000
vt 0.783191 0.386723 0.000000
vt 0.380024 0.408648 0.000000
vt 0.808770 0.396468 0.000000
vt 0.806334 0.459805 0.000000
vt 0.327649 0.418392 0.000000
vt 0.725944 0.562119 0.000000
vt 0.684531 0.581608 0.000000
vt 0.806334 0.528015 0.000000
vt 0.778319 0.537759 0.000000
vt 0.747868 0.549939 0.000000
vt 0.840439 0.408648 0.000000
vt 0.872107 0.420828 0.000000
vt 0.870889 0.447625 0.000000
vt 0.840439 0.452497 0.000000
vt 0.874543 0.486602 0.000000
vt 0.838003 0.503654 0.000000
vt 0.118149 0.394032 0.000000
vt 0.116931 0.525578 0.000000
vt 0.924482 0.442753 0.000000
vt 0.573691 0.381851 0.000000
vt 0.573691 0.489038 0.000000
vt 0.533496 0.486602 0.000000
vt 0.532278 0.381851 0.000000
vt 0.643118 0.379415 0.000000
vt 0.682095 0.376979 0.000000
vt 0.684531 0.467113 0.000000
vt 0.644336 0.474421 0.000000
vt 0.188794 0.552375 0.000000
vt 0.148599 0.542631 0.000000
vt 0.153471 0.471985 0.000000
vt 0.194884 0.481730 0.000000
vt 0.489647 0.491474 0.000000
vt 0.532278 0.618149 0.000000
vt 0.489647 0.615713 0.000000
vt 0.577345 0.615713 0.000000
vt 0.231425 0.562119 0.000000
vt 0.237515 0.481730 0.000000
vt 0.274056 0.493910 0.000000
vt 0.271620 0.569427 0.000000
vt 0.433618 0.496346 0.000000
vt 0.431182 0.401340 0.000000
vt 0.489647 0.389160 0.000000
vt 0.723508 0.464677 0.000000
vt 0.725944 0.374543 0.000000
vt 0.436054 0.608404 0.000000
vt 0.606577 0.479294 0.000000
vt 0.611449 0.608404 0.000000
vt 0.158343 0.406212 0.000000
vt 0.200974 0.413520 0.000000
vt 0.602923 0.374543 0.000000
vt 0.646772 0.596224 0.000000
vt 0.242387 0.418392 0.000000
vt 0.278928 0.420828 0.000000
vt 0.323995 0.586480 0.000000
vt 0.326431 0.491474 0.000000
vt 0.375152 0.501218 0.000000
vt 0.376370 0.593788 0.000000
vt 0.780755 0.459805 0.000000
vt 0.747868 0.462241 0.000000
vt 0.752741 0.381851 0.000000
vt 0.783191 0.386723 0.000000
vt 0.380024 0.408648 0.000000
vt 0.808770 0.396468 0.000000
vt 0.806334 0.459805 0.000000
vt 0.327649 0.418392 0.000000
vt 0.725944 0.562119 0.000000
vt 0.684531 0.581608 0.000000
vt 0.806334 0.528015 0.000000
vt 0.778319 0.537759 0.000000
vt 0.747868 0.549939 0.000000
vt 0.840439 0.408648 0.000000
vt 0.872107 0.420828 0.000000
vt 0.870889 0.447625 0.000000
vt 0.840439 0.452497 0.000000
vt 0.874543 0.486602 0.000000
vt 0.838003 0.503654 0.000000
vt 0.118149 0.394032 0.000000
vt 0.116931 0.525578 0.000000
vt 0.924482 0.442753 0.000000
vt 0.573691 0.381851 0.000000
vt 0.532278 0.381851 0.000000
vt 0.533496 0.486602 0.000000
vt 0.573691 0.489038 0.000000
vt 0.643118 0.379415 0.000000
vt 0.644336 0.474421 0.000000
vt 0.684531 0.467113 0.000000
vt 0.682095 0.376979 0.000000
vt 0.188794 0.552375 0.000000
vt 0.194884 0.481730 0.000000
vt 0.153471 0.471985 0.000000
vt 0.148599 0.542631 0.000000
vt 0.489647 0.491474 0.000000
vt 0.489647 0.615713 0.000000
vt 0.532278 0.618149 0.000000
vt 0.577345 0.615713 0.000000
vt 0.231425 0.562119 0.000000
vt 0.271620 0.569427 0.000000
vt 0.274056 0.493910 0.000000
vt 0.237515 0.481730 0.000000
vt 0.489647 0.389160 0.000000
vt 0.431182 0.401340 0.000000
vt 0.433618 0.496346 0.000000
vt 0.723508 0.464677 0.000000
vt 0.725944 0.374543 0.000000
vt 0.436054 0.608404 0.000000
vt 0.611449 0.608404 0.000000
vt 0.606577 0.479294 0.000000
vt 0.200974 0.413520 0.000000
vt 0.158343 0.406212 0.000000
vt 0.602923 0.374543 0.000000
vt 0.646772 0.596224 0.000000
vt 0.278928 0.420828 0.000000
vt 0.242387 0.418392 0.000000
vt 0.323995 0.586480 0.000000
vt 0.376370 0.593788 0.000000
vt 0.375152 0.501218 0.000000
vt 0.326431 0.491474 0.000000
vt 0.780755 0.459805 0.000000
vt 0.783191 0.386723 0.000000
vt 0.752741 0.381851 0.000000
vt 0.747868 0.462241 0.000000
vt 0.380024 0.408648 0.000000
vt 0.808770 0.396468 0.000000
vt 0.806334 0.459805 0.000000
vt 0.327649 0.418392 0.000000
vt 0.725944 0.562119 0.000000
vt 0.684531 0.581608 0.000000
vt 0.778319 0.537759 0.000000
vt 0.806334 0.528015 0.000000
vt 0.747868 0.549939 0.000000
vt 0.840439 0.408648 0.000000
vt 0.840439 0.452497 0.000000
vt 0.870889 0.447625 0.000000
vt 0.872107 0.420828 0.000000
vt 0.838003 0.503654 0.000000
vt 0.874543 0.486602 0.000000
vt 0.118149 0.394032 0.000000
vt 0.116931 0.525578 0.000000
vt 0.924482 0.442753 0.000000
vt 0.573691 0.381851 0.000000
vt 0.573691 0.489038 0.000000
vt 0.533496 0.486602 0.000000
vt 0.532278 0.381851 0.000000
vt 0.643118 0.379415 0.000000
vt 0.682095 0.376979 0.000000
vt 0.684531 0.467113 0.000000
vt 0.644336 0.474421 0.000000
vt 0.188794 0.552375 0.000000
vt 0.148599 0.542631 0.000000
vt 0.153471 0.471985 0.000000
vt 0.194884 0.481730 0.000000
vt 0.489647 0.491474 0.000000
vt 0.532278 0.618149 0.000000
vt 0.489647 0.615713 0.000000
vt 0.577345 0.615713 0.000000
vt 0.231425 0.562119 0.000000
vt 0.237515 0.481730 0.000000
vt 0.274056 0.493910 0.000000
vt 0.271620 0.569427 0.000000
vt 0.433618 0.496346 0.000000
vt 0.431182 0.401340 0.000000
vt 0.489647 0.389160 0.000000
vt 0.723508 0.464677 0.000000
vt 0.725944 0.374543 0.000000
vt 0.436054 0.608404 0.000000
vt 0.606577 0.479294 0.000000
vt 0.611449 0.608404 0.000000
vt 0.158343 0.406212 0.000000
vt 0.200974 0.413520 0.000000
vt 0.602923 0.374543 0.000000
vt 0.646772 0.596224 0.000000
vt 0.242387 0.418392 0.000000
vt 0.278928 0.420828 0.000000
vt 0.323995 0.586480 0.000000
vt 0.326431 0.491474 0.000000
vt 0.375152 0.501218 0.000000
vt 0.376370 0.593788 0.000000
vt 0.780755 0.459805 0.000000
vt 0.747868 0.462241 0.000000
vt 0.752741 0.381851 0.000000
vt 0.783191 0.386723 0.000000
vt 0.380024 0.408648 0.000000
vt 0.808770 0.396468 0.000000
vt 0.806334 0.459805 0.000000
vt 0.327649 0.418392 0.000000
vt 0.725944 0.562119 0.000000
vt 0.684531 0.581608 0.000000
vt 0.806334 0.528015 0.000000
vt 0.778319 0.537759 0.000000
vt 0.747868 0.549939 0.000000
vt 0.840439 0.408648 0.000000
vt 0.872107 0.420828 0.000000
vt 0.870889 0.447625 0.000000
vt 0.840439 0.452497 0.000000
vt 0.874543 0.486602 0.000000
vt 0.838003 0.503654 0.000000
vt 0.118149 0.394032 0.000000
vt 0.116931 0.525578 0.000000
vt 0.924482 0.442753 0.000000
vt 0.573691 0.381851 0.000000
vt 0.532278 0.381851 0.000000
vt 0.533496 0.486602 0.000000
vt 0.573691 0.489038 0.000000
vt 0.643118 0.379415 0.000000
vt 0.644336 0.474421 0.000000
vt 0.684531 0.467113 0.000000
vt 0.682095 0.376979 0.000000
vt 0.188794 0.552375 0.000000
vt 0.194884 0.481730 0.000000
vt 0.153471 0.471985 0.000000
vt 0.148599 0.542631 0.000000
vt 0.489647 0.491474 0.000000
vt 0.489647 0.615713 0.000000
vt 0.532278 0.618149 0.000000
vt 0.577345 0.615713 0.000000
vt 0.231425 0.562119 0.000000
vt 0.271620 0.569427 0.000000
vt 0.274056 0.493910 0.000000
vt 0.237515 0.481730 0.000000
vt 0.489647 0.389160 0.000000
vt 0.431182 0.401340 0.000000
vt 0.433618 0.496346 0.000000
vt 0.723508 0.464677 0.000000
vt 0.725944 0.374543 0.000000
vt 0.436054 0.608404 0.000000
vt 0.611449 0.608404 0.000000
vt 0.606577 0.479294 0.000000
vt 0.200974 0.413520 0.000000
vt 0.158343 0.406212 0.000000
vt 0.602923 0.374543 0.000000
vt 0.646772 0.596224 0.000000
vt 0.278928 0.420828 0.000000
vt 0.242387 0.418392 0.000000
vt 0.323995 0.586480 0.000000
vt 0.376370 0.593788 0.000000
vt 0.375152 0.501218 0.000000
vt 0.326431 0.491474 0.000000
vt 0.780755 0.459805 0.000000
vt 0.783191 0.386723 0.000000
vt 0.752741 0.381851 0.000000
vt 0.747868 0.462241 0.000000
vt 0.380024 0.408648 0.000000
vt 0.808770 0.396468 0.000000
vt 0.806334 0.459805 0.000000
vt 0.327649 0.418392 0.000000
vt 0.725944 0.562119 0.000000
vt 0.684531 0.581608 0.000000
vt 0.778319 0.537759 0.000000
vt 0.806334 0.528015 0.000000
vt 0.747868 0.549939 0.000000
vt 0.840439 0.408648 0.000000
vt 0.840439 0.452497 0.000000
vt 0.870889 0.447625 0.000000
vt 0.872107 0.420828 0.000000
vt 0.838003 0.503654 0.000000
vt 0.874543 0.486602 0.000000
vt 0.118149 0.394032 0.000000
vt 0.116931 0.525578 0.000000
vt 0.924482 0.442753 0.000000
vt 0.573691 0.381851 0.000000
vt 0.532278 0.381851 0.000000
vt 0.533496 0.486602 0.000000
vt 0.573691 0.489038 0.000000
vt 0.643118 0.379415 0.000000
vt 0.644336 0.474421 0.000000
vt 0.684531 0.467113 0.000000
vt 0.682095 0.376979 0.000000
vt 0.188794 0.552375 0.000000
vt 0.194884 0.481730 0.000000
vt 0.153471 0.471985 0.000000
vt 0.148599 0.542631 0.000000
vt 0.489647 0.491474 0.000000
vt 0.489647 0.615713 0.000000
vt 0.532278 0.618149 0.000000
vt 0.577345 0.615713 0.000000
vt 0.231425 0.562119 0.000000
vt 0.271620 0.569427 0.000000
vt 0.274056 0.493910 0.000000
vt 0.237515 0.481730 0.000000
vt 0.489647 0.389160 0.000000
vt 0.431182 0.401340 0.000000
vt 0.433618 0.496346 0.000000
vt 0.723508 0.464677 0.000000
vt 0.725944 0.374543 0.000000
vt 0.436054 0.608404 0.000000
vt 0.611449 0.608404 0.000000
vt 0.606577 0.479294 0.000000
vt 0.200974 0.413520 0.000000
vt 0.158343 0.406212 0.000000
vt 0.602923 0.374543 0.000000
vt 0.646772 0.596224 0.000000
vt 0.278928 0.420828 0.000000
vt 0.242387 0.418392 0.000000
vt 0.323995 0.586480 0.000000
vt 0.376370 0.593788 0.000000
vt 0.375152 0.501218 0.000000
vt 0.326431 0.491474 0.000000
vt 0.780755 0.459805 0.000000
vt 0.783191 0.386723 0.000000
vt 0.752741 0.381851 0.000000
vt 0.747868 0.462241 0.000000
vt 0.380024 0.408648 0.000000
vt 0.808770 0.396468 0.000000
vt 0.806334 0.459805 0.000000
vt 0.327649 0.418392 0.000000
vt 0.725944 0.562119 0.000000
vt 0.684531 0.581608 0.000000
vt 0.778319 0.537759 0.000000
vt 0.806334 0.528015 0.000000
vt 0.747868 0.549939 0.000000
vt 0.840439 0.408648 0.000000
vt 0.840439 0.452497 0.000000
vt 0.870889 0.447625 0.000000
vt 0.872107 0.420828 0.000000
vt 0.838003 0.503654 0.000000
vt 0.874543 0.486602 0.000000
vt 0.118149 0.394032 0.000000
vt 0.116931 0.525578 0.000000
vt 0.924482 0.442753 0.000000
vt 0.573691 0.381851 0.000000
vt 0.532278 0.381851 0.000000
vt 0.533496 0.486602 0.000000
vt 0.573691 0.489038 0.000000
vt 0.643118 0.379415 0.000000
vt 0.644336 0.474421 0.000000
vt 0.684531 0.467113 0.000000
vt 0.682095 0.376979 0.000000
vt 0.188794 0.552375 0.000000
vt 0.194884 0.481730 0.000000
vt 0.153471 0.471985 0.000000
vt 0.148599 0.542631 0.000000
vt 0.489647 0.491474 0.000000
vt 0.489647 0.615713 0.000000
vt 0.532278 0.618149 0.000000
vt 0.577345 0.615713 0.000000
vt 0.231425 0.562119 0.000000
vt 0.271620 0.569427 0.000000
vt 0.274056 0.493910 0.000000
vt 0.237515 0.481730 0.000000
vt 0.489647 0.389160 0.000000
vt 0.431182 0.401340 0.000000
vt 0.433618 0.496346 0.000000
vt 0.723508 0.464677 0.000000
vt 0.725944 0.374543 0.000000
vt 0.436054 0.608404 0.000000
vt 0.611449 0.608404 0.000000
vt 0.606577 0.479294 0.000000
vt 0.200974 0.413520 0.000000
vt 0.158343 0.406212 0.000000
vt 0.602923 0.374543 0.000000
vt 0.646772 0.596224 0.000000
vt 0.278928 0.420828 0.000000
vt 0.242387 0.418392 0.000000
vt 0.323995 0.586480 0.000000
vt 0.376370 0.593788 0.000000
vt 0.375152 0.501218 0.000000
vt 0.326431 0.491474 0.000000
vt 0.780755 0.459805 0.000000
vt 0.783191 0.386723 0.000000
vt 0.752741 0.381851 0.000000
vt 0.747868 0.462241 0.000000
vt 0.380024 0.408648 0.000000
vt 0.808770 0.396468 0.000000
vt 0.806334 0.459805 0.000000
vt 0.327649 0.418392 0.000000
vt 0.725944 0.562119 0.000000
vt 0.684531 0.581608 0.000000
vt 0.778319 0.537759 0.000000
vt 0.806334 0.528015 0.000000
vt 0.747868 0.549939 0.000000
vt 0.840439 0.408648 0.000000
vt 0.840439 0.452497 0.000000
vt 0.870889 0.447625 0.000000
vt 0.872107 0.420828 0.000000
vt 0.838003 0.503654 0.000000
vt 0.874543 0.486602 0.000000
vt 0.118149 0.394032 0.000000
vt 0.116931 0.525578 0.000000
vt 0.924482 0.442753 0.000000
vt 0.573691 0.381851 0.000000
vt 0.573691 0.489038 0.000000
vt 0.533496 0.486602 0.000000
vt 0.532278 0.381851 0.000000
vt 0.643118 0.379415 0.000000
vt 0.682095 0.376979 0.000000
vt 0.684531 0.467113 0.000000
vt 0.644336 0.474421 0.000000
vt 0.188794 0.552375 0.000000
vt 0.148599 0.542631 0.000000
vt 0.153471 0.471985 0.000000
vt 0.194884 0.481730 0.000000
vt 0.489647 0.491474 0.000000
vt 0.532278 0.618149 0.000000
vt 0.489647 0.615713 0.000000
vt 0.577345 0.615713 0.000000
vt 0.231425 0.562119 0.000000
vt 0.237515 0.481730 0.000000
vt 0.274056 0.493910 0.000000
vt 0.271620 0.569427 0.000000
vt 0.433618 0.496346 0.000000
vt 0.431182 0.401340 0.000000
vt 0.489647 0.389160 0.000000
vt 0.723508 0.464677 0.000000
vt 0.725944 0.374543 0.000000
vt 0.436054 0.608404 0.000000
vt 0.606577 0.479294 0.000000
vt 0.611449 0.608404 0.000000
vt 0.158343 0.406212 0.000000
vt 0.200974 0.413520 0.000000
vt 0.602923 0.374543 0.000000
vt 0.646772 0.596224 0.000000
vt 0.242387 0.418392 0.000000
vt 0.278928 0.420828 0.000000
vt 0.323995 0.586480 0.000000
vt 0.326431 0.491474 0.000000
vt 0.375152 0.501218 0.000000
vt 0.376370 0.593788 0.000000
vt 0.780755 0.459805 0.000000
vt 0.747868 0.462241 0.000000
vt 0.752741 0.381851 0.000000
vt 0.783191 0.386723 0.000000
vt 0.380024 0.408648 0.000000
vt 0.808770 0.396468 0.000000
vt 0.806334 0.459805 0.000000
vt 0.327649 0.418392 0.000000
vt 0.725944 0.562119 0.000000
vt 0.684531 0.581608 0.000000
vt 0.806334 0.528015 0.000000
vt 0.778319 0.537759 0.000000
vt 0.747868 0.549939 0.000000
vt 0.840439 0.408648 0.000000
vt 0.872107 0.420828 0.000000
vt 0.870889 0.447625 0.000000
vt 0.840439 0.452497 0.000000
vt 0.874543 0.486602 0.000000
vt 0.838003 0.503654 0.000000
vt 0.118149 0.394032 0.000000
vt 0.116931 0.525578 0.000000
vt 0.924482 0.442753 0.000000
vt 0.573691 0.381851 0.000000
vt 0.573691 0.489038 0.000000
vt 0.533496 0.486602 0.000000
vt 0.532278 0.381851 0.000000
vt 0.643118 0.379415 0.000000
vt 0.682095 0.376979 0.000000
vt 0.684531 0.467113 0.000000
vt 0.644336 0.474421 0.000000
vt 0.188794 0.552375 0.000000
vt 0.148599 0.542631 0.000000
vt 0.153471 0.471985 0.000000
vt 0.194884 0.481730 0.000000
vt 0.489647 0.491474 0.000000
vt 0.532278 0.618149 0.000000
vt 0.489647 0.615713 0.000000
vt 0.577345 0.615713 0.000000
vt 0.231425 0.562119 0.000000
vt 0.237515 0.481730 0.000000
vt 0.274056 0.493910 0.000000
vt 0.271620 0.569427 0.000000
vt 0.433618 0.496346 0.000000
vt 0.431182 0.401340 0.000000
vt 0.489647 0.389160 0.000000
vt 0.723508 0.464677 0.000000
vt 0.725944 0.374543 0.000000
vt 0.436054 0.608404 0.000000
vt 0.606577 0.479294 0.000000
vt 0.611449 0.608404 0.000000
vt 0.158343 0.406212 0.000000
vt 0.200974 0.413520 0.000000
vt 0.602923 0.374543 0.000000
vt 0.646772 0.596224 0.000000
vt 0.242387 0.418392 0.000000
vt 0.278928 0.420828 0.000000
vt 0.323995 0.586480 0.000000
vt 0.326431 0.491474 0.000000
vt 0.375152 0.501218 0.000000
vt 0.376370 0.593788 0.000000
vt 0.780755 0.459805 0.000000
vt 0.747868 0.462241 0.000000
vt 0.752741 0.381851 0.000000
vt 0.783191 0.386723 0.000000
vt 0.380024 0.408648 0.000000
vt 0.808770 0.396468 0.000000
vt 0.806334 0.459805 0.000000
vt 0.327649 0.418392 0.000000
vt 0.725944 0.562119 0.000000
vt 0.684531 0.581608 0.000000
vt 0.806334 0.528015 0.000000
vt 0.778319 0.537759 0.000000
vt 0.747868 0.549939 0.000000
vt 0.840439 0.408648 0.000000
vt 0.872107 0.420828 0.000000
vt 0.870889 0.447625 0.000000
vt 0.840439 0.452497 0.000000
vt 0.874543 0.486602 0.000000
vt 0.838003 0.503654 0.000000
vt 0.118149 0.394032 0.000000
vt 0.116931 0.525578 0.000000
vt 0.924482 0.442753 0.000000
vt 0.573691 0.381851 0.000000
vt 0.573691 0.489038 0.000000
vt 0.533496 0.486602 0.000000
vt 0.532278 0.381851 0.000000
vt 0.643118 0.379415 0.000000
vt 0.682095 0.376979 0.000000
vt 0.684531 0.467113 0.000000
vt 0.644336 0.474421 0.000000
vt 0.188794 0.552375 0.000000
vt 0.148599 0.542631 0.000000
vt 0.153471 0.471985 0.000000
vt 0.194884 0.481730 0.000000
vt 0.489647 0.491474 0.000000
vt 0.532278 0.618149 0.000000
vt 0.489647 0.615713 0.000000
vt 0.577345 0.615713 0.000000
vt 0.231425 0.562119 0.000000
vt 0.237515 0.481730 0.000000
vt 0.274056 0.493910 0.000000
vt 0.271620 0.569427 0.000000
vt 0.433618 0.496346 0.000000
vt 0.431182 0.401340 0.000000
vt 0.489647 0.389160 0.000000
vt 0.723508 0.464677 0.000000
vt 0.725944 0.374543 0.000000
vt 0.436054 0.608404 0.000000
vt 0.606577 0.479294 0.000000
vt 0.611449 0.608404 0.000000
vt 0.158343 0.406212 0.000000
vt 0.200974 0.413520 0.000000
vt 0.602923 0.374543 0.000000
vt 0.646772 0.596224 0.000000
vt 0.242387 0.418392 0.000000
vt 0.278928 0.420828 0.000000
vt 0.323995 0.586480 0.000000
vt 0.326431 0.491474 0.000000
vt 0.375152 0.501218 0.000000
vt 0.376370 0.593788 0.000000
vt 0.780755 0.459805 0.000000
vt 0.747868 0.462241 0.000000
vt 0.752741 0.381851 0.000000
vt 0.783191 0.386723 0.000000
vt 0.380024 0.408648 0.000000
vt 0.808770 0.396468 0.000000
vt 0.806334 0.459805 0.000000
vt 0.327649 0.418392 0.000000
vt 0.725944 0.562119 0.000000
vt 0.684531 0.581608 0.000000
vt 0.806334 0.528015 0.000000
vt 0.778319 0.537759 0.000000
vt 0.747868 0.549939 0.000000
vt 0.840439 0.408648 0.000000
vt 0.872107 0.420828 0.000000
vt 0.870889 0.447625 0.000000
vt 0.840439 0.452497 0.000000
vt 0.874543 0.486602 0.000000
vt 0.838003 0.503654 0.000000
vt 0.118149 0.394032 0.000000
vt 0.116931 0.525578 0.000000
vt 0.924482 0.442753 0.000000
vt 0.573691 0.381851 0.000000
vt 0.532278 0.381851 0.000000
vt 0.533496 0.486602 0.000000
vt 0.573691 0.489038 0.000000
vt 0.643118 0.379415 0.000000
vt 0.644336 0.474421 0.000000
vt 0.684531 0.467113 0.000000
vt 0.682095 0.376979 0.000000
vt 0.188794 0.552375 0.000000
vt 0.194884 0.481730 0.000000
vt 0.153471 0.471985 0.000000
vt 0.148599 0.542631 0.000000
vt 0.489647 0.491474 0.000000
vt 0.489647 0.615713 0.000000
vt 0.532278 0.618149 0.000000
vt 0.577345 0.615713 0.000000
vt 0.231425 0.562119 0.000000
vt 0.271620 0.569427 0.000000
vt 0.274056 0.493910 0.000000
vt 0.237515 0.481730 0.000000
vt 0.489647 0.389160 0.000000
vt 0.431182 0.401340 0.000000
vt 0.433618 0.496346 0.000000
vt 0.723508 0.464677 0.000000
vt 0.725944 0.374543 0.000000
vt 0.436054 0.608404 0.000000
vt 0.611449 0.608404 0.000000
vt 0.606577 0.479294 0.000000
vt 0.200974 0.413520 0.000000
vt 0.158343 0.406212 0.000000
vt 0.602923 0.374543 0.000000
vt 0.646772 0.596224 0.000000
vt 0.278928 0.420828 0.000000
vt 0.242387 0.418392 0.000000
vt 0.323995 0.586480 0.000000
vt 0.376370 0.593788 0.000000
vt 0.375152 0.501218 0.000000
vt 0.326431 0.491474 0.000000
vt 0.780755 0.459805 0.000000
vt 0.783191 0.386723 0.000000
vt 0.752741 0.381851 0.000000
vt 0.747868 0.462241 0.000000
vt 0.380024 0.408648 0.000000
vt 0.808770 0.396468 0.000000
vt 0.806334 0.459805 0.000000
vt 0.327649 0.418392 0.000000
vt 0.725944 0.562119 0.000000
vt 0.684531 0.581608 0.000000
vt 0.778319 0.537759 0.000000
vt 0.806334 0.528015 0.000000
vt 0.747868 0.549939 0.000000
vt 0.840439 0.408648 0.000000
vt 0.840439 0.452497 0.000000
vt 0.870889 0.447625 0.000000
vt 0.872107 0.420828 0.000000
vt 0.838003 0.503654 0.000000
vt 0.874543 0.486602 0.000000
vt 0.118149 0.394032 0.000000
vt 0.116931 0.525578 0.000000
vt 0.924482 0.442753 0.000000
vt 0.573691 0.381851 0.000000
vt 0.573691 0.489038 0.000000
vt 0.533496 0.486602 0.000000
vt 0.532278 0.381851 0.000000
vt 0.643118 0.379415 0.000000
vt 0.682095 0.376979 0.000000
vt 0.684531 0.467113 0.000000
vt 0.644336 0.474421 0.000000
vt 0.188794 0.552375 0.000000
vt 0.148599 0.542631 0.000000
vt 0.153471 0.471985 0.000000
vt 0.194884 0.481730 0.000000
vt 0.489647 0.491474 0.000000
vt 0.532278 0.618149 0.000000
vt 0.489647 0.615713 0.000000
vt 0.577345 0.615713 0.000000
vt 0.231425 0.562119 0.000000
vt 0.237515 0.481730 0.000000
vt 0.274056 0.493910 0.000000
vt 0.271620 0.569427 0.000000
vt 0.433618 0.496346 0.000000
vt 0.431182 0.401340 0.000000
vt 0.489647 0.389160 0.000000
vt 0.723508 0.464677 0.000000
vt 0.725944 0.374543 0.000000
vt 0.436054 0.608404 0.000000
vt 0.606577 0.479294 0.000000
vt 0.611449 0.608404 0.000000
vt 0.158343 0.406212 0.000000
vt 0.200974 0.413520 0.000000
vt 0.602923 0.374543 0.000000
vt 0.646772 0.596224 0.000000
vt 0.242387 0.418392 0.000000
vt 0.278928 0.420828 0.000000
vt 0.323995 0.586480 0.000000
vt 0.326431 0.491474 0.000000
vt 0.375152 0.501218 0.000000
vt 0.376370 0.593788 0.000000
vt 0.780755 0.459805 0.000000
vt 0.747868 0.462241 0.000000
vt 0.752741 0.381851 0.000000
vt 0.783191 0.386723 0.000000
vt 0.380024 0.408648 0.000000
vt 0.808770 0.396468 0.000000
vt 0.806334 0.459805 0.000000
vt 0.327649 0.418392 0.000000
vt 0.725944 0.562119 0.000000
vt 0.684531 0.581608 0.000000
vt 0.806334 0.528015 0.000000
vt 0.778319 0.537759 0.000000
vt 0.747868 0.549939 0.000000
vt 0.840439 0.408648 0.000000
vt 0.872107 0.420828 0.000000
vt 0.870889 0.447625 0.000000
vt 0.840439 0.452497 0.000000
vt 0.874543 0.486602 0.000000
vt 0.838003 0.503654 0.000000
vt 0.118149 0.394032 0.000000
vt 0.116931 0.525578 0.000000
vt 0.924482 0.442753 0.000000
vt 0.573691 0.381851 0.000000
vt 0.573691 0.489038 0.000000
vt 0.533496 0.486602 0.000000
vt 0.532278 0.381851 0.000000
vt 0.643118 0.379415 0.000000
vt 0.682095 0.376979 0.000000
vt 0.684531 0.467113 0.000000
vt 0.644336 0.474421 0.000000
vt 0.188794 0.552375 0.000000
vt 0.148599 0.542631 0.000000
vt 0.153471 0.471985 0.000000
vt 0.194884 0.481730 0.000000
vt 0.489647 0.491474 0.000000
vt 0.532278 0.618149 0.000000
vt 0.489647 0.615713 0.000000
vt 0.577345 0.615713 0.000000
vt 0.231425 0.562119 0.000000
vt 0.237515 0.481730 0.000000
vt 0.274056 0.493910 0.000000
vt 0.271620 0.569427 0.000000
vt 0.433618 0.496346 0.000000
vt 0.431182 0.401340 0.000000
vt 0.489647 0.389160 0.000000
vt 0.723508 0.464677 0.000000
vt 0.725944 0.374543 0.000000
vt 0.436054 0.608404 0.000000
vt 0.606577 0.479294 0.000000
vt 0.611449 0.608404 0.000000
vt 0.158343 0.406212 0.000000
vt 0.200974 0.413520 0.000000
vt 0.602923 0.374543 0.000000
vt 0.646772 0.596224 0.000000
vt 0.242387 0.418392 0.000000
vt 0.278928 0.420828 0.000000
vt 0.323995 0.586480 0.000000
vt 0.326431 0.491474 0.000000
vt 0.375152 0.501218 0.000000
vt 0.376370 0.593788 0.000000
vt 0.780755 0.459805 0.000000
vt 0.747868 0.462241 0.000000
vt 0.752741 0.381851 0.000000
vt 0.783191 0.386723 0.000000
vt 0.380024 0.408648 0.000000
vt 0.808770 0.396468 0.000000
vt 0.806334 0.459805 0.000000
vt 0.327649 0.418392 0.000000
vt 0.725944 0.562119 0.000000
vt 0.684531 0.581608 0.000000
vt 0.806334 0.528015 0.000000
vt 0.778319 0.537759 0.000000
vt 0.747868 0.549939 0.000000
vt 0.840439 0.408648 0.000000
vt 0.872107 0.420828 0.000000
vt 0.870889 0.447625 0.000000
vt 0.840439 0.452497 0.000000
vt 0.874543 0.486602 0.000000
vt 0.838003 0.503654 0.000000
vt 0.118149 0.394032 0.000000
vt 0.116931 0.525578 0.000000
vt 0.924482 0.442753 0.000000
vt 0.573691 0.381851 0.000000
vt 0.532278 0.381851 0.000000
vt 0.533496 0.486602 0.000000
vt 0.573691 0.489038 0.000000
vt 0.643118 0.379415 0.000000
vt 0.644336 0.474421 0.000000
vt 0.684531 0.467113 0.000000
vt 0.682095 0.376979 0.000000
vt 0.188794 0.552375 0.000000
vt 0.194884 0.481730 0.000000
vt 0.153471 0.471985 0.000000
vt 0.148599 0.542631 0.000000
vt 0.489647 0.491474 0.000000
vt 0.489647 0.615713 0.000000
vt 0.532278 0.618149 0.000000
vt 0.577345 0.615713 0.000000
vt 0.231425 0.562119 0.000000
vt 0.271620 0.569427 0.000000
vt 0.274056 0.493910 0.000000
vt 0.237515 0.481730 0.000000
vt 0.489647 0.389160 0.000000
vt 0.431182 0.401340 0.000000
vt 0.433618 0.496346 0.000000
vt 0.723508 0.464677 0.000000
vt 0.725944 0.374543 0.000000
vt 0.436054 0.608404 0.000000
vt 0.611449 0.608404 0.000000
vt 0.606577 0.479294 0.000000
vt 0.200974 0.413520 0.000000
vt 0.158343 0.406212 0.000000
vt 0.602923 0.374543 0.000000
vt 0.646772 0.596224 0.000000
vt 0.278928 0.420828 0.000000
vt 0.242387 0.418392 0.000000
vt 0.323995 0.586480 0.000000
vt 0.376370 0.593788 0.000000
vt 0.375152 0.501218 0.000000
vt 0.326431 0.491474 0.000000
vt 0.780755 0.459805 0.000000
vt 0.783191 0.386723 0.000000
vt 0.752741 0.381851 0.000000
vt 0.747868 0.462241 0.000000
vt 0.380024 0.408648 0.000000
vt 0.808770 0.396468 0.000000
vt 0.806334 0.459805 0.000000
vt 0.327649 0.418392 0.000000
vt 0.725944 0.562119 0.000000
vt 0.684531 0.581608 0.000000
vt 0.778319 0.537759 0.000000
vt 0.806334 0.528015 0.000000
vt 0.747868 0.549939 0.000000
vt 0.840439 0.408648 0.000000
vt 0.840439 0.452497 0.000000
vt 0.870889 0.447625 0.000000
vt 0.872107 0.420828 0.000000
vt 0.838003 0.503654 0.000000
vt 0.874543 0.486602 0.000000
vt 0.118149 0.394032 0.000000
vt 0.116931 0.525578 0.000000
vt 0.924482 0.442753 0.000000
vt 0.573691 0.381851 0.000000
vt 0.532278 0.381851 0.000000
vt 0.533496 0.486602 0.000000
vt 0.573691 0.489038 0.000000
vt 0.643118 0.379415 0.000000
vt 0.644336 0.474421 0.000000
vt 0.684531 0.467113 0.000000
vt 0.682095 0.376979 0.000000
vt 0.188794 0.552375 0.000000
vt 0.194884 0.481730 0.000000
vt 0.153471 0.471985 0.000000
vt 0.148599 0.542631 0.000000
vt 0.489647 0.491474 0.000000
vt 0.489647 0.615713 0.000000
vt 0.532278 0.618149 0.000000
vt 0.577345 0.615713 0.000000
vt 0.231425 0.562119 0.000000
vt 0.271620 0.569427 0.000000
vt 0.274056 0.493910 0.000000
vt 0.237515 0.481730 0.000000
vt 0.489647 0.389160 0.000000
vt 0.431182 0.401340 0.000000
vt 0.433618 0.496346 0.000000
vt 0.723508 0.464677 0.000000
vt 0.725944 0.374543 0.000000
vt 0.436054 0.608404 0.000000
vt 0.611449 0.608404 0.000000
vt 0.606577 0.479294 0.000000
vt 0.200974 0.413520 0.000000
vt 0.158343 0.406212 0.000000
vt 0.602923 0.374543 0.000000
vt 0.646772 0.596224 0.000000
vt 0.278928 0.420828 0.000000
vt 0.242387 0.418392 0.000000
vt 0.323995 0.586480 0.000000
vt 0.376370 0.593788 0.000000
vt 0.375152 0.501218 0.000000
vt 0.326431 0.491474 0.000000
vt 0.780755 0.459805 0.000000
vt 0.783191 0.386723 0.000000
vt 0.752741 0.381851 0.000000
vt 0.747868 0.462241 0.000000
vt 0.380024 0.408648 0.000000
vt 0.808770 0.396468 0.000000
vt 0.806334 0.459805 0.000000
vt 0.327649 0.418392 0.000000
vt 0.725944 0.562119 0.000000
vt 0.684531 0.581608 0.000000
vt 0.778319 0.537759 0.000000
vt 0.806334 0.528015 0.000000
vt 0.747868 0.549939 0.000000
vt 0.840439 0.408648 0.000000
vt 0.840439 0.452497 0.000000
vt 0.870889 0.447625 0.000000
vt 0.872107 0.420828 0.000000
vt 0.838003 0.503654 0.000000
vt 0.874543 0.486602 0.000000
vt 0.118149 0.394032 0.000000
vt 0.116931 0.525578 0.000000
vt 0.924482 0.442753 0.000000
vt 0.573691 0.381851 0.000000
vt 0.573691 0.489038 0.000000
vt 0.533496 0.486602 0.000000
vt 0.532278 0.381851 0.000000
vt 0.643118 0.379415 0.000000
vt 0.682095 0.376979 0.000000
vt 0.684531 0.467113 0.000000
vt 0.644336 0.474421 0.000000
vt 0.188794 0.552375 0.000000
vt 0.148599 0.542631 0.000000
vt 0.153471 0.471985 0.000000
vt 0.194884 0.481730 0.000000
vt 0.489647 0.491474 0.000000
vt 0.532278 0.618149 0.000000
vt 0.489647 0.615713 0.000000
vt 0.577345 0.615713 0.000000
vt 0.231425 0.562119 0.000000
vt 0.237515 0.481730 0.000000
vt 0.274056 0.493910 0.000000
vt 0.271620 0.569427 0.000000
vt 0.433618 0.496346 0.000000
vt 0.431182 0.401340 0.000000
vt 0.489647 0.389160 0.000000
vt 0.723508 0.464677 0.000000
vt 0.725944 0.374543 0.000000
vt 0.436054 0.608404 0.000000
vt 0.606577 0.479294 0.000000
vt 0.611449 0.608404 0.000000
vt 0.158343 0.406212 0.000000
vt 0.200974 0.413520 0.000000
vt 0.602923 0.374543 0.000000
vt 0.646772 0.596224 0.000000
vt 0.242387 0.418392 0.000000
vt 0.278928 0.420828 0.000000
vt 0.323995 0.586480 0.000000
vt 0.326431 0.491474 0.000000
vt 0.375152 0.501218 0.000000
vt 0.376370 0.593788 0.000000
vt 0.780755 0.459805 0.000000
vt 0.747868 0.462241 0.000000
vt 0.752741 0.381851 0.000000
vt 0.783191 0.386723 0.000000
vt 0.380024 0.408648 0.000000
vt 0.808770 0.396468 0.000000
vt 0.806334 0.459805 0.000000
vt 0.327649 0.418392 0.000000
vt 0.725944 0.562119 0.000000
vt 0.684531 0.581608 0.000000
vt 0.806334 0.528015 0.000000
vt 0.778319 0.537759 0.000000
vt 0.747868 0.549939 0.000000
vt 0.840439 0.408648 0.000000
vt 0.872107 0.420828 0.000000
vt 0.870889 0.447625 0.000000
vt 0.840439 0.452497 0.000000
vt 0.874543 0.486602 0.000000
vt 0.838003 0.503654 0.000000
vt 0.118149 0.394032 0.000000
vt 0.116931 0.525578 0.000000
vt 0.924482 0.442753 0.000000
vt 0.573691 0.381851 0.000000
vt 0.573691 0.489038 0.000000
vt 0.533496 0.486602 0.000000
vt 0.532278 0.381851 0.000000
vt 0.643118 0.379415 0.000000
vt 0.682095 0.376979 0.000000
vt 0.684531 0.467113 0.000000
vt 0.644336 0.474421 0.000000
vt 0.188794 0.552375 0.000000
vt 0.148599 0.542631 0.000000
vt 0.153471 0.471985 0.000000
vt 0.194884 0.481730 0.000000
vt 0.489647 0.491474 0.000000
vt 0.532278 0.618149 0.000000
vt 0.489647 0.615713 0.000000
vt 0.577345 0.615713 0.000000
vt 0.231425 0.562119 0.000000
vt 0.237515 0.481730 0.000000
vt 0.274056 0.493910 0.000000
vt 0.271620 0.569427 0.000000
vt 0.433618 0.496346 0.000000
vt 0.431182 0.401340 0.000000
vt 0.489647 0.389160 0.000000
vt 0.723508 0.464677 0.000000
vt 0.725944 0.374543 0.000000
vt 0.436054 0.608404 0.000000
vt 0.606577 0.479294 0.000000
vt 0.611449 0.608404 0.000000
vt 0.158343 0.406212 0.000000
vt 0.200974 0.413520 0.000000
vt 0.602923 0.374543 0.000000
vt 0.646772 0.596224 0.000000
vt 0.242387 0.418392 0.000000
vt 0.278928 0.420828 0.000000
vt 0.323995 0.586480 0.000000
vt 0.326431 0.491474 0.000000
vt 0.375152 0.501218 0.000000
vt 0.376370 0.593788 0.000000
vt 0.780755 0.459805 0.000000
vt 0.747868 0.462241 0.000000
vt 0.752741 0.381851 0.000000
vt 0.783191 0.386723 0.000000
vt 0.380024 0.408648 0.000000
vt 0.808770 0.396468 0.000000
vt 0.806334 0.459805 0.000000
vt 0.327649 0.418392 0.000000
vt 0.725944 0.562119 0.000000
vt 0.684531 0.581608 0.000000
vt 0.806334 0.528015 0.000000
vt 0.778319 0.537759 0.000000
vt 0.747868 0.549939 0.000000
vt 0.840439 0.408648 0.000000
vt 0.872107 0.420828 0.000000
vt 0.870889 0.447625 0.000000
vt 0.840439 0.452497 0.000000
vt 0.874543 0.486602 0.000000
vt 0.838003 0.503654 0.000000
vt 0.118149 0.394032 0.000000
vt 0.116931 0.525578 0.000000
vt 0.924482 0.442753 0.000000
vt 0.573691 0.381851 0.000000
vt 0.573691 0.489038 0.000000
vt 0.533496 0.486602 0.000000
vt 0.532278 0.381851 0.000000
vt 0.643118 0.379415 0.000000
vt 0.682095 0.376979 0.000000
vt 0.684531 0.467113 0.000000
vt 0.644336 0.474421 0.000000
vt 0.188794 0.552375 0.000000
vt 0.148599 0.542631 0.000000
vt 0.153471 0.471985 0.000000
vt 0.194884 0.481730 0.000000
vt 0.489647 0.491474 0.000000
vt 0.532278 0.618149 0.000000
vt 0.489647 0.615713 0.000000
vt 0.577345 0.615713 0.000000
vt 0.231425 0.562119 0.000000
vt 0.237515 0.481730 0.000000
vt 0.274056 0.493910 0.000000
vt 0.271620 0.569427 0.000000
vt 0.433618 0.496346 0.000000
vt 0.431182 0.401340 0.000000
vt 0.489647 0.389160 0.000000
vt 0.723508 0.464677 0.000000
vt 0.725944 0.374543 0.000000
vt 0.436054 0.608404 0.000000
vt 0.606577 0.479294 0.000000
vt 0.611449 0.608404 0.000000
vt 0.158343 0.406212 0.000000
vt 0.200974 0.413520 0.000000
vt 0.602923 0.374543 0.000000
vt 0.646772 0.596224 0.000000
vt 0.242387 0.418392 0.000000
vt 0.278928 0.420828 0.000000
vt 0.323995 0.586480 0.000000
vt 0.326431 0.491474 0.000000
vt 0.375152 0.501218 0.000000
vt 0.376370 0.593788 0.000000
vt 0.780755 0.459805 0.000000
vt 0.747868 0.462241 0.000000
vt 0.752741 0.381851 0.000000
vt 0.783191 0.386723 0.000000
vt 0.380024 0.408648 0.000000
vt 0.808770 0.396468 0.000000
vt 0.806334 0.459805 0.000000
vt 0.327649 0.418392 0.000000
vt 0.725944 0.562119 0.000000
vt 0.684531 0.581608 0.000000
vt 0.806334 0.528015 0.000000
vt 0.778319 0.537759 0.000000
vt 0.747868 0.549939 0.000000
vt 0.840439 0.408648 0.000000
vt 0.872107 0.420828 0.000000
vt 0.870889 0.447625 0.000000
vt 0.840439 0.452497 0.000000
vt 0.874543 0.486602 0.000000
vt 0.838003 0.503654 0.000000
vt 0.118149 0.394032 0.000000
vt 0.116931 0.525578 0.000000
vt 0.924482 0.442753 0.000000
vt 0.573691 0.381851 0.000000
vt 0.532278 0.381851 0.000000
vt 0.533496 0.486602 0.000000
vt 0.573691 0.489038 0.000000
vt 0.643118 0.379415 0.000000
vt 0.644336 0.474421 0.000000
vt 0.684531 0.467113 0.000000
vt 0.682095 0.376979 0.000000
vt 0.188794 0.552375 0.000000
vt 0.194884 0.481730 0.000000
vt 0.153471 0.471985 0.000000
vt 0.148599 0.542631 0.000000
vt 0.489647 0.491474 0.000000
vt 0.489647 0.615713 0.000000
vt 0.532278 0.618149 0.000000
vt 0.577345 0.615713 0.000000
vt 0.231425 0.562119 0.000000
vt 0.271620 0.569427 0.000000
vt 0.274056 0.493910 0.000000
vt 0.237515 0.481730 0.000000
vt 0.489647 0.389160 0.000000
vt 0.431182 0.401340 0.000000
vt 0.433618 0.496346 0.000000
vt 0.723508 0.464677 0.000000
vt 0.725944 0.374543 0.000000
vt 0.436054 0.608404 0.000000
vt 0.611449 0.608404 0.000000
vt 0.606577 0.479294 0.000000
vt 0.200974 0.413520 0.000000
vt 0.158343 0.406212 0.000000
vt 0.602923 0.374543 0.000000
vt 0.646772 0.596224 0.000000
vt 0.278928 0.420828 0.000000
vt 0.242387 0.418392 0.000000
vt 0.323995 0.586480 0.000000
vt 0.376370 0.593788 0.000000
vt 0.375152 0.501218 0.000000
vt 0.326431 0.491474 0.000000
vt 0.780755 0.459805 0.000000
vt 0.783191 0.386723 0.000000
vt 0.752741 0.381851 0.000000
vt 0.747868 0.462241 0.000000
vt 0.380024 0.408648 0.000000
vt 0.808770 0.396468 0.000000
vt 0.806334 0.459805 0.000000
vt 0.327649 0.418392 0.000000
vt 0.725944 0.562119 0.000000
vt 0.684531 0.581608 0.000000
vt 0.778319 0.537759 0.000000
vt 0.806334 0.528015 0.000000
vt 0.747868 0.549939 0.000000
vt 0.840439 0.408648 0.000000
vt 0.840439 0.452497 0.000000
vt 0.870889 0.447625 0.000000
vt 0.872107 0.420828 0.000000
vt 0.838003 0.503654 0.000000
vt 0.874543 0.486602 0.000000
vt 0.118149 0.394032 0.000000
vt 0.116931 0.525578 0.000000
vt 0.924482 0.442753 0.000000
vt 0.573691 0.381851 0.000000
vt 0.573691 0.489038 0.000000
vt 0.533496 0.486602 0.000000
vt 0.532278 0.381851 0.000000
vt 0.643118 0.379415 0.000000
vt 0.682095 0.376979 0.000000
vt 0.684531 0.467113 0.000000
vt 0.644336 0.474421 0.000000
vt 0.188794 0.552375 0.000000
vt 0.148599 0.542631 0.000000
vt 0.153471 0.471985 0.000000
vt 0.194884 0.481730 0.000000
vt 0.489647 0.491474 0.000000
vt 0.532278 0.618149 0.000000
vt 0.489647 0.615713 0.000000
vt 0.577345 0.615713 0.000000
vt 0.231425 0.562119 0.000000
vt 0.237515 0.481730 0.000000
vt 0.274056 0.493910 0.000000
vt 0.271620 0.569427 0.000000
vt 0.433618 0.496346 0.000000
vt 0.431182 0.401340 0.000000
vt 0.489647 0.389160 0.000000
vt 0.723508 0.464677 0.000000
vt 0.725944 0.374543 0.000000
vt 0.436054 0.608404 0.000000
vt 0.606577 0.479294 0.000000
vt 0.611449 0.608404 0.000000
vt 0.158343 0.406212 0.000000
vt 0.200974 0.413520 0.000000
vt 0.602923 0.374543 0.000000
vt 0.646772 0.596224 0.000000
vt 0.242387 0.418392 0.000000
vt 0.278928 0.420828 0.000000
vt 0.323995 0.586480 0.000000
vt 0.326431 0.491474 0.000000
vt 0.375152 0.501218 0.000000
vt 0.376370 0.593788 0.000000
vt 0.780755 0.459805 0.000000
vt 0.747868 0.462241 0.000000
vt 0.752741 0.381851 0.000000
vt 0.783191 0.386723 0.000000
vt 0.380024 0.408648 0.000000
vt 0.808770 0.396468 0.000000
vt 0.806334 0.459805 0.000000
vt 0.327649 0.418392 0.000000
vt 0.725944 0.562119 0.000000
vt 0.684531 0.581608 0.000000
vt 0.806334 0.528015 0.000000
vt 0.778319 0.537759 0.000000
vt 0.747868 0.549939 0.000000
vt 0.840439 0.408648 0.000000
vt 0.872107 0.420828 0.000000
vt 0.870889 0.447625 0.000000
vt 0.840439 0.452497 0.000000
vt 0.874543 0.486602 0.000000
vt 0.838003 0.503654 0.000000
vt 0.118149 0.394032 0.000000
vt 0.116931 0.525578 0.000000
vt 0.924482 0.442753 0.000000
vt 0.573691 0.381851 0.000000
vt 0.532278 0.381851 0.000000
vt 0.533496 0.486602 0.000000
vt 0.573691 0.489038 0.000000
vt 0.643118 0.379415 0.000000
vt 0.644336 0.474421 0.000000
vt 0.684531 0.467113 0.000000
vt 0.682095 0.376979 0.000000
vt 0.188794 0.552375 0.000000
vt 0.194884 0.481730 0.000000
vt 0.153471 0.471985 0.000000
vt 0.148599 0.542631 0.000000
vt 0.489647 0.491474 0.000000
vt 0.489647 0.615713 0.000000
vt 0.532278 0.618149 0.000000
vt 0.577345 0.615713 0.000000
vt 0.231425 0.562119 0.000000
vt 0.271620 0.569427 0.000000
vt 0.274056 0.493910 0.000000
vt 0.237515 0.481730 0.000000
vt 0.489647 0.389160 0.000000
vt 0.431182 0.401340 0.000000
vt 0.433618 0.496346 0.000000
vt 0.723508 0.464677 0.000000
vt 0.725944 0.374543 0.000000
vt 0.436054 0.608404 0.000000
vt 0.611449 0.608404 0.000000
vt 0.606577 0.479294 0.000000
vt 0.200974 0.413520 0.000000
vt 0.158343 0.406212 0.000000
vt 0.602923 0.374543 0.000000
vt 0.646772 0.596224 0.000000
vt 0.278928 0.420828 0.000000
vt 0.242387 0.418392 0.000000
vt 0.323995 0.586480 0.000000
vt 0.376370 0.593788 0.000000
vt 0.375152 0.501218 0.000000
vt 0.326431 0.491474 0.000000
vt 0.780755 0.459805 0.000000
vt 0.783191 0.386723 0.000000
vt 0.752741 0.381851 0.000000
vt 0.747868 0.462241 0.000000
vt 0.380024 0.408648 0.000000
vt 0.808770 0.396468 0.000000
vt 0.806334 0.459805 0.000000
vt 0.327649 0.418392 0.000000
vt 0.725944 0.562119 0.000000
vt 0.684531 0.581608 0.000000
vt 0.778319 0.537759 0.000000
vt 0.806334 0.528015 0.000000
vt 0.747868 0.549939 0.000000
vt 0.840439 0.408648 0.000000
vt 0.840439 0.452497 0.000000
vt 0.870889 0.447625 0.000000
vt 0.872107 0.420828 0.000000
vt 0.838003 0.503654 0.000000
vt 0.874543 0.486602 0.000000
vt 0.118149 0.394032 0.000000
vt 0.116931 0.525578 0.000000
vt 0.924482 0.442753 0.000000
vt 0.573691 0.381851 0.000000
vt 0.532278 0.381851 0.000000
vt 0.533496 0.486602 0.000000
vt 0.573691 0.489038 0.000000
vt 0.643118 0.379415 0.000000
vt 0.644336 0.474421 0.000000
vt 0.684531 0.467113 0.000000
vt 0.682095 0.376979 0.000000
vt 0.188794 0.552375 0.000000
vt 0.194884 0.481730 0.000000
vt 0.153471 0.471985 0.000000
vt 0.148599 0.542631 0.000000
vt 0.489647 0.491474 0.000000
vt 0.489647 0.615713 0.000000
vt 0.532278 0.618149 0.000000
vt 0.577345 0.615713 0.000000
vt 0.231425 0.562119 0.000000
vt 0.271620 0.569427 0.000000
vt 0.274056 0.493910 0.000000
vt 0.237515 0.481730 0.000000
vt 0.489647 0.389160 0.000000
vt 0.431182 0.401340 0.000000
vt 0.433618 0.496346 0.000000
vt 0.723508 0.464677 0.000000
vt 0.725944 0.374543 0.000000
vt 0.436054 0.608404 0.000000
vt 0.611449 0.608404 0.000000
vt 0.606577 0.479294 0.000000
vt 0.200974 0.413520 0.000000
vt 0.158343 0.406212 0.000000
vt 0.602923 0.374543 0.000000
vt 0.646772 0.596224 0.000000
vt 0.278928 0.420828 0.000000
vt 0.242387 0.418392 0.000000
vt 0.323995 0.586480 0.000000
vt 0.376370 0.593788 0.000000
vt 0.375152 0.501218 0.000000
vt 0.326431 0.491474 0.000000
vt 0.780755 0.459805 0.000000
vt 0.783191 0.386723 0.000000
vt 0.752741 0.381851 0.000000
vt 0.747868 0.462241 0.000000
vt 0.380024 0.408648 0.000000
vt 0.808770 0.396468 0.000000
vt 0.806334 0.459805 0.000000
vt 0.327649 0.418392 0.000000
vt 0.725944 0.562119 0.000000
vt 0.684531 0.581608 0.000000
vt 0.778319 0.537759 0.000000
vt 0.806334 0.528015 0.000000
vt 0.747868 0.549939 0.000000
vt 0.840439 0.408648 0.000000
vt 0.840439 0.452497 0.000000
vt 0.870889 0.447625 0.000000
vt 0.872107 0.420828 0.000000
vt 0.838003 0.503654 0.000000
vt 0.874543 0.486602 0.000000
vt 0.118149 0.394032 0.000000
vt 0.116931 0.525578 0.000000
vt 0.924482 0.442753 0.000000
vt 0.573691 0.381851 0.000000
vt 0.532278 0.381851 0.000000
vt 0.533496 0.486602 0.000000
vt 0.573691 0.489038 0.000000
vt 0.643118 0.379415 0.000000
vt 0.644336 0.474421 0.000000
vt 0.684531 0.467113 0.000000
vt 0.682095 0.376979 0.000000
vt 0.188794 0.552375 0.000000
vt 0.194884 0.481730 0.000000
vt 0.153471 0.471985 0.000000
vt 0.148599 0.542631 0.000000
vt 0.489647 0.491474 0.000000
vt 0.489647 0.615713 0.000000
vt 0.532278 0.618149 0.000000
vt 0.577345 0.615713 0.000000
vt 0.231425 0.562119 0.000000
vt 0.271620 0.569427 0.000000
vt 0.274056 0.493910 0.000000
vt 0.237515 0.481730 0.000000
vt 0.489647 0.389160 0.000000
vt 0.431182 0.401340 0.000000
vt 0.433618 0.496346 0.000000
vt 0.723508 0.464677 0.000000
vt 0.725944 0.374543 0.000000
vt 0.436054 0.608404 0.000000
vt 0.611449 0.608404 0.000000
vt 0.606577 0.479294 0.000000
vt 0.200974 0.413520 0.000000
vt 0.158343 0.406212 0.000000
vt 0.602923 0.374543 0.000000
vt 0.646772 0.596224 0.000000
vt 0.278928 0.420828 0.000000
vt 0.242387 0.418392 0.000000
vt 0.323995 0.586480 0.000000
vt 0.376370 0.593788 0.000000
vt 0.375152 0.501218 0.000000
vt 0.326431 0.491474 0.000000
vt 0.780755 0.459805 0.000000
vt 0.783191 0.386723 0.000000
vt 0.752741 0.381851 0.000000
vt 0.747868 0.462241 0.000000
vt 0.380024 0.408648 0.000000
vt 0.808770 0.396468 0.000000
vt 0.806334 0.459805 0.000000
vt 0.327649 0.418392 0.000000
vt 0.725944 0.562119 0.000000
vt 0.684531 0.581608 0.000000
vt 0.778319 0.537759 0.000000
vt 0.806334 0.528015 0.000000
vt 0.747868 0.549939 0.000000
vt 0.840439 0.408648 0.000000
vt 0.840439 0.452497 0.000000
vt 0.870889 0.447625 0.000000
vt 0.872107 0.420828 0.000000
vt 0.838003 0.503654 0.000000
vt 0.874543 0.486602 0.000000
vt 0.118149 0.394032 0.000000
vt 0.116931 0.525578 0.000000
vt 0.924482 0.442753 0.000000
vt 0.573691 0.381851 0.000000
vt 0.532278 0.381851 0.000000
vt 0.533496 0.486602 0.000000
vt 0.573691 0.489038 0.000000
vt 0.643118 0.379415 0.000000
vt 0.644336 0.474421 0.000000
vt 0.684531 0.467113 0.000000
vt 0.682095 0.376979 0.000000
vt 0.188794 0.552375 0.000000
vt 0.194884 0.481730 0.000000
vt 0.153471 0.471985 0.000000
vt 0.148599 0.542631 0.000000
vt 0.489647 0.491474 0.000000
vt 0.489647 0.615713 0.000000
vt 0.532278 0.618149 0.000000
vt 0.577345 0.615713 0.000000
vt 0.231425 0.562119 0.000000
vt 0.271620 0.569427 0.000000
vt 0.274056 0.493910 0.000000
vt 0.237515 0.481730 0.000000
vt 0.489647 0.389160 0.000000
vt 0.431182 0.401340 0.000000
vt 0.433618 0.496346 0.000000
vt 0.723508 0.464677 0.000000
vt 0.725944 0.374543 0.000000
vt 0.436054 0.608404 0.000000
vt 0.611449 0.608404 0.000000
vt 0.606577 0.479294 0.000000
vt 0.200974 0.413520 0.000000
vt 0.158343 0.406212 0.000000
vt 0.602923 0.374543 0.000000
vt 0.646772 0.596224 0.000000
vt 0.278928 0.420828 0.000000
vt 0.242387 0.418392 0.000000
vt 0.323995 0.586480 0.000000
vt 0.376370 0.593788 0.000000
vt 0.375152 0.501218 0.000000
vt 0.326431 0.491474 0.000000
vt 0.780755 0.459805 0.000000
vt 0.783191 0.386723 0.000000
vt 0.752741 0.381851 0.000000
vt 0.747868 0.462241 0.000000
vt 0.380024 0.408648 0.000000
vt 0.808770 0.396468 0.000000
vt 0.806334 0.459805 0.000000
vt 0.327649 0.418392 0.000000
vt 0.725944 0.562119 0.000000
vt 0.684531 0.581608 0.000000
vt 0.778319 0.537759 0.000000
vt 0.806334 0.528015 0.000000
vt 0.747868 0.549939 0.000000
vt 0.840439 0.408648 0.000000
vt 0.840439 0.452497 0.000000
vt 0.870889 0.447625 0.000000
vt 0.872107 0.420828 0.000000
vt 0.838003 0.503654 0.000000
vt 0.874543 0.486602 0.000000
vt 0.118149 0.394032 0.000000
vt 0.116931 0.525578 0.000000
vt 0.924482 0.442753 0.000000
vt 0.573691 0.381851 0.000000
vt 0.532278 0.381851 0.000000
vt 0.533496 0.486602 0.000000
vt 0.573691 0.489038 0.000000
vt 0.643118 0.379415 0.000000
vt 0.644336 0.474421 0.000000
vt 0.684531 0.467113 0.000000
vt 0.682095 0.376979 0.000000
vt 0.188794 0.552375 0.000000
vt 0.194884 0.481730 0.000000
vt 0.153471 0.471985 0.000000
vt 0.148599 0.542631 0.000000
vt 0.489647 0.491474 0.000000
vt 0.489647 0.615713 0.000000
vt 0.532278 0.618149 0.000000
vt 0.577345 0.615713 0.000000
vt 0.231425 0.562119 0.000000
vt 0.271620 0.569427 0.000000
vt 0.274056 0.493910 0.000000
vt 0.237515 0.481730 0.000000
vt 0.489647 0.389160 0.000000
vt 0.431182 0.401340 0.000000
vt 0.433618 0.496346 0.000000
vt 0.723508 0.464677 0.000000
vt 0.725944 0.374543 0.000000
vt 0.436054 0.608404 0.000000
vt 0.611449 0.608404 0.000000
vt 0.606577 0.479294 0.000000
vt 0.200974 0.413520 0.000000
vt 0.158343 0.406212 0.000000
vt 0.602923 0.374543 0.000000
vt 0.646772 0.596224 0.000000
vt 0.278928 0.420828 0.000000
vt 0.242387 0.418392 0.000000
vt 0.323995 0.586480 0.000000
vt 0.376370 0.593788 0.000000
vt 0.375152 0.501218 0.000000
vt 0.326431 0.491474 0.000000
vt 0.780755 0.459805 0.000000
vt 0.783191 0.386723 0.000000
vt 0.752741 0.381851 0.000000
vt 0.747868 0.462241 0.000000
vt 0.380024 0.408648 0.000000
vt 0.808770 0.396468 0.000000
vt 0.806334 0.459805 0.000000
vt 0.327649 0.418392 0.000000
vt 0.725944 0.562119 0.000000
vt 0.684531 0.581608 0.000000
vt 0.778319 0.537759 0.000000
vt 0.806334 0.528015 0.000000
vt 0.747868 0.549939 0.000000
vt 0.840439 0.408648 0.000000
vt 0.840439 0.452497 0.000000
vt 0.870889 0.447625 0.000000
vt 0.872107 0.420828 0.000000
vt 0.838003 0.503654 0.000000
vt 0.874543 0.486602 0.000000
vt 0.118149 0.394032 0.000000
vt 0.116931 0.525578 0.000000
vt 0.924482 0.442753 0.000000
vt 0.573691 0.381851 0.000000
vt 0.573691 0.489038 0.000000
vt 0.533496 0.486602 0.000000
vt 0.532278 0.381851 0.000000
vt 0.643118 0.379415 0.000000
vt 0.682095 0.376979 0.000000
vt 0.684531 0.467113 0.000000
vt 0.644336 0.474421 0.000000
vt 0.188794 0.552375 0.000000
vt 0.148599 0.542631 0.000000
vt 0.153471 0.471985 0.000000
vt 0.194884 0.481730 0.000000
vt 0.489647 0.491474 0.000000
vt 0.532278 0.618149 0.000000
vt 0.489647 0.615713 0.000000
vt 0.577345 0.615713 0.000000
vt 0.231425 0.562119 0.000000
vt 0.237515 0.481730 0.000000
vt 0.274056 0.493910 0.000000
vt 0.271620 0.569427 0.000000
vt 0.433618 0.496346 0.000000
vt 0.431182 0.401340 0.000000
vt 0.489647 0.389160 0.000000
vt 0.723508 0.464677 0.000000
vt 0.725944 0.374543 0.000000
vt 0.436054 0.608404 0.000000
vt 0.606577 0.479294 0.000000
vt 0.611449 0.608404 0.000000
vt 0.158343 0.406212 0.000000
vt 0.200974 0.413520 0.000000
vt 0.602923 0.374543 0.000000
vt 0.646772 0.596224 0.000000
vt 0.242387 0.418392 0.000000
vt 0.278928 0.420828 0.000000
vt 0.323995 0.586480 0.000000
vt 0.326431 0.491474 0.000000
vt 0.375152 0.501218 0.000000
vt 0.376370 0.593788 0.000000
vt 0.780755 0.459805 0.000000
vt 0.747868 0.462241 0.000000
vt 0.752741 0.381851 0.000000
vt 0.783191 0.386723 0.000000
vt 0.380024 0.408648 0.000000
vt 0.808770 0.396468 0.000000
vt 0.806334 0.459805 0.000000
vt 0.327649 0.418392 0.000000
vt 0.725944 0.562119 0.000000
vt 0.684531 0.581608 0.000000
vt 0.806334 0.528015 0.000000
vt 0.778319 0.537759 0.000000
vt 0.747868 0.549939 0.000000
vt 0.840439 0.408648 0.000000
vt 0.872107 0.420828 0.000000
vt 0.870889 0.447625 0.000000
vt 0.840439 0.452497 0.000000
vt 0.874543 0.486602 0.000000
vt 0.838003 0.503654 0.000000
vt 0.118149 0.394032 0.000000
vt 0.116931 0.525578 0.000000
vt 0.924482 0.442753 0.000000
vt 0.573691 0.381851 0.000000
vt 0.573691 0.489038 0.000000
vt 0.533496 0.486602 0.000000
vt 0.532278 0.381851 0.000000
vt 0.643118 0.379415 0.000000
vt 0.682095 0.376979 0.000000
vt 0.684531 0.467113 0.000000
vt 0.644336 0.474421 0.000000
vt 0.188794 0.552375 0.000000
vt 0.148599 0.542631 0.000000
vt 0.153471 0.471985 0.000000
vt 0.194884 0.481730 0.000000
vt 0.489647 0.491474 0.000000
vt 0.532278 0.618149 0.000000
vt 0.489647 0.615713 0.000000
vt 0.577345 0.615713 0.000000
vt 0.231425 0.562119 0.000000
vt 0.237515 0.481730 0.000000
vt 0.274056 0.493910 0.000000
vt 0.271620 0.569427 0.000000
vt 0.433618 0.496346 0.000000
vt 0.431182 0.401340 0.000000
vt 0.489647 0.389160 0.000000
vt 0.723508 0.464677 0.000000
vt 0.725944 0.374543 0.000000
vt 0.436054 0.608404 0.000000
vt 0.606577 0.479294 0.000000
vt 0.611449 0.608404 0.000000
vt 0.158343 0.406212 0.000000
vt 0.200974 0.413520 0.000000
vt 0.602923 0.374543 0.000000
vt 0.646772 0.596224 0.000000
vt 0.242387 0.418392 0.000000
vt 0.278928 0.420828 0.000000
vt 0.323995 0.586480 0.000000
vt 0.326431 0.491474 0.000000
vt 0.375152 0.501218 0.000000
vt 0.376370 0.593788 0.000000
vt 0.780755 0.459805 0.000000
vt 0.747868 0.462241 0.000000
vt 0.752741 0.381851 0.000000
vt 0.783191 0.386723 0.000000
vt 0.380024 0.408648 0.000000
vt 0.808770 0.396468 0.000000
vt 0.806334 0.459805 0.000000
vt 0.327649 0.418392 0.000000
vt 0.725944 0.562119 0.000000
vt 0.684531 0.581608 0.000000
vt 0.806334 0.528015 0.000000
vt 0.778319 0.537759 0.000000
vt 0.747868 0.549939 0.000000
vt 0.840439 0.408648 0.000000
vt 0.872107 0.420828 0.000000
vt 0.870889 0.447625 0.000000
vt 0.840439 0.452497 0.000000
vt 0.874543 0.486602 0.000000
vt 0.838003 0.503654 0.000000
vt 0.118149 0.394032 0.000000
vt 0.116931 0.525578 0.000000
vt 0.924482 0.442753 0.000000
vt 0.573691 0.381851 0.000000
vt 0.532278 0.381851 0.000000
vt 0.533496 0.486602 0.000000
vt 0.573691 0.489038 0.000000
vt 0.643118 0.379415 0.000000
vt 0.644336 0.474421 0.000000
vt 0.684531 0.467113 0.000000
vt 0.682095 0.376979 0.000000
vt 0.188794 0.552375 0.000000
vt 0.194884 0.481730 0.000000
vt 0.153471 0.471985 0.000000
vt 0.148599 0.542631 0.000000
vt 0.489647 0.491474 0.000000
vt 0.489647 0.615713 0.000000
vt 0.532278 0.618149 0.000000
vt 0.577345 0.615713 0.000000
vt 0.231425 0.562119 0.000000
vt 0.271620 0.569427 0.000000
vt 0.274056 0.493910 0.000000
vt 0.237515 0.481730 0.000000
vt 0.489647 0.389160 0.000000
vt 0.431182 0.401340 0.000000
vt 0.433618 0.496346 0.000000
vt 0.723508 0.464677 0.000000
vt 0.725944 0.374543 0.000000
vt 0.436054 0.608404 0.000000
vt 0.611449 0.608404 0.000000
vt 0.606577 0.479294 0.000000
vt 0.200974 0.413520 0.000000
vt 0.158343 0.406212 0.000000
vt 0.602923 0.374543 0.000000
vt 0.646772 0.596224 0.000000
vt 0.278928 0.420828 0.000000
vt 0.242387 0.418392 0.000000
vt 0.323995 0.586480 0.000000
vt 0.376370 0.593788 0.000000
vt 0.375152 0.501218 0.000000
vt 0.326431 0.491474 0.000000
vt 0.780755 0.459805 0.000000
vt 0.783191 0.386723 0.000000
vt 0.752741 0.381851 0.000000
vt 0.747868 0.462241 0.000000
vt 0.380024 0.408648 0.000000
vt 0.808770 0.396468 0.000000
vt 0.806334 0.459805 0.000000
vt 0.327649 0.418392 0.000000
vt 0.725944 0.562119 0.000000
vt 0.684531 0.581608 0.000000
vt 0.778319 0.537759 0.000000
vt 0.806334 0.528015 0.000000
vt 0.747868 0.549939 0.000000
vt 0.840439 0.408648 0.000000
vt 0.840439 0.452497 0.000000
vt 0.870889 0.447625 0.000000
vt 0.872107 0.420828 0.000000
vt 0.838003 0.503654 0.000000
vt 0.874543 0.486602 0.000000
vt 0.118149 0.394032 0.000000
vt 0.116931 0.525578 0.000000
vt 0.924482 0.442753 0.000000
# 3900 texture coords

g plants_for_free_vol_1
usemtl wire_204204204
f 1259/1259/1 1212/1212/2 1211/1211/3 
f 239/239/4 192/192/5 191/191/6 
f 1079/1079/7 1032/1032/8 1031/1031/9 
f 959/959/10 912/912/11 911/911/12 
f 599/599/13 552/552/14 551/551/15 
f 1679/1679/16 1632/1632/17 1631/1631/18 
f 59/59/19 11/11/20 10/10/21 
f 1919/1919/22 1872/1872/23 1871/1871/24 
f 1619/1619/25 1571/1571/26 1570/1570/27 
f 1379/1379/28 1331/1331/29 1330/1330/30 
f 419/419/31 372/372/32 371/371/33 
f 1499/1499/34 1452/1452/35 1451/1451/36 
f 1319/1319/37 1271/1271/38 1270/1270/39 
f 299/299/40 252/252/41 251/251/42 
f 119/119/43 71/71/44 70/70/45 
f 1019/1019/46 972/972/47 971/971/48 
f 539/539/49 492/492/50 491/491/51 
f 1799/1799/52 1752/1752/53 1751/1751/54 
f 1439/1439/55 1391/1391/56 1390/1390/57 
f 1739/1739/58 1692/1692/59 1691/1691/60 
f 779/779/61 731/731/62 730/730/63 
f 839/839/64 792/792/65 791/791/66 
f 719/719/67 671/671/68 670/670/69 
f 179/179/70 132/132/71 131/131/72 
f 1199/1199/73 1151/1151/74 1150/1150/75 
f 1139/1139/76 1092/1092/77 1091/1091/78 
f 899/899/79 852/852/80 851/851/81 
f 359/359/82 312/312/83 311/311/84 
f 479/479/85 431/431/86 430/430/87 
f 659/659/88 611/611/89 610/610/90 
f 1859/1859/91 1811/1811/92 1810/1810/93 
f 1559/1559/94 1511/1511/95 1510/1510/96 
f 1979/1979/97 1932/1932/98 1931/1931/99 
f 2039/2039/100 1991/1991/101 1990/1990/102 
f 2099/2099/103 2051/2051/104 2050/2050/105 
f 2159/2159/106 2111/2111/107 2110/2110/108 
f 2219/2219/109 2172/2172/110 2171/2171/111 
f 2279/2279/112 2231/2231/113 2230/2230/114 
f 2339/2339/115 2291/2291/116 2290/2290/117 
f 2399/2399/118 2352/2352/119 2351/2351/120 
f 2459/2459/121 2411/2411/122 2410/2410/123 
f 2519/2519/124 2472/2472/125 2471/2471/126 
f 2579/2579/127 2532/2532/128 2531/2531/129 
f 2639/2639/130 2592/2592/131 2591/2591/132 
f 2699/2699/133 2651/2651/134 2650/2650/135 
f 2759/2759/136 2711/2711/137 2710/2710/138 
f 2819/2819/139 2771/2771/140 2770/2770/141 
f 2879/2879/142 2832/2832/143 2831/2831/144 
f 3899/3899/145 3852/3852/146 3851/3851/147 
f 2939/2939/148 2891/2891/149 2890/2890/150 
f 2999/2999/151 2951/2951/152 2950/2950/153 
f 3059/3059/154 3012/3012/155 3011/3011/156 
f 3119/3119/157 3072/3072/158 3071/3071/159 
f 3179/3179/160 3131/3131/161 3130/3130/162 
f 3239/3239/163 3191/3191/164 3190/3190/165 
f 3299/3299/166 3251/3251/167 3250/3250/168 
f 3359/3359/169 3312/3312/170 3311/3311/171 
f 3419/3419/172 3371/3371/173 3370/3370/174 
f 3479/3479/175 3432/3432/176 3431/3431/177 
f 3539/3539/178 3492/3492/179 3491/3491/180 
f 3599/3599/181 3552/3552/182 3551/3551/183 
f 3659/3659/184 3612/3612/185 3611/3611/186 
f 3719/3719/187 3672/3672/188 3671/3671/189 
f 3779/3779/190 3731/3731/191 3730/3730/192 
f 3839/3839/193 3791/3791/194 3790/3790/195 
f 52/52/196 55/55/197 45/45/198 44/44/199 
f 55/55/200 54/54/201 56/56/202 57/57/203 
f 57/57/204 49/49/205 45/45/206 55/55/207 
f 58/58/208 29/29/209 11/11/210 59/59/211 
f 60/60/212 56/56/213 54/54/214 53/53/215 
f 61/61/216 62/62/217 63/63/218 64/64/219 
f 65/65/220 66/66/221 67/67/222 68/68/223 
f 69/69/224 70/70/225 71/71/226 72/72/227 
f 73/73/228 63/63/229 74/74/230 75/75/231 
f 74/74/232 63/63/233 62/62/234 76/76/235 
f 77/77/236 78/78/237 79/79/238 80/80/239 
f 73/73/240 81/81/241 82/82/242 83/83/243 
f 84/84/244 67/67/245 66/66/246 85/85/247 
f 86/86/248 81/81/249 73/73/250 75/75/251 
f 83/83/252 64/64/253 63/63/254 73/73/255 
f 62/62/256 87/87/257 88/88/258 76/76/259 
f 72/72/260 71/71/261 89/89/262 90/90/263 
f 65/65/264 68/68/265 87/87/266 91/91/267 
f 92/92/268 88/88/269 87/87/270 68/68/271 
f 79/79/272 78/78/273 93/93/274 94/94/275 
f 95/95/276 96/96/277 97/97/278 98/98/279 
f 99/99/280 100/100/281 101/101/282 102/102/283 
f 98/98/284 97/97/285 81/81/286 86/86/287 
f 103/103/288 82/82/289 81/81/290 97/97/291 
f 80/80/292 79/79/293 96/96/294 95/95/295 
f 85/85/296 101/101/297 100/100/298 84/84/299 
f 104/104/300 105/105/301 99/99/302 102/102/303 
f 97/97/304 96/96/305 106/106/306 103/103/307 
f 61/61/308 91/91/309 87/87/310 62/62/311 
f 72/72/312 78/78/313 77/77/314 69/69/315 
f 94/94/316 106/106/317 96/96/318 79/79/319 
f 107/107/320 108/108/321 67/67/322 84/84/323 
f 99/99/324 105/105/325 109/109/326 110/110/327 
f 68/68/328 67/67/329 108/108/330 92/92/331 
f 84/84/332 100/100/333 111/111/334 107/107/335 
f 112/112/336 113/113/337 114/114/338 115/115/339 
f 90/90/340 93/93/341 78/78/342 72/72/343 
f 110/110/344 111/111/345 100/100/346 99/99/347 
f 112/112/348 115/115/349 105/105/350 104/104/351 
f 115/115/352 114/114/353 116/116/354 117/117/355 
f 117/117/356 109/109/357 105/105/358 115/115/359 
f 118/118/360 89/89/361 71/71/362 119/119/363 
f 120/120/364 116/116/365 114/114/366 113/113/367 
f 121/121/368 122/122/369 123/123/370 124/124/371 
f 125/125/372 126/126/373 127/127/374 128/128/375 
f 129/129/376 130/130/377 131/131/378 132/132/379 
f 133/133/380 134/134/381 135/135/382 123/123/383 
f 135/135/384 136/136/385 124/124/386 123/123/387 
f 137/137/388 138/138/389 139/139/390 140/140/391 
f 133/133/392 141/141/393 142/142/394 143/143/395 
f 144/144/396 145/145/397 128/128/398 127/127/399 
f 146/146/400 134/134/401 133/133/402 143/143/403 
f 141/141/404 133/133/405 123/123/406 122/122/407 
f 124/124/408 136/136/409 147/147/410 148/148/411 
f 130/130/412 149/149/413 150/150/414 131/131/415 
f 125/125/416 151/151/417 148/148/418 126/126/419 
f 152/152/420 126/126/421 148/148/422 147/147/423 
f 139/139/424 153/153/425 154/154/426 140/140/427 
f 155/155/428 156/156/429 157/157/430 158/158/431 
f 159/159/432 160/160/433 161/161/434 162/162/435 
f 156/156/436 146/146/437 143/143/438 157/157/439 
f 163/163/440 157/157/441 143/143/442 142/142/443 
f 138/138/444 155/155/445 158/158/446 139/139/447 
f 145/145/448 144/144/449 162/162/450 161/161/451 
f 164/164/452 160/160/453 159/159/454 165/165/455 
f 157/157/456 163/163/457 166/166/458 158/158/459 
f 121/121/460 124/124/461 148/148/462 151/151/463 
f 130/130/464 129/129/465 137/137/466 140/140/467 
f 153/153/468 139/139/469 158/158/470 166/166/471 
f 167/167/472 144/144/473 127/127/474 168/168/475 
f 159/159/476 169/169/477 170/170/478 165/165/479 
f 126/126/480 152/152/481 168/168/482 127/127/483 
f 144/144/484 167/167/485 171/171/486 162/162/487 
f 172/172/488 173/173/489 174/174/490 175/175/491 
f 149/149/492 130/130/493 140/140/494 154/154/495 
f 169/169/496 159/159/497 162/162/498 171/171/499 
f 172/172/500 164/164/501 165/165/502 173/173/503 
f 173/173/504 176/176/505 177/177/506 174/174/507 
f 176/176/508 173/173/509 165/165/510 170/170/511 
f 178/178/512 179/179/513 131/131/514 150/150/515 
f 180/180/516 175/175/517 174/174/518 177/177/519 
f 181/181/520 182/182/521 183/183/522 184/184/523 
f 185/185/524 186/186/525 187/187/526 188/188/527 
f 189/189/528 190/190/529 191/191/530 192/192/531 
f 193/193/532 194/194/533 195/195/534 183/183/535 
f 195/195/536 196/196/537 184/184/538 183/183/539 
f 197/197/540 198/198/541 199/199/542 200/200/543 
f 193/193/544 201/201/545 202/202/546 203/203/547 
f 204/204/548 205/205/549 188/188/550 187/187/551 
f 206/206/552 194/194/553 193/193/554 203/203/555 
f 201/201/556 193/193/557 183/183/558 182/182/559 
f 184/184/560 196/196/561 207/207/562 208/208/563 
f 190/190/564 209/209/565 210/210/566 191/191/567 
f 185/185/568 211/211/569 208/208/570 186/186/571 
f 212/212/572 186/186/573 208/208/574 207/207/575 
f 199/199/576 213/213/577 214/214/578 200/200/579 
f 215/215/580 216/216/581 217/217/582 218/218/583 
f 219/219/584 220/220/585 221/221/586 222/222/587 
f 216/216/588 206/206/589 203/203/590 217/217/591 
f 223/223/592 217/217/593 203/203/594 202/202/595 
f 198/198/596 215/215/597 218/218/598 199/199/599 
f 205/205/600 204/204/601 222/222/602 221/221/603 
f 224/224/604 220/220/605 219/219/606 225/225/607 
f 217/217/608 223/223/609 226/226/610 218/218/611 
f 181/181/612 184/184/613 208/208/614 211/211/615 
f 190/190/616 189/189/617 197/197/618 200/200/619 
f 213/213/620 199/199/621 218/218/622 226/226/623 
f 227/227/624 204/204/625 187/187/626 228/228/627 
f 219/219/628 229/229/629 230/230/630 225/225/631 
f 186/186/632 212/212/633 228/228/634 187/187/635 
f 204/204/636 227/227/637 231/231/638 222/222/639 
f 232/232/640 233/233/641 234/234/642 235/235/643 
f 209/209/644 190/190/645 200/200/646 214/214/647 
f 229/229/648 219/219/649 222/222/650 231/231/651 
f 232/232/652 224/224/653 225/225/654 233/233/655 
f 233/233/656 236/236/657 237/237/658 234/234/659 
f 236/236/660 233/233/661 225/225/662 230/230/663 
f 238/238/664 239/239/665 191/191/666 210/210/667 
f 240/240/668 235/235/669 234/234/670 237/237/671 
f 241/241/672 242/242/673 243/243/674 244/244/675 
f 245/245/676 246/246/677 247/247/678 248/248/679 
f 249/249/680 250/250/681 251/251/682 252/252/683 
f 253/253/684 254/254/685 255/255/686 243/243/687 
f 255/255/688 256/256/689 244/244/690 243/243/691 
f 257/257/692 258/258/693 259/259/694 260/260/695 
f 253/253/696 261/261/697 262/262/698 263/263/699 
f 264/264/700 265/265/701 248/248/702 247/247/703 
f 266/266/704 254/254/705 253/253/706 263/263/707 
f 261/261/708 253/253/709 243/243/710 242/242/711 
f 244/244/712 256/256/713 267/267/714 268/268/715 
f 250/250/716 269/269/717 270/270/718 251/251/719 
f 245/245/720 271/271/721 268/268/722 246/246/723 
f 272/272/724 246/246/725 268/268/726 267/267/727 
f 259/259/728 273/273/729 274/274/730 260/260/731 
f 275/275/732 276/276/733 277/277/734 278/278/735 
f 279/279/736 280/280/737 281/281/738 282/282/739 
f 276/276/740 266/266/741 263/263/742 277/277/743 
f 283/283/744 277/277/745 263/263/746 262/262/747 
f 258/258/748 275/275/749 278/278/750 259/259/751 
f 265/265/752 264/264/753 282/282/754 281/281/755 
f 284/284/756 280/280/757 279/279/758 285/285/759 
f 277/277/760 283/283/761 286/286/762 278/278/763 
f 241/241/764 244/244/765 268/268/766 271/271/767 
f 250/250/768 249/249/769 257/257/770 260/260/771 
f 273/273/772 259/259/773 278/278/774 286/286/775 
f 287/287/776 264/264/777 247/247/778 288/288/779 
f 279/279/780 289/289/781 290/290/782 285/285/783 
f 246/246/784 272/272/785 288/288/786 247/247/787 
f 264/264/788 287/287/789 291/291/790 282/282/791 
f 292/292/792 293/293/793 294/294/794 295/295/795 
f 269/269/796 250/250/797 260/260/798 274/274/799 
f 289/289/800 279/279/801 282/282/802 291/291/803 
f 292/292/804 284/284/805 285/285/806 293/293/807 
f 293/293/808 296/296/809 297/297/810 294/294/811 
f 296/296/812 293/293/813 285/285/814 290/290/815 
f 298/298/816 299/299/817 251/251/818 270/270/819 
f 300/300/820 295/295/821 294/294/822 297/297/823 
f 301/301/824 302/302/825 303/303/826 304/304/827 
f 305/305/828 306/306/829 307/307/830 308/308/831 
f 309/309/832 310/310/833 311/311/834 312/312/835 
f 313/313/836 314/314/837 315/315/838 303/303/839 
f 315/315/840 316/316/841 304/304/842 303/303/843 
f 317/317/844 318/318/845 319/319/846 320/320/847 
f 313/313/848 321/321/849 322/322/850 323/323/851 
f 324/324/852 325/325/853 308/308/854 307/307/855 
f 326/326/856 314/314/857 313/313/858 323/323/859 
f 321/321/860 313/313/861 303/303/862 302/302/863 
f 304/304/864 316/316/865 327/327/866 328/328/867 
f 310/310/868 329/329/869 330/330/870 311/311/871 
f 305/305/872 331/331/873 328/328/874 306/306/875 
f 332/332/876 306/306/877 328/328/878 327/327/879 
f 319/319/880 333/333/881 334/334/882 320/320/883 
f 335/335/884 336/336/885 337/337/886 338/338/887 
f 339/339/888 340/340/889 341/341/890 342/342/891 
f 336/336/892 326/326/893 323/323/894 337/337/895 
f 343/343/896 337/337/897 323/323/898 322/322/899 
f 318/318/900 335/335/901 338/338/902 319/319/903 
f 325/325/904 324/324/905 342/342/906 341/341/907 
f 344/344/908 340/340/909 339/339/910 345/345/911 
f 337/337/912 343/343/913 346/346/914 338/338/915 
f 301/301/916 304/304/917 328/328/918 331/331/919 
f 310/310/920 309/309/921 317/317/922 320/320/923 
f 333/333/924 319/319/925 338/338/926 346/346/927 
f 347/347/928 324/324/929 307/307/930 348/348/931 
f 339/339/932 349/349/933 350/350/934 345/345/935 
f 306/306/936 332/332/937 348/348/938 307/307/939 
f 324/324/940 347/347/941 351/351/942 342/342/943 
f 352/352/944 353/353/945 354/354/946 355/355/947 
f 329/329/948 310/310/949 320/320/950 334/334/951 
f 349/349/952 339/339/953 342/342/954 351/351/955 
f 352/352/956 344/344/957 345/345/958 353/353/959 
f 353/353/960 356/356/961 357/357/962 354/354/963 
f 356/356/964 353/353/965 345/345/966 350/350/967 
f 358/358/968 359/359/969 311/311/970 330/330/971 
f 360/360/972 355/355/973 354/354/974 357/357/975 
f 361/361/976 362/362/977 363/363/978 364/364/979 
f 365/365/980 366/366/981 367/367/982 368/368/983 
f 369/369/984 370/370/985 371/371/986 372/372/987 
f 373/373/988 374/374/989 375/375/990 363/363/991 
f 375/375/992 376/376/993 364/364/994 363/363/995 
f 377/377/996 378/378/997 379/379/998 380/380/999 
f 373/373/1000 381/381/1001 382/382/1002 383/383/1003 
f 384/384/1004 385/385/1005 368/368/1006 367/367/1007 
f 386/386/1008 374/374/1009 373/373/1010 383/383/1011 
f 381/381/1012 373/373/1013 363/363/1014 362/362/1015 
f 364/364/1016 376/376/1017 387/387/1018 388/388/1019 
f 370/370/1020 389/389/1021 390/390/1022 371/371/1023 
f 365/365/1024 391/391/1025 388/388/1026 366/366/1027 
f 392/392/1028 366/366/1029 388/388/1030 387/387/1031 
f 379/379/1032 393/393/1033 394/394/1034 380/380/1035 
f 395/395/1036 396/396/1037 397/397/1038 398/398/1039 
f 399/399/1040 400/400/1041 401/401/1042 402/402/1043 
f 396/396/1044 386/386/1045 383/383/1046 397/397/1047 
f 403/403/1048 397/397/1049 383/383/1050 382/382/1051 
f 378/378/1052 395/395/1053 398/398/1054 379/379/1055 
f 385/385/1056 384/384/1057 402/402/1058 401/401/1059 
f 404/404/1060 400/400/1061 399/399/1062 405/405/1063 
f 397/397/1064 403/403/1065 406/406/1066 398/398/1067 
f 361/361/1068 364/364/1069 388/388/1070 391/391/1071 
f 370/370/1072 369/369/1073 377/377/1074 380/380/1075 
f 393/393/1076 379/379/1077 398/398/1078 406/406/1079 
f 407/407/1080 384/384/1081 367/367/1082 408/408/1083 
f 399/399/1084 409/409/1085 410/410/1086 405/405/1087 
f 366/366/1088 392/392/1089 408/408/1090 367/367/1091 
f 384/384/1092 407/407/1093 411/411/1094 402/402/1095 
f 412/412/1096 413/413/1097 414/414/1098 415/415/1099 
f 389/389/1100 370/370/1101 380/380/1102 394/394/1103 
f 409/409/1104 399/399/1105 402/402/1106 411/411/1107 
f 412/412/1108 404/404/1109 405/405/1110 413/413/1111 
f 413/413/1112 416/416/1113 417/417/1114 414/414/1115 
f 416/416/1116 413/413/1117 405/405/1118 410/410/1119 
f 418/418/1120 419/419/1121 371/371/1122 390/390/1123 
f 420/420/1124 415/415/1125 414/414/1126 417/417/1127 
f 421/421/1128 422/422/1129 423/423/1130 424/424/1131 
f 425/425/1132 426/426/1133 427/427/1134 428/428/1135 
f 429/429/1136 430/430/1137 431/431/1138 432/432/1139 
f 433/433/1140 423/423/1141 434/434/1142 435/435/1143 
f 434/434/1144 423/423/1145 422/422/1146 436/436/1147 
f 437/437/1148 438/438/1149 439/439/1150 440/440/1151 
f 433/433/1152 441/441/1153 442/442/1154 443/443/1155 
f 444/444/1156 427/427/1157 426/426/1158 445/445/1159 
f 446/446/1160 441/441/1161 433/433/1162 435/435/1163 
f 443/443/1164 424/424/1165 423/423/1166 433/433/1167 
f 422/422/1168 447/447/1169 448/448/1170 436/436/1171 
f 432/432/1172 431/431/1173 449/449/1174 450/450/1175 
f 425/425/1176 428/428/1177 447/447/1178 451/451/1179 
f 452/452/1180 448/448/1181 447/447/1182 428/428/1183 
f 439/439/1184 438/438/1185 453/453/1186 454/454/1187 
f 455/455/1188 456/456/1189 457/457/1190 458/458/1191 
f 459/459/1192 460/460/1193 461/461/1194 462/462/1195 
f 458/458/1196 457/457/1197 441/441/1198 446/446/1199 
f 463/463/1200 442/442/1201 441/441/1202 457/457/1203 
f 440/440/1204 439/439/1205 456/456/1206 455/455/1207 
f 445/445/1208 461/461/1209 460/460/1210 444/444/1211 
f 464/464/1212 465/465/1213 459/459/1214 462/462/1215 
f 457/457/1216 456/456/1217 466/466/1218 463/463/1219 
f 421/421/1220 451/451/1221 447/447/1222 422/422/1223 
f 432/432/1224 438/438/1225 437/437/1226 429/429/1227 
f 454/454/1228 466/466/1229 456/456/1230 439/439/1231 
f 467/467/1232 468/468/1233 427/427/1234 444/444/1235 
f 459/459/1236 465/465/1237 469/469/1238 470/470/1239 
f 428/428/1240 427/427/1241 468/468/1242 452/452/1243 
f 444/444/1244 460/460/1245 471/471/1246 467/467/1247 
f 472/472/1248 473/473/1249 474/474/1250 475/475/1251 
f 450/450/1252 453/453/1253 438/438/1254 432/432/1255 
f 470/470/1256 471/471/1257 460/460/1258 459/459/1259 
f 472/472/1260 475/475/1261 465/465/1262 464/464/1263 
f 475/475/1264 474/474/1265 476/476/1266 477/477/1267 
f 477/477/1268 469/469/1269 465/465/1270 475/475/1271 
f 478/478/1272 449/449/1273 431/431/1274 479/479/1275 
f 480/480/1276 476/476/1277 474/474/1278 473/473/1279 
f 481/481/1280 482/482/1281 483/483/1282 484/484/1283 
f 485/485/1284 486/486/1285 487/487/1286 488/488/1287 
f 489/489/1288 490/490/1289 491/491/1290 492/492/1291 
f 493/493/1292 494/494/1293 495/495/1294 483/483/1295 
f 495/495/1296 496/496/1297 484/484/1298 483/483/1299 
f 497/497/1300 498/498/1301 499/499/1302 500/500/1303 
f 493/493/1304 501/501/1305 502/502/1306 503/503/1307 
f 504/504/1308 505/505/1309 488/488/1310 487/487/1311 
f 506/506/1312 494/494/1313 493/493/1314 503/503/1315 
f 501/501/1316 493/493/1317 483/483/1318 482/482/1319 
f 484/484/1320 496/496/1321 507/507/1322 508/508/1323 
f 490/490/1324 509/509/1325 510/510/1326 491/491/1327 
f 485/485/1328 511/511/1329 508/508/1330 486/486/1331 
f 512/512/1332 486/486/1333 508/508/1334 507/507/1335 
f 499/499/1336 513/513/1337 514/514/1338 500/500/1339 
f 515/515/1340 516/516/1341 517/517/1342 518/518/1343 
f 519/519/1344 520/520/1345 521/521/1346 522/522/1347 
f 516/516/1348 506/506/1349 503/503/1350 517/517/1351 
f 523/523/1352 517/517/1353 503/503/1354 502/502/1355 
f 498/498/1356 515/515/1357 518/518/1358 499/499/1359 
f 505/505/1360 504/504/1361 522/522/1362 521/521/1363 
f 524/524/1364 520/520/1365 519/519/1366 525/525/1367 
f 517/517/1368 523/523/1369 526/526/1370 518/518/1371 
f 481/481/1372 484/484/1373 508/508/1374 511/511/1375 
f 490/490/1376 489/489/1377 497/497/1378 500/500/1379 
f 513/513/1380 499/499/1381 518/518/1382 526/526/1383 
f 527/527/1384 504/504/1385 487/487/1386 528/528/1387 
f 519/519/1388 529/529/1389 530/530/1390 525/525/1391 
f 486/486/1392 512/512/1393 528/528/1394 487/487/1395 
f 504/504/1396 527/527/1397 531/531/1398 522/522/1399 
f 532/532/1400 533/533/1401 534/534/1402 535/535/1403 
f 509/509/1404 490/490/1405 500/500/1406 514/514/1407 
f 529/529/1408 519/519/1409 522/522/1410 531/531/1411 
f 532/532/1412 524/524/1413 525/525/1414 533/533/1415 
f 533/533/1416 536/536/1417 537/537/1418 534/534/1419 
f 536/536/1420 533/533/1421 525/525/1422 530/530/1423 
f 538/538/1424 539/539/1425 491/491/1426 510/510/1427 
f 540/540/1428 535/535/1429 534/534/1430 537/537/1431 
f 541/541/1432 542/542/1433 543/543/1434 544/544/1435 
f 545/545/1436 546/546/1437 547/547/1438 548/548/1439 
f 549/549/1440 550/550/1441 551/551/1442 552/552/1443 
f 553/553/1444 554/554/1445 555/555/1446 543/543/1447 
f 555/555/1448 556/556/1449 544/544/1450 543/543/1451 
f 557/557/1452 558/558/1453 559/559/1454 560/560/1455 
f 553/553/1456 561/561/1457 562/562/1458 563/563/1459 
f 564/564/1460 565/565/1461 548/548/1462 547/547/1463 
f 566/566/1464 554/554/1465 553/553/1466 563/563/1467 
f 561/561/1468 553/553/1469 543/543/1470 542/542/1471 
f 544/544/1472 556/556/1473 567/567/1474 568/568/1475 
f 550/550/1476 569/569/1477 570/570/1478 551/551/1479 
f 545/545/1480 571/571/1481 568/568/1482 546/546/1483 
f 572/572/1484 546/546/1485 568/568/1486 567/567/1487 
f 559/559/1488 573/573/1489 574/574/1490 560/560/1491 
f 575/575/1492 576/576/1493 577/577/1494 578/578/1495 
f 579/579/1496 580/580/1497 581/581/1498 582/582/1499 
f 576/576/1500 566/566/1501 563/563/1502 577/577/1503 
f 583/583/1504 577/577/1505 563/563/1506 562/562/1507 
f 558/558/1508 575/575/1509 578/578/1510 559/559/1511 
f 565/565/1512 564/564/1513 582/582/1514 581/581/1515 
f 584/584/1516 580/580/1517 579/579/1518 585/585/1519 
f 577/577/1520 583/583/1521 586/586/1522 578/578/1523 
f 541/541/1524 544/544/1525 568/568/1526 571/571/1527 
f 550/550/1528 549/549/1529 557/557/1530 560/560/1531 
f 573/573/1532 559/559/1533 578/578/1534 586/586/1535 
f 587/587/1536 564/564/1537 547/547/1538 588/588/1539 
f 579/579/1540 589/589/1541 590/590/1542 585/585/1543 
f 546/546/1544 572/572/1545 588/588/1546 547/547/1547 
f 564/564/1548 587/587/1549 591/591/1550 582/582/1551 
f 592/592/1552 593/593/1553 594/594/1554 595/595/1555 
f 569/569/1556 550/550/1557 560/560/1558 574/574/1559 
f 589/589/1560 579/579/1561 582/582/1562 591/591/1563 
f 592/592/1564 584/584/1565 585/585/1566 593/593/1567 
f 593/593/1568 596/596/1569 597/597/1570 594/594/1571 
f 596/596/1572 593/593/1573 585/585/1574 590/590/1575 
f 598/598/1576 599/599/1577 551/551/1578 570/570/1579 
f 600/600/1580 595/595/1581 594/594/1582 597/597/1583 
f 601/601/1584 602/602/1585 603/603/1586 604/604/1587 
f 605/605/1588 606/606/1589 607/607/1590 608/608/1591 
f 609/609/1592 610/610/1593 611/611/1594 612/612/1595 
f 613/613/1596 603/603/1597 614/614/1598 615/615/1599 
f 614/614/1600 603/603/1601 602/602/1602 616/616/1603 
f 617/617/1604 618/618/1605 619/619/1606 620/620/1607 
f 613/613/1608 621/621/1609 622/622/1610 623/623/1611 
f 624/624/1612 607/607/1613 606/606/1614 625/625/1615 
f 626/626/1616 621/621/1617 613/613/1618 615/615/1619 
f 623/623/1620 604/604/1621 603/603/1622 613/613/1623 
f 602/602/1624 627/627/1625 628/628/1626 616/616/1627 
f 612/612/1628 611/611/1629 629/629/1630 630/630/1631 
f 605/605/1632 608/608/1633 627/627/1634 631/631/1635 
f 632/632/1636 628/628/1637 627/627/1638 608/608/1639 
f 619/619/1640 618/618/1641 633/633/1642 634/634/1643 
f 635/635/1644 636/636/1645 637/637/1646 638/638/1647 
f 639/639/1648 640/640/1649 641/641/1650 642/642/1651 
f 638/638/1652 637/637/1653 621/621/1654 626/626/1655 
f 643/643/1656 622/622/1657 621/621/1658 637/637/1659 
f 620/620/1660 619/619/1661 636/636/1662 635/635/1663 
f 625/625/1664 641/641/1665 640/640/1666 624/624/1667 
f 644/644/1668 645/645/1669 639/639/1670 642/642/1671 
f 637/637/1672 636/636/1673 646/646/1674 643/643/1675 
f 601/601/1676 631/631/1677 627/627/1678 602/602/1679 
f 612/612/1680 618/618/1681 617/617/1682 609/609/1683 
f 634/634/1684 646/646/1685 636/636/1686 619/619/1687 
f 647/647/1688 648/648/1689 607/607/1690 624/624/1691 
f 639/639/1692 645/645/1693 649/649/1694 650/650/1695 
f 608/608/1696 607/607/1697 648/648/1698 632/632/1699 
f 624/624/1700 640/640/1701 651/651/1702 647/647/1703 
f 652/652/1704 653/653/1705 654/654/1706 655/655/1707 
f 630/630/1708 633/633/1709 618/618/1710 612/612/1711 
f 650/650/1712 651/651/1713 640/640/1714 639/639/1715 
f 652/652/1716 655/655/1717 645/645/1718 644/644/1719 
f 655/655/1720 654/654/1721 656/656/1722 657/657/1723 
f 657/657/1724 649/649/1725 645/645/1726 655/655/1727 
f 658/658/1728 629/629/1729 611/611/1730 659/659/1731 
f 660/660/1732 656/656/1733 654/654/1734 653/653/1735 
f 661/661/1736 662/662/1737 663/663/1738 664/664/1739 
f 665/665/1740 666/666/1741 667/667/1742 668/668/1743 
f 669/669/1744 670/670/1745 671/671/1746 672/672/1747 
f 673/673/1748 663/663/1749 674/674/1750 675/675/1751 
f 674/674/1752 663/663/1753 662/662/1754 676/676/1755 
f 677/677/1756 678/678/1757 679/679/1758 680/680/1759 
f 673/673/1760 681/681/1761 682/682/1762 683/683/1763 
f 684/684/1764 667/667/1765 666/666/1766 685/685/1767 
f 686/686/1768 681/681/1769 673/673/1770 675/675/1771 
f 683/683/1772 664/664/1773 663/663/1774 673/673/1775 
f 662/662/1776 687/687/1777 688/688/1778 676/676/1779 
f 672/672/1780 671/671/1781 689/689/1782 690/690/1783 
f 665/665/1784 668/668/1785 687/687/1786 691/691/1787 
f 692/692/1788 688/688/1789 687/687/1790 668/668/1791 
f 679/679/1792 678/678/1793 693/693/1794 694/694/1795 
f 695/695/1796 696/696/1797 697/697/1798 698/698/1799 
f 699/699/1800 700/700/1801 701/701/1802 702/702/1803 
f 698/698/1804 697/697/1805 681/681/1806 686/686/1807 
f 703/703/1808 682/682/1809 681/681/1810 697/697/1811 
f 680/680/1812 679/679/1813 696/696/1814 695/695/1815 
f 685/685/1816 701/701/1817 700/700/1818 684/684/1819 
f 704/704/1820 705/705/1821 699/699/1822 702/702/1823 
f 697/697/1824 696/696/1825 706/706/1826 703/703/1827 
f 661/661/1828 691/691/1829 687/687/1830 662/662/1831 
f 672/672/1832 678/678/1833 677/677/1834 669/669/1835 
f 694/694/1836 706/706/1837 696/696/1838 679/679/1839 
f 707/707/1840 708/708/1841 667/667/1842 684/684/1843 
f 699/699/1844 705/705/1845 709/709/1846 710/710/1847 
f 668/668/1848 667/667/1849 708/708/1850 692/692/1851 
f 684/684/1852 700/700/1853 711/711/1854 707/707/1855 
f 712/712/1856 713/713/1857 714/714/1858 715/715/1859 
f 690/690/1860 693/693/1861 678/678/1862 672/672/1863 
f 710/710/1864 711/711/1865 700/700/1866 699/699/1867 
f 712/712/1868 715/715/1869 705/705/1870 704/704/1871 
f 715/715/1872 714/714/1873 716/716/1874 717/717/1875 
f 717/717/1876 709/709/1877 705/705/1878 715/715/1879 
f 718/718/1880 689/689/1881 671/671/1882 719/719/1883 
f 720/720/1884 716/716/1885 714/714/1886 713/713/1887 
f 721/721/1888 722/722/1889 723/723/1890 724/724/1891 
f 725/725/1892 726/726/1893 727/727/1894 728/728/1895 
f 729/729/1896 730/730/1897 731/731/1898 732/732/1899 
f 733/733/1900 723/723/1901 734/734/1902 735/735/1903 
f 734/734/1904 723/723/1905 722/722/1906 736/736/1907 
f 737/737/1908 738/738/1909 739/739/1910 740/740/1911 
f 733/733/1912 741/741/1913 742/742/1914 743/743/1915 
f 744/744/1916 727/727/1917 726/726/1918 745/745/1919 
f 746/746/1920 741/741/1921 733/733/1922 735/735/1923 
f 743/743/1924 724/724/1925 723/723/1926 733/733/1927 
f 722/722/1928 747/747/1929 748/748/1930 736/736/1931 
f 732/732/1932 731/731/1933 749/749/1934 750/750/1935 
f 725/725/1936 728/728/1937 747/747/1938 751/751/1939 
f 752/752/1940 748/748/1941 747/747/1942 728/728/1943 
f 739/739/1944 738/738/1945 753/753/1946 754/754/1947 
f 755/755/1948 756/756/1949 757/757/1950 758/758/1951 
f 759/759/1952 760/760/1953 761/761/1954 762/762/1955 
f 758/758/1956 757/757/1957 741/741/1958 746/746/1959 
f 763/763/1960 742/742/1961 741/741/1962 757/757/1963 
f 740/740/1964 739/739/1965 756/756/1966 755/755/1967 
f 745/745/1968 761/761/1969 760/760/1970 744/744/1971 
f 764/764/1972 765/765/1973 759/759/1974 762/762/1975 
f 757/757/1976 756/756/1977 766/766/1978 763/763/1979 
f 721/721/1980 751/751/1981 747/747/1982 722/722/1983 
f 732/732/1984 738/738/1985 737/737/1986 729/729/1987 
f 754/754/1988 766/766/1989 756/756/1990 739/739/1991 
f 767/767/1992 768/768/1993 727/727/1994 744/744/1995 
f 759/759/1996 765/765/1997 769/769/1998 770/770/1999 
f 728/728/2000 727/727/2001 768/768/2002 752/752/2003 
f 744/744/2004 760/760/2005 771/771/2006 767/767/2007 
f 772/772/2008 773/773/2009 774/774/2010 775/775/2011 
f 750/750/2012 753/753/2013 738/738/2014 732/732/2015 
f 770/770/2016 771/771/2017 760/760/2018 759/759/2019 
f 772/772/2020 775/775/2021 765/765/2022 764/764/2023 
f 775/775/2024 774/774/2025 776/776/2026 777/777/2027 
f 777/777/2028 769/769/2029 765/765/2030 775/775/2031 
f 778/778/2032 749/749/2033 731/731/2034 779/779/2035 
f 780/780/2036 776/776/2037 774/774/2038 773/773/2039 
f 781/781/2040 782/782/2041 783/783/2042 784/784/2043 
f 785/785/2044 786/786/2045 787/787/2046 788/788/2047 
f 789/789/2048 790/790/2049 791/791/2050 792/792/2051 
f 793/793/2052 794/794/2053 795/795/2054 783/783/2055 
f 795/795/2056 796/796/2057 784/784/2058 783/783/2059 
f 797/797/2060 798/798/2061 799/799/2062 800/800/2063 
f 793/793/2064 801/801/2065 802/802/2066 803/803/2067 
f 804/804/2068 805/805/2069 788/788/2070 787/787/2071 
f 806/806/2072 794/794/2073 793/793/2074 803/803/2075 
f 801/801/2076 793/793/2077 783/783/2078 782/782/2079 
f 784/784/2080 796/796/2081 807/807/2082 808/808/2083 
f 790/790/2084 809/809/2085 810/810/2086 791/791/2087 
f 785/785/2088 811/811/2089 808/808/2090 786/786/2091 
f 812/812/2092 786/786/2093 808/808/2094 807/807/2095 
f 799/799/2096 813/813/2097 814/814/2098 800/800/2099 
f 815/815/2100 816/816/2101 817/817/2102 818/818/2103 
f 819/819/2104 820/820/2105 821/821/2106 822/822/2107 
f 816/816/2108 806/806/2109 803/803/2110 817/817/2111 
f 823/823/2112 817/817/2113 803/803/2114 802/802/2115 
f 798/798/2116 815/815/2117 818/818/2118 799/799/2119 
f 805/805/2120 804/804/2121 822/822/2122 821/821/2123 
f 824/824/2124 820/820/2125 819/819/2126 825/825/2127 
f 817/817/2128 823/823/2129 826/826/2130 818/818/2131 
f 781/781/2132 784/784/2133 808/808/2134 811/811/2135 
f 790/790/2136 789/789/2137 797/797/2138 800/800/2139 
f 813/813/2140 799/799/2141 818/818/2142 826/826/2143 
f 827/827/2144 804/804/2145 787/787/2146 828/828/2147 
f 819/819/2148 829/829/2149 830/830/2150 825/825/2151 
f 786/786/2152 812/812/2153 828/828/2154 787/787/2155 
f 804/804/2156 827/827/2157 831/831/2158 822/822/2159 
f 832/832/2160 833/833/2161 834/834/2162 835/835/2163 
f 809/809/2164 790/790/2165 800/800/2166 814/814/2167 
f 829/829/2168 819/819/2169 822/822/2170 831/831/2171 
f 832/832/2172 824/824/2173 825/825/2174 833/833/2175 
f 833/833/2176 836/836/2177 837/837/2178 834/834/2179 
f 836/836/2180 833/833/2181 825/825/2182 830/830/2183 
f 838/838/2184 839/839/2185 791/791/2186 810/810/2187 
f 840/840/2188 835/835/2189 834/834/2190 837/837/2191 
f 841/841/2192 842/842/2193 843/843/2194 844/844/2195 
f 845/845/2196 846/846/2197 847/847/2198 848/848/2199 
f 849/849/2200 850/850/2201 851/851/2202 852/852/2203 
f 853/853/2204 854/854/2205 855/855/2206 843/843/2207 
f 855/855/2208 856/856/2209 844/844/2210 843/843/2211 
f 857/857/2212 858/858/2213 859/859/2214 860/860/2215 
f 853/853/2216 861/861/2217 862/862/2218 863/863/2219 
f 864/864/2220 865/865/2221 848/848/2222 847/847/2223 
f 866/866/2224 854/854/2225 853/853/2226 863/863/2227 
f 861/861/2228 853/853/2229 843/843/2230 842/842/2231 
f 844/844/2232 856/856/2233 867/867/2234 868/868/2235 
f 850/850/2236 869/869/2237 870/870/2238 851/851/2239 
f 845/845/2240 871/871/2241 868/868/2242 846/846/2243 
f 872/872/2244 846/846/2245 868/868/2246 867/867/2247 
f 859/859/2248 873/873/2249 874/874/2250 860/860/2251 
f 875/875/2252 876/876/2253 877/877/2254 878/878/2255 
f 879/879/2256 880/880/2257 881/881/2258 882/882/2259 
f 876/876/2260 866/866/2261 863/863/2262 877/877/2263 
f 883/883/2264 877/877/2265 863/863/2266 862/862/2267 
f 858/858/2268 875/875/2269 878/878/2270 859/859/2271 
f 865/865/2272 864/864/2273 882/882/2274 881/881/2275 
f 884/884/2276 880/880/2277 879/879/2278 885/885/2279 
f 877/877/2280 883/883/2281 886/886/2282 878/878/2283 
f 841/841/2284 844/844/2285 868/868/2286 871/871/2287 
f 850/850/2288 849/849/2289 857/857/2290 860/860/2291 
f 873/873/2292 859/859/2293 878/878/2294 886/886/2295 
f 887/887/2296 864/864/2297 847/847/2298 888/888/2299 
f 879/879/2300 889/889/2301 890/890/2302 885/885/2303 
f 846/846/2304 872/872/2305 888/888/2306 847/847/2307 
f 864/864/2308 887/887/2309 891/891/2310 882/882/2311 
f 892/892/2312 893/893/2313 894/894/2314 895/895/2315 
f 869/869/2316 850/850/2317 860/860/2318 874/874/2319 
f 889/889/2320 879/879/2321 882/882/2322 891/891/2323 
f 892/892/2324 884/884/2325 885/885/2326 893/893/2327 
f 893/893/2328 896/896/2329 897/897/2330 894/894/2331 
f 896/896/2332 893/893/2333 885/885/2334 890/890/2335 
f 898/898/2336 899/899/2337 851/851/2338 870/870/2339 
f 900/900/2340 895/895/2341 894/894/2342 897/897/2343 
f 901/901/2344 902/902/2345 903/903/2346 904/904/2347 
f 905/905/2348 906/906/2349 907/907/2350 908/908/2351 
f 909/909/2352 910/910/2353 911/911/2354 912/912/2355 
f 913/913/2356 914/914/2357 915/915/2358 903/903/2359 
f 915/915/2360 916/916/2361 904/904/2362 903/903/2363 
f 917/917/2364 918/918/2365 919/919/2366 920/920/2367 
f 913/913/2368 921/921/2369 922/922/2370 923/923/2371 
f 924/924/2372 925/925/2373 908/908/2374 907/907/2375 
f 926/926/2376 914/914/2377 913/913/2378 923/923/2379 
f 921/921/2380 913/913/2381 903/903/2382 902/902/2383 
f 904/904/2384 916/916/2385 927/927/2386 928/928/2387 
f 910/910/2388 929/929/2389 930/930/2390 911/911/2391 
f 905/905/2392 931/931/2393 928/928/2394 906/906/2395 
f 932/932/2396 906/906/2397 928/928/2398 927/927/2399 
f 919/919/2400 933/933/2401 934/934/2402 920/920/2403 
f 935/935/2404 936/936/2405 937/937/2406 938/938/2407 
f 939/939/2408 940/940/2409 941/941/2410 942/942/2411 
f 936/936/2412 926/926/2413 923/923/2414 937/937/2415 
f 943/943/2416 937/937/2417 923/923/2418 922/922/2419 
f 918/918/2420 935/935/2421 938/938/2422 919/919/2423 
f 925/925/2424 924/924/2425 942/942/2426 941/941/2427 
f 944/944/2428 940/940/2429 939/939/2430 945/945/2431 
f 937/937/2432 943/943/2433 946/946/2434 938/938/2435 
f 901/901/2436 904/904/2437 928/928/2438 931/931/2439 
f 910/910/2440 909/909/2441 917/917/2442 920/920/2443 
f 933/933/2444 919/919/2445 938/938/2446 946/946/2447 
f 947/947/2448 924/924/2449 907/907/2450 948/948/2451 
f 939/939/2452 949/949/2453 950/950/2454 945/945/2455 
f 906/906/2456 932/932/2457 948/948/2458 907/907/2459 
f 924/924/2460 947/947/2461 951/951/2462 942/942/2463 
f 952/952/2464 953/953/2465 954/954/2466 955/955/2467 
f 929/929/2468 910/910/2469 920/920/2470 934/934/2471 
f 949/949/2472 939/939/2473 942/942/2474 951/951/2475 
f 952/952/2476 944/944/2477 945/945/2478 953/953/2479 
f 953/953/2480 956/956/2481 957/957/2482 954/954/2483 
f 956/956/2484 953/953/2485 945/945/2486 950/950/2487 
f 958/958/2488 959/959/2489 911/911/2490 930/930/2491 
f 960/960/2492 955/955/2493 954/954/2494 957/957/2495 
f 961/961/2496 962/962/2497 963/963/2498 964/964/2499 
f 965/965/2500 966/966/2501 967/967/2502 968/968/2503 
f 969/969/2504 970/970/2505 971/971/2506 972/972/2507 
f 973/973/2508 974/974/2509 975/975/2510 963/963/2511 
f 975/975/2512 976/976/2513 964/964/2514 963/963/2515 
f 977/977/2516 978/978/2517 979/979/2518 980/980/2519 
f 973/973/2520 981/981/2521 982/982/2522 983/983/2523 
f 984/984/2524 985/985/2525 968/968/2526 967/967/2527 
f 986/986/2528 974/974/2529 973/973/2530 983/983/2531 
f 981/981/2532 973/973/2533 963/963/2534 962/962/2535 
f 964/964/2536 976/976/2537 987/987/2538 988/988/2539 
f 970/970/2540 989/989/2541 990/990/2542 971/971/2543 
f 965/965/2544 991/991/2545 988/988/2546 966/966/2547 
f 992/992/2548 966/966/2549 988/988/2550 987/987/2551 
f 979/979/2552 993/993/2553 994/994/2554 980/980/2555 
f 995/995/2556 996/996/2557 997/997/2558 998/998/2559 
f 999/999/2560 1000/1000/2561 1001/1001/2562 1002/1002/2563 
f 996/996/2564 986/986/2565 983/983/2566 997/997/2567 
f 1003/1003/2568 997/997/2569 983/983/2570 982/982/2571 
f 978/978/2572 995/995/2573 998/998/2574 979/979/2575 
f 985/985/2576 984/984/2577 1002/1002/2578 1001/1001/2579 
f 1004/1004/2580 1000/1000/2581 999/999/2582 1005/1005/2583 
f 997/997/2584 1003/1003/2585 1006/1006/2586 998/998/2587 
f 961/961/2588 964/964/2589 988/988/2590 991/991/2591 
f 970/970/2592 969/969/2593 977/977/2594 980/980/2595 
f 993/993/2596 979/979/2597 998/998/2598 1006/1006/2599 
f 1007/1007/2600 984/984/2601 967/967/2602 1008/1008/2603 
f 999/999/2604 1009/1009/2605 1010/1010/2606 1005/1005/2607 
f 966/966/2608 992/992/2609 1008/1008/2610 967/967/2611 
f 984/984/2612 1007/1007/2613 1011/1011/2614 1002/1002/2615 
f 1012/1012/2616 1013/1013/2617 1014/1014/2618 1015/1015/2619 
f 989/989/2620 970/970/2621 980/980/2622 994/994/2623 
f 1009/1009/2624 999/999/2625 1002/1002/2626 1011/1011/2627 
f 1012/1012/2628 1004/1004/2629 1005/1005/2630 1013/1013/2631 
f 1013/1013/2632 1016/1016/2633 1017/1017/2634 1014/1014/2635 
f 1016/1016/2636 1013/1013/2637 1005/1005/2638 1010/1010/2639 
f 1018/1018/2640 1019/1019/2641 971/971/2642 990/990/2643 
f 1020/1020/2644 1015/1015/2645 1014/1014/2646 1017/1017/2647 
f 1021/1021/2648 1022/1022/2649 1023/1023/2650 1024/1024/2651 
f 1025/1025/2652 1026/1026/2653 1027/1027/2654 1028/1028/2655 
f 1029/1029/2656 1030/1030/2657 1031/1031/2658 1032/1032/2659 
f 1033/1033/2660 1034/1034/2661 1035/1035/2662 1023/1023/2663 
f 1035/1035/2664 1036/1036/2665 1024/1024/2666 1023/1023/2667 
f 1037/1037/2668 1038/1038/2669 1039/1039/2670 1040/1040/2671 
f 1033/1033/2672 1041/1041/2673 1042/1042/2674 1043/1043/2675 
f 1044/1044/2676 1045/1045/2677 1028/1028/2678 1027/1027/2679 
f 1046/1046/2680 1034/1034/2681 1033/1033/2682 1043/1043/2683 
f 1041/1041/2684 1033/1033/2685 1023/1023/2686 1022/1022/2687 
f 1024/1024/2688 1036/1036/2689 1047/1047/2690 1048/1048/2691 
f 1030/1030/2692 1049/1049/2693 1050/1050/2694 1031/1031/2695 
f 1025/1025/2696 1051/1051/2697 1048/1048/2698 1026/1026/2699 
f 1052/1052/2700 1026/1026/2701 1048/1048/2702 1047/1047/2703 
f 1039/1039/2704 1053/1053/2705 1054/1054/2706 1040/1040/2707 
f 1055/1055/2708 1056/1056/2709 1057/1057/2710 1058/1058/2711 
f 1059/1059/2712 1060/1060/2713 1061/1061/2714 1062/1062/2715 
f 1056/1056/2716 1046/1046/2717 1043/1043/2718 1057/1057/2719 
f 1063/1063/2720 1057/1057/2721 1043/1043/2722 1042/1042/2723 
f 1038/1038/2724 1055/1055/2725 1058/1058/2726 1039/1039/2727 
f 1045/1045/2728 1044/1044/2729 1062/1062/2730 1061/1061/2731 
f 1064/1064/2732 1060/1060/2733 1059/1059/2734 1065/1065/2735 
f 1057/1057/2736 1063/1063/2737 1066/1066/2738 1058/1058/2739 
f 1021/1021/2740 1024/1024/2741 1048/1048/2742 1051/1051/2743 
f 1030/1030/2744 1029/1029/2745 1037/1037/2746 1040/1040/2747 
f 1053/1053/2748 1039/1039/2749 1058/1058/2750 1066/1066/2751 
f 1067/1067/2752 1044/1044/2753 1027/1027/2754 1068/1068/2755 
f 1059/1059/2756 1069/1069/2757 1070/1070/2758 1065/1065/2759 
f 1026/1026/2760 1052/1052/2761 1068/1068/2762 1027/1027/2763 
f 1044/1044/2764 1067/1067/2765 1071/1071/2766 1062/1062/2767 
f 1072/1072/2768 1073/1073/2769 1074/1074/2770 1075/1075/2771 
f 1049/1049/2772 1030/1030/2773 1040/1040/2774 1054/1054/2775 
f 1069/1069/2776 1059/1059/2777 1062/1062/2778 1071/1071/2779 
f 1072/1072/2780 1064/1064/2781 1065/1065/2782 1073/1073/2783 
f 1073/1073/2784 1076/1076/2785 1077/1077/2786 1074/1074/2787 
f 1076/1076/2788 1073/1073/2789 1065/1065/2790 1070/1070/2791 
f 1078/1078/2792 1079/1079/2793 1031/1031/2794 1050/1050/2795 
f 1080/1080/2796 1075/1075/2797 1074/1074/2798 1077/1077/2799 
f 1081/1081/2800 1082/1082/2801 1083/1083/2802 1084/1084/2803 
f 1085/1085/2804 1086/1086/2805 1087/1087/2806 1088/1088/2807 
f 1089/1089/2808 1090/1090/2809 1091/1091/2810 1092/1092/2811 
f 1093/1093/2812 1094/1094/2813 1095/1095/2814 1083/1083/2815 
f 1095/1095/2816 1096/1096/2817 1084/1084/2818 1083/1083/2819 
f 1097/1097/2820 1098/1098/2821 1099/1099/2822 1100/1100/2823 
f 1093/1093/2824 1101/1101/2825 1102/1102/2826 1103/1103/2827 
f 1104/1104/2828 1105/1105/2829 1088/1088/2830 1087/1087/2831 
f 1106/1106/2832 1094/1094/2833 1093/1093/2834 1103/1103/2835 
f 1101/1101/2836 1093/1093/2837 1083/1083/2838 1082/1082/2839 
f 1084/1084/2840 1096/1096/2841 1107/1107/2842 1108/1108/2843 
f 1090/1090/2844 1109/1109/2845 1110/1110/2846 1091/1091/2847 
f 1085/1085/2848 1111/1111/2849 1108/1108/2850 1086/1086/2851 
f 1112/1112/2852 1086/1086/2853 1108/1108/2854 1107/1107/2855 
f 1099/1099/2856 1113/1113/2857 1114/1114/2858 1100/1100/2859 
f 1115/1115/2860 1116/1116/2861 1117/1117/2862 1118/1118/2863 
f 1119/1119/2864 1120/1120/2865 1121/1121/2866 1122/1122/2867 
f 1116/1116/2868 1106/1106/2869 1103/1103/2870 1117/1117/2871 
f 1123/1123/2872 1117/1117/2873 1103/1103/2874 1102/1102/2875 
f 1098/1098/2876 1115/1115/2877 1118/1118/2878 1099/1099/2879 
f 1105/1105/2880 1104/1104/2881 1122/1122/2882 1121/1121/2883 
f 1124/1124/2884 1120/1120/2885 1119/1119/2886 1125/1125/2887 
f 1117/1117/2888 1123/1123/2889 1126/1126/2890 1118/1118/2891 
f 1081/1081/2892 1084/1084/2893 1108/1108/2894 1111/1111/2895 
f 1090/1090/2896 1089/1089/2897 1097/1097/2898 1100/1100/2899 
f 1113/1113/2900 1099/1099/2901 1118/1118/2902 1126/1126/2903 
f 1127/1127/2904 1104/1104/2905 1087/1087/2906 1128/1128/2907 
f 1119/1119/2908 1129/1129/2909 1130/1130/2910 1125/1125/2911 
f 1086/1086/2912 1112/1112/2913 1128/1128/2914 1087/1087/2915 
f 1104/1104/2916 1127/1127/2917 1131/1131/2918 1122/1122/2919 
f 1132/1132/2920 1133/1133/2921 1134/1134/2922 1135/1135/2923 
f 1109/1109/2924 1090/1090/2925 1100/1100/2926 1114/1114/2927 
f 1129/1129/2928 1119/1119/2929 1122/1122/2930 1131/1131/2931 
f 1132/1132/2932 1124/1124/2933 1125/1125/2934 1133/1133/2935 
f 1133/1133/2936 1136/1136/2937 1137/1137/2938 1134/1134/2939 
f 1136/1136/2940 1133/1133/2941 1125/1125/2942 1130/1130/2943 
f 1138/1138/2944 1139/1139/2945 1091/1091/2946 1110/1110/2947 
f 1140/1140/2948 1135/1135/2949 1134/1134/2950 1137/1137/2951 
f 1141/1141/2952 1142/1142/2953 1143/1143/2954 1144/1144/2955 
f 1145/1145/2956 1146/1146/2957 1147/1147/2958 1148/1148/2959 
f 1149/1149/2960 1150/1150/2961 1151/1151/2962 1152/1152/2963 
f 1153/1153/2964 1143/1143/2965 1154/1154/2966 1155/1155/2967 
f 1154/1154/2968 1143/1143/2969 1142/1142/2970 1156/1156/2971 
f 1157/1157/2972 1158/1158/2973 1159/1159/2974 1160/1160/2975 
f 1153/1153/2976 1161/1161/2977 1162/1162/2978 1163/1163/2979 
f 1164/1164/2980 1147/1147/2981 1146/1146/2982 1165/1165/2983 
f 1166/1166/2984 1161/1161/2985 1153/1153/2986 1155/1155/2987 
f 1163/1163/2988 1144/1144/2989 1143/1143/2990 1153/1153/2991 
f 1142/1142/2992 1167/1167/2993 1168/1168/2994 1156/1156/2995 
f 1152/1152/2996 1151/1151/2997 1169/1169/2998 1170/1170/2999 
f 1145/1145/3000 1148/1148/3001 1167/1167/3002 1171/1171/3003 
f 1172/1172/3004 1168/1168/3005 1167/1167/3006 1148/1148/3007 
f 1159/1159/3008 1158/1158/3009 1173/1173/3010 1174/1174/3011 
f 1175/1175/3012 1176/1176/3013 1177/1177/3014 1178/1178/3015 
f 1179/1179/3016 1180/1180/3017 1181/1181/3018 1182/1182/3019 
f 1178/1178/3020 1177/1177/3021 1161/1161/3022 1166/1166/3023 
f 1183/1183/3024 1162/1162/3025 1161/1161/3026 1177/1177/3027 
f 1160/1160/3028 1159/1159/3029 1176/1176/3030 1175/1175/3031 
f 1165/1165/3032 1181/1181/3033 1180/1180/3034 1164/1164/3035 
f 1184/1184/3036 1185/1185/3037 1179/1179/3038 1182/1182/3039 
f 1177/1177/3040 1176/1176/3041 1186/1186/3042 1183/1183/3043 
f 1141/1141/3044 1171/1171/3045 1167/1167/3046 1142/1142/3047 
f 1152/1152/3048 1158/1158/3049 1157/1157/3050 1149/1149/3051 
f 1174/1174/3052 1186/1186/3053 1176/1176/3054 1159/1159/3055 
f 1187/1187/3056 1188/1188/3057 1147/1147/3058 1164/1164/3059 
f 1179/1179/3060 1185/1185/3061 1189/1189/3062 1190/1190/3063 
f 1148/1148/3064 1147/1147/3065 1188/1188/3066 1172/1172/3067 
f 1164/1164/3068 1180/1180/3069 1191/1191/3070 1187/1187/3071 
f 1192/1192/3072 1193/1193/3073 1194/1194/3074 1195/1195/3075 
f 1170/1170/3076 1173/1173/3077 1158/1158/3078 1152/1152/3079 
f 1190/1190/3080 1191/1191/3081 1180/1180/3082 1179/1179/3083 
f 1192/1192/3084 1195/1195/3085 1185/1185/3086 1184/1184/3087 
f 1195/1195/3088 1194/1194/3089 1196/1196/3090 1197/1197/3091 
f 1197/1197/3092 1189/1189/3093 1185/1185/3094 1195/1195/3095 
f 1198/1198/3096 1169/1169/3097 1151/1151/3098 1199/1199/3099 
f 1200/1200/3100 1196/1196/3101 1194/1194/3102 1193/1193/3103 
f 1201/1201/3104 1202/1202/3105 1203/1203/3106 1204/1204/3107 
f 1205/1205/3108 1206/1206/3109 1207/1207/3110 1208/1208/3111 
f 1209/1209/3112 1210/1210/3113 1211/1211/3114 1212/1212/3115 
f 1213/1213/3116 1214/1214/3117 1215/1215/3118 1203/1203/3119 
f 1215/1215/3120 1216/1216/3121 1204/1204/3122 1203/1203/3123 
f 1217/1217/3124 1218/1218/3125 1219/1219/3126 1220/1220/3127 
f 1213/1213/3128 1221/1221/3129 1222/1222/3130 1223/1223/3131 
f 1224/1224/3132 1225/1225/3133 1208/1208/3134 1207/1207/3135 
f 1226/1226/3136 1214/1214/3137 1213/1213/3138 1223/1223/3139 
f 1221/1221/3140 1213/1213/3141 1203/1203/3142 1202/1202/3143 
f 1204/1204/3144 1216/1216/3145 1227/1227/3146 1228/1228/3147 
f 1210/1210/3148 1229/1229/3149 1230/1230/3150 1211/1211/3151 
f 1205/1205/3152 1231/1231/3153 1228/1228/3154 1206/1206/3155 
f 1232/1232/3156 1206/1206/3157 1228/1228/3158 1227/1227/3159 
f 1219/1219/3160 1233/1233/3161 1234/1234/3162 1220/1220/3163 
f 1235/1235/3164 1236/1236/3165 1237/1237/3166 1238/1238/3167 
f 1239/1239/3168 1240/1240/3169 1241/1241/3170 1242/1242/3171 
f 1236/1236/3172 1226/1226/3173 1223/1223/3174 1237/1237/3175 
f 1243/1243/3176 1237/1237/3177 1223/1223/3178 1222/1222/3179 
f 1218/1218/3180 1235/1235/3181 1238/1238/3182 1219/1219/3183 
f 1225/1225/3184 1224/1224/3185 1242/1242/3186 1241/1241/3187 
f 1244/1244/3188 1240/1240/3189 1239/1239/3190 1245/1245/3191 
f 1237/1237/3192 1243/1243/3193 1246/1246/3194 1238/1238/3195 
f 1201/1201/3196 1204/1204/3197 1228/1228/3198 1231/1231/3199 
f 1210/1210/3200 1209/1209/3201 1217/1217/3202 1220/1220/3203 
f 1233/1233/3204 1219/1219/3205 1238/1238/3206 1246/1246/3207 
f 1247/1247/3208 1224/1224/3209 1207/1207/3210 1248/1248/3211 
f 1239/1239/3212 1249/1249/3213 1250/1250/3214 1245/1245/3215 
f 1206/1206/3216 1232/1232/3217 1248/1248/3218 1207/1207/3219 
f 1224/1224/3220 1247/1247/3221 1251/1251/3222 1242/1242/3223 
f 1252/1252/3224 1253/1253/3225 1254/1254/3226 1255/1255/3227 
f 1229/1229/3228 1210/1210/3229 1220/1220/3230 1234/1234/3231 
f 1249/1249/3232 1239/1239/3233 1242/1242/3234 1251/1251/3235 
f 1252/1252/3236 1244/1244/3237 1245/1245/3238 1253/1253/3239 
f 1253/1253/3240 1256/1256/3241 1257/1257/3242 1254/1254/3243 
f 1256/1256/3244 1253/1253/3245 1245/1245/3246 1250/1250/3247 
f 1258/1258/3248 1259/1259/3249 1211/1211/3250 1230/1230/3251 
f 1260/1260/3252 1255/1255/3253 1254/1254/3254 1257/1257/3255 
f 1261/1261/3256 1262/1262/3257 1263/1263/3258 1264/1264/3259 
f 1265/1265/3260 1266/1266/3261 1267/1267/3262 1268/1268/3263 
f 1269/1269/3264 1270/1270/3265 1271/1271/3266 1272/1272/3267 
f 1273/1273/3268 1263/1263/3269 1274/1274/3270 1275/1275/3271 
f 1274/1274/3272 1263/1263/3273 1262/1262/3274 1276/1276/3275 
f 1277/1277/3276 1278/1278/3277 1279/1279/3278 1280/1280/3279 
f 1273/1273/3280 1281/1281/3281 1282/1282/3282 1283/1283/3283 
f 1284/1284/3284 1267/1267/3285 1266/1266/3286 1285/1285/3287 
f 1286/1286/3288 1281/1281/3289 1273/1273/3290 1275/1275/3291 
f 1283/1283/3292 1264/1264/3293 1263/1263/3294 1273/1273/3295 
f 1262/1262/3296 1287/1287/3297 1288/1288/3298 1276/1276/3299 
f 1272/1272/3300 1271/1271/3301 1289/1289/3302 1290/1290/3303 
f 1265/1265/3304 1268/1268/3305 1287/1287/3306 1291/1291/3307 
f 1292/1292/3308 1288/1288/3309 1287/1287/3310 1268/1268/3311 
f 1279/1279/3312 1278/1278/3313 1293/1293/3314 1294/1294/3315 
f 1295/1295/3316 1296/1296/3317 1297/1297/3318 1298/1298/3319 
f 1299/1299/3320 1300/1300/3321 1301/1301/3322 1302/1302/3323 
f 1298/1298/3324 1297/1297/3325 1281/1281/3326 1286/1286/3327 
f 1303/1303/3328 1282/1282/3329 1281/1281/3330 1297/1297/3331 
f 1280/1280/3332 1279/1279/3333 1296/1296/3334 1295/1295/3335 
f 1285/1285/3336 1301/1301/3337 1300/1300/3338 1284/1284/3339 
f 1304/1304/3340 1305/1305/3341 1299/1299/3342 1302/1302/3343 
f 1297/1297/3344 1296/1296/3345 1306/1306/3346 1303/1303/3347 
f 1261/1261/3348 1291/1291/3349 1287/1287/3350 1262/1262/3351 
f 1272/1272/3352 1278/1278/3353 1277/1277/3354 1269/1269/3355 
f 1294/1294/3356 1306/1306/3357 1296/1296/3358 1279/1279/3359 
f 1307/1307/3360 1308/1308/3361 1267/1267/3362 1284/1284/3363 
f 1299/1299/3364 1305/1305/3365 1309/1309/3366 1310/1310/3367 
f 1268/1268/3368 1267/1267/3369 1308/1308/3370 1292/1292/3371 
f 1284/1284/3372 1300/1300/3373 1311/1311/3374 1307/1307/3375 
f 1312/1312/3376 1313/1313/3377 1314/1314/3378 1315/1315/3379 
f 1290/1290/3380 1293/1293/3381 1278/1278/3382 1272/1272/3383 
f 1310/1310/3384 1311/1311/3385 1300/1300/3386 1299/1299/3387 
f 1312/1312/3388 1315/1315/3389 1305/1305/3390 1304/1304/3391 
f 1315/1315/3392 1314/1314/3393 1316/1316/3394 1317/1317/3395 
f 1317/1317/3396 1309/1309/3397 1305/1305/3398 1315/1315/3399 
f 1318/1318/3400 1289/1289/3401 1271/1271/3402 1319/1319/3403 
f 1320/1320/3404 1316/1316/3405 1314/1314/3406 1313/1313/3407 
f 1321/1321/3408 1322/1322/3409 1323/1323/3410 1324/1324/3411 
f 1325/1325/3412 1326/1326/3413 1327/1327/3414 1328/1328/3415 
f 1329/1329/3416 1330/1330/3417 1331/1331/3418 1332/1332/3419 
f 1333/1333/3420 1323/1323/3421 1334/1334/3422 1335/1335/3423 
f 1334/1334/3424 1323/1323/3425 1322/1322/3426 1336/1336/3427 
f 1337/1337/3428 1338/1338/3429 1339/1339/3430 1340/1340/3431 
f 1333/1333/3432 1341/1341/3433 1342/1342/3434 1343/1343/3435 
f 1344/1344/3436 1327/1327/3437 1326/1326/3438 1345/1345/3439 
f 1346/1346/3440 1341/1341/3441 1333/1333/3442 1335/1335/3443 
f 1343/1343/3444 1324/1324/3445 1323/1323/3446 1333/1333/3447 
f 1322/1322/3448 1347/1347/3449 1348/1348/3450 1336/1336/3451 
f 1332/1332/3452 1331/1331/3453 1349/1349/3454 1350/1350/3455 
f 1325/1325/3456 1328/1328/3457 1347/1347/3458 1351/1351/3459 
f 1352/1352/3460 1348/1348/3461 1347/1347/3462 1328/1328/3463 
f 1339/1339/3464 1338/1338/3465 1353/1353/3466 1354/1354/3467 
f 1355/1355/3468 1356/1356/3469 1357/1357/3470 1358/1358/3471 
f 1359/1359/3472 1360/1360/3473 1361/1361/3474 1362/1362/3475 
f 1358/1358/3476 1357/1357/3477 1341/1341/3478 1346/1346/3479 
f 1363/1363/3480 1342/1342/3481 1341/1341/3482 1357/1357/3483 
f 1340/1340/3484 1339/1339/3485 1356/1356/3486 1355/1355/3487 
f 1345/1345/3488 1361/1361/3489 1360/1360/3490 1344/1344/3491 
f 1364/1364/3492 1365/1365/3493 1359/1359/3494 1362/1362/3495 
f 1357/1357/3496 1356/1356/3497 1366/1366/3498 1363/1363/3499 
f 1321/1321/3500 1351/1351/3501 1347/1347/3502 1322/1322/3503 
f 1332/1332/3504 1338/1338/3505 1337/1337/3506 1329/1329/3507 
f 1354/1354/3508 1366/1366/3509 1356/1356/3510 1339/1339/3511 
f 1367/1367/3512 1368/1368/3513 1327/1327/3514 1344/1344/3515 
f 1359/1359/3516 1365/1365/3517 1369/1369/3518 1370/1370/3519 
f 1328/1328/3520 1327/1327/3521 1368/1368/3522 1352/1352/3523 
f 1344/1344/3524 1360/1360/3525 1371/1371/3526 1367/1367/3527 
f 1372/1372/3528 1373/1373/3529 1374/1374/3530 1375/1375/3531 
f 1350/1350/3532 1353/1353/3533 1338/1338/3534 1332/1332/3535 
f 1370/1370/3536 1371/1371/3537 1360/1360/3538 1359/1359/3539 
f 1372/1372/3540 1375/1375/3541 1365/1365/3542 1364/1364/3543 
f 1375/1375/3544 1374/1374/3545 1376/1376/3546 1377/1377/3547 
f 1377/1377/3548 1369/1369/3549 1365/1365/3550 1375/1375/3551 
f 1378/1378/3552 1349/1349/3553 1331/1331/3554 1379/1379/3555 
f 1380/1380/3556 1376/1376/3557 1374/1374/3558 1373/1373/3559 
f 1381/1381/3560 1382/1382/3561 1383/1383/3562 1384/1384/3563 
f 1385/1385/3564 1386/1386/3565 1387/1387/3566 1388/1388/3567 
f 1389/1389/3568 1390/1390/3569 1391/1391/3570 1392/1392/3571 
f 1393/1393/3572 1383/1383/3573 1394/1394/3574 1395/1395/3575 
f 1394/1394/3576 1383/1383/3577 1382/1382/3578 1396/1396/3579 
f 1397/1397/3580 1398/1398/3581 1399/1399/3582 1400/1400/3583 
f 1393/1393/3584 1401/1401/3585 1402/1402/3586 1403/1403/3587 
f 1404/1404/3588 1387/1387/3589 1386/1386/3590 1405/1405/3591 
f 1406/1406/3592 1401/1401/3593 1393/1393/3594 1395/1395/3595 
f 1403/1403/3596 1384/1384/3597 1383/1383/3598 1393/1393/3599 
f 1382/1382/3600 1407/1407/3601 1408/1408/3602 1396/1396/3603 
f 1392/1392/3604 1391/1391/3605 1409/1409/3606 1410/1410/3607 
f 1385/1385/3608 1388/1388/3609 1407/1407/3610 1411/1411/3611 
f 1412/1412/3612 1408/1408/3613 1407/1407/3614 1388/1388/3615 
f 1399/1399/3616 1398/1398/3617 1413/1413/3618 1414/1414/3619 
f 1415/1415/3620 1416/1416/3621 1417/1417/3622 1418/1418/3623 
f 1419/1419/3624 1420/1420/3625 1421/1421/3626 1422/1422/3627 
f 1418/1418/3628 1417/1417/3629 1401/1401/3630 1406/1406/3631 
f 1423/1423/3632 1402/1402/3633 1401/1401/3634 1417/1417/3635 
f 1400/1400/3636 1399/1399/3637 1416/1416/3638 1415/1415/3639 
f 1405/1405/3640 1421/1421/3641 1420/1420/3642 1404/1404/3643 
f 1424/1424/3644 1425/1425/3645 1419/1419/3646 1422/1422/3647 
f 1417/1417/3648 1416/1416/3649 1426/1426/3650 1423/1423/3651 
f 1381/1381/3652 1411/1411/3653 1407/1407/3654 1382/1382/3655 
f 1392/1392/3656 1398/1398/3657 1397/1397/3658 1389/1389/3659 
f 1414/1414/3660 1426/1426/3661 1416/1416/3662 1399/1399/3663 
f 1427/1427/3664 1428/1428/3665 1387/1387/3666 1404/1404/3667 
f 1419/1419/3668 1425/1425/3669 1429/1429/3670 1430/1430/3671 
f 1388/1388/3672 1387/1387/3673 1428/1428/3674 1412/1412/3675 
f 1404/1404/3676 1420/1420/3677 1431/1431/3678 1427/1427/3679 
f 1432/1432/3680 1433/1433/3681 1434/1434/3682 1435/1435/3683 
f 1410/1410/3684 1413/1413/3685 1398/1398/3686 1392/1392/3687 
f 1430/1430/3688 1431/1431/3689 1420/1420/3690 1419/1419/3691 
f 1432/1432/3692 1435/1435/3693 1425/1425/3694 1424/1424/3695 
f 1435/1435/3696 1434/1434/3697 1436/1436/3698 1437/1437/3699 
f 1437/1437/3700 1429/1429/3701 1425/1425/3702 1435/1435/3703 
f 1438/1438/3704 1409/1409/3705 1391/1391/3706 1439/1439/3707 
f 1440/1440/3708 1436/1436/3709 1434/1434/3710 1433/1433/3711 
f 1441/1441/3712 1442/1442/3713 1443/1443/3714 1444/1444/3715 
f 1445/1445/3716 1446/1446/3717 1447/1447/3718 1448/1448/3719 
f 1449/1449/3720 1450/1450/3721 1451/1451/3722 1452/1452/3723 
f 1453/1453/3724 1454/1454/3725 1455/1455/3726 1443/1443/3727 
f 1455/1455/3728 1456/1456/3729 1444/1444/3730 1443/1443/3731 
f 1457/1457/3732 1458/1458/3733 1459/1459/3734 1460/1460/3735 
f 1453/1453/3736 1461/1461/3737 1462/1462/3738 1463/1463/3739 
f 1464/1464/3740 1465/1465/3741 1448/1448/3742 1447/1447/3743 
f 1466/1466/3744 1454/1454/3745 1453/1453/3746 1463/1463/3747 
f 1461/1461/3748 1453/1453/3749 1443/1443/3750 1442/1442/3751 
f 1444/1444/3752 1456/1456/3753 1467/1467/3754 1468/1468/3755 
f 1450/1450/3756 1469/1469/3757 1470/1470/3758 1451/1451/3759 
f 1445/1445/3760 1471/1471/3761 1468/1468/3762 1446/1446/3763 
f 1472/1472/3764 1446/1446/3765 1468/1468/3766 1467/1467/3767 
f 1459/1459/3768 1473/1473/3769 1474/1474/3770 1460/1460/3771 
f 1475/1475/3772 1476/1476/3773 1477/1477/3774 1478/1478/3775 
f 1479/1479/3776 1480/1480/3777 1481/1481/3778 1482/1482/3779 
f 1476/1476/3780 1466/1466/3781 1463/1463/3782 1477/1477/3783 
f 1483/1483/3784 1477/1477/3785 1463/1463/3786 1462/1462/3787 
f 1458/1458/3788 1475/1475/3789 1478/1478/3790 1459/1459/3791 
f 1465/1465/3792 1464/1464/3793 1482/1482/3794 1481/1481/3795 
f 1484/1484/3796 1480/1480/3797 1479/1479/3798 1485/1485/3799 
f 1477/1477/3800 1483/1483/3801 1486/1486/3802 1478/1478/3803 
f 1441/1441/3804 1444/1444/3805 1468/1468/3806 1471/1471/3807 
f 1450/1450/3808 1449/1449/3809 1457/1457/3810 1460/1460/3811 
f 1473/1473/3812 1459/1459/3813 1478/1478/3814 1486/1486/3815 
f 1487/1487/3816 1464/1464/3817 1447/1447/3818 1488/1488/3819 
f 1479/1479/3820 1489/1489/3821 1490/1490/3822 1485/1485/3823 
f 1446/1446/3824 1472/1472/3825 1488/1488/3826 1447/1447/3827 
f 1464/1464/3828 1487/1487/3829 1491/1491/3830 1482/1482/3831 
f 1492/1492/3832 1493/1493/3833 1494/1494/3834 1495/1495/3835 
f 1469/1469/3836 1450/1450/3837 1460/1460/3838 1474/1474/3839 
f 1489/1489/3840 1479/1479/3841 1482/1482/3842 1491/1491/3843 
f 1492/1492/3844 1484/1484/3845 1485/1485/3846 1493/1493/3847 
f 1493/1493/3848 1496/1496/3849 1497/1497/3850 1494/1494/3851 
f 1496/1496/3852 1493/1493/3853 1485/1485/3854 1490/1490/3855 
f 1498/1498/3856 1499/1499/3857 1451/1451/3858 1470/1470/3859 
f 1500/1500/3860 1495/1495/3861 1494/1494/3862 1497/1497/3863 
f 1501/1501/3864 1502/1502/3865 1503/1503/3866 1504/1504/3867 
f 1505/1505/3868 1506/1506/3869 1507/1507/3870 1508/1508/3871 
f 1509/1509/3872 1510/1510/3873 1511/1511/3874 1512/1512/3875 
f 1513/1513/3876 1503/1503/3877 1514/1514/3878 1515/1515/3879 
f 1514/1514/3880 1503/1503/3881 1502/1502/3882 1516/1516/3883 
f 1517/1517/3884 1518/1518/3885 1519/1519/3886 1520/1520/3887 
f 1513/1513/3888 1521/1521/3889 1522/1522/3890 1523/1523/3891 
f 1524/1524/3892 1507/1507/3893 1506/1506/3894 1525/1525/3895 
f 1526/1526/3896 1521/1521/3897 1513/1513/3898 1515/1515/3899 
f 1523/1523/3900 1504/1504/3901 1503/1503/3902 1513/1513/3903 
f 1502/1502/3904 1527/1527/3905 1528/1528/3906 1516/1516/3907 
f 1512/1512/3908 1511/1511/3909 1529/1529/3910 1530/1530/3911 
f 1505/1505/3912 1508/1508/3913 1527/1527/3914 1531/1531/3915 
f 1532/1532/3916 1528/1528/3917 1527/1527/3918 1508/1508/3919 
f 1519/1519/3920 1518/1518/3921 1533/1533/3922 1534/1534/3923 
f 1535/1535/3924 1536/1536/3925 1537/1537/3926 1538/1538/3927 
f 1539/1539/3928 1540/1540/3929 1541/1541/3930 1542/1542/3931 
f 1538/1538/3932 1537/1537/3933 1521/1521/3934 1526/1526/3935 
f 1543/1543/3936 1522/1522/3937 1521/1521/3938 1537/1537/3939 
f 1520/1520/3940 1519/1519/3941 1536/1536/3942 1535/1535/3943 
f 1525/1525/3944 1541/1541/3945 1540/1540/3946 1524/1524/3947 
f 1544/1544/3948 1545/1545/3949 1539/1539/3950 1542/1542/3951 
f 1537/1537/3952 1536/1536/3953 1546/1546/3954 1543/1543/3955 
f 1501/1501/3956 1531/1531/3957 1527/1527/3958 1502/1502/3959 
f 1512/1512/3960 1518/1518/3961 1517/1517/3962 1509/1509/3963 
f 1534/1534/3964 1546/1546/3965 1536/1536/3966 1519/1519/3967 
f 1547/1547/3968 1548/1548/3969 1507/1507/3970 1524/1524/3971 
f 1539/1539/3972 1545/1545/3973 1549/1549/3974 1550/1550/3975 
f 1508/1508/3976 1507/1507/3977 1548/1548/3978 1532/1532/3979 
f 1524/1524/3980 1540/1540/3981 1551/1551/3982 1547/1547/3983 
f 1552/1552/3984 1553/1553/3985 1554/1554/3986 1555/1555/3987 
f 1530/1530/3988 1533/1533/3989 1518/1518/3990 1512/1512/3991 
f 1550/1550/3992 1551/1551/3993 1540/1540/3994 1539/1539/3995 
f 1552/1552/3996 1555/1555/3997 1545/1545/3998 1544/1544/3999 
f 1555/1555/4000 1554/1554/4001 1556/1556/4002 1557/1557/4003 
f 1557/1557/4004 1549/1549/4005 1545/1545/4006 1555/1555/4007 
f 1558/1558/4008 1529/1529/4009 1511/1511/4010 1559/1559/4011 
f 1560/1560/4012 1556/1556/4013 1554/1554/4014 1553/1553/4015 
f 1561/1561/4016 1562/1562/4017 1563/1563/4018 1564/1564/4019 
f 1565/1565/4020 1566/1566/4021 1567/1567/4022 1568/1568/4023 
f 1569/1569/4024 1570/1570/4025 1571/1571/4026 1572/1572/4027 
f 1573/1573/4028 1563/1563/4029 1574/1574/4030 1575/1575/4031 
f 1574/1574/4032 1563/1563/4033 1562/1562/4034 1576/1576/4035 
f 1577/1577/4036 1578/1578/4037 1579/1579/4038 1580/1580/4039 
f 1573/1573/4040 1581/1581/4041 1582/1582/4042 1583/1583/4043 
f 1584/1584/4044 1567/1567/4045 1566/1566/4046 1585/1585/4047 
f 1586/1586/4048 1581/1581/4049 1573/1573/4050 1575/1575/4051 
f 1583/1583/4052 1564/1564/4053 1563/1563/4054 1573/1573/4055 
f 1562/1562/4056 1587/1587/4057 1588/1588/4058 1576/1576/4059 
f 1572/1572/4060 1571/1571/4061 1589/1589/4062 1590/1590/4063 
f 1565/1565/4064 1568/1568/4065 1587/1587/4066 1591/1591/4067 
f 1592/1592/4068 1588/1588/4069 1587/1587/4070 1568/1568/4071 
f 1579/1579/4072 1578/1578/4073 1593/1593/4074 1594/1594/4075 
f 1595/1595/4076 1596/1596/4077 1597/1597/4078 1598/1598/4079 
f 1599/1599/4080 1600/1600/4081 1601/1601/4082 1602/1602/4083 
f 1598/1598/4084 1597/1597/4085 1581/1581/4086 1586/1586/4087 
f 1603/1603/4088 1582/1582/4089 1581/1581/4090 1597/1597/4091 
f 1580/1580/4092 1579/1579/4093 1596/1596/4094 1595/1595/4095 
f 1585/1585/4096 1601/1601/4097 1600/1600/4098 1584/1584/4099 
f 1604/1604/4100 1605/1605/4101 1599/1599/4102 1602/1602/4103 
f 1597/1597/4104 1596/1596/4105 1606/1606/4106 1603/1603/4107 
f 1561/1561/4108 1591/1591/4109 1587/1587/4110 1562/1562/4111 
f 1572/1572/4112 1578/1578/4113 1577/1577/4114 1569/1569/4115 
f 1594/1594/4116 1606/1606/4117 1596/1596/4118 1579/1579/4119 
f 1607/1607/4120 1608/1608/4121 1567/1567/4122 1584/1584/4123 
f 1599/1599/4124 1605/1605/4125 1609/1609/4126 1610/1610/4127 
f 1568/1568/4128 1567/1567/4129 1608/1608/4130 1592/1592/4131 
f 1584/1584/4132 1600/1600/4133 1611/1611/4134 1607/1607/4135 
f 1612/1612/4136 1613/1613/4137 1614/1614/4138 1615/1615/4139 
f 1590/1590/4140 1593/1593/4141 1578/1578/4142 1572/1572/4143 
f 1610/1610/4144 1611/1611/4145 1600/1600/4146 1599/1599/4147 
f 1612/1612/4148 1615/1615/4149 1605/1605/4150 1604/1604/4151 
f 1615/1615/4152 1614/1614/4153 1616/1616/4154 1617/1617/4155 
f 1617/1617/4156 1609/1609/4157 1605/1605/4158 1615/1615/4159 
f 1618/1618/4160 1589/1589/4161 1571/1571/4162 1619/1619/4163 
f 1620/1620/4164 1616/1616/4165 1614/1614/4166 1613/1613/4167 
f 1621/1621/4168 1622/1622/4169 1623/1623/4170 1624/1624/4171 
f 1625/1625/4172 1626/1626/4173 1627/1627/4174 1628/1628/4175 
f 1629/1629/4176 1630/1630/4177 1631/1631/4178 1632/1632/4179 
f 1633/1633/4180 1634/1634/4181 1635/1635/4182 1623/1623/4183 
f 1635/1635/4184 1636/1636/4185 1624/1624/4186 1623/1623/4187 
f 1637/1637/4188 1638/1638/4189 1639/1639/4190 1640/1640/4191 
f 1633/1633/4192 1641/1641/4193 1642/1642/4194 1643/1643/4195 
f 1644/1644/4196 1645/1645/4197 1628/1628/4198 1627/1627/4199 
f 1646/1646/4200 1634/1634/4201 1633/1633/4202 1643/1643/4203 
f 1641/1641/4204 1633/1633/4205 1623/1623/4206 1622/1622/4207 
f 1624/1624/4208 1636/1636/4209 1647/1647/4210 1648/1648/4211 
f 1630/1630/4212 1649/1649/4213 1650/1650/4214 1631/1631/4215 
f 1625/1625/4216 1651/1651/4217 1648/1648/4218 1626/1626/4219 
f 1652/1652/4220 1626/1626/4221 1648/1648/4222 1647/1647/4223 
f 1639/1639/4224 1653/1653/4225 1654/1654/4226 1640/1640/4227 
f 1655/1655/4228 1656/1656/4229 1657/1657/4230 1658/1658/4231 
f 1659/1659/4232 1660/1660/4233 1661/1661/4234 1662/1662/4235 
f 1656/1656/4236 1646/1646/4237 1643/1643/4238 1657/1657/4239 
f 1663/1663/4240 1657/1657/4241 1643/1643/4242 1642/1642/4243 
f 1638/1638/4244 1655/1655/4245 1658/1658/4246 1639/1639/4247 
f 1645/1645/4248 1644/1644/4249 1662/1662/4250 1661/1661/4251 
f 1664/1664/4252 1660/1660/4253 1659/1659/4254 1665/1665/4255 
f 1657/1657/4256 1663/1663/4257 1666/1666/4258 1658/1658/4259 
f 1621/1621/4260 1624/1624/4261 1648/1648/4262 1651/1651/4263 
f 1630/1630/4264 1629/1629/4265 1637/1637/4266 1640/1640/4267 
f 1653/1653/4268 1639/1639/4269 1658/1658/4270 1666/1666/4271 
f 1667/1667/4272 1644/1644/4273 1627/1627/4274 1668/1668/4275 
f 1659/1659/4276 1669/1669/4277 1670/1670/4278 1665/1665/4279 
f 1626/1626/4280 1652/1652/4281 1668/1668/4282 1627/1627/4283 
f 1644/1644/4284 1667/1667/4285 1671/1671/4286 1662/1662/4287 
f 1672/1672/4288 1673/1673/4289 1674/1674/4290 1675/1675/4291 
f 1649/1649/4292 1630/1630/4293 1640/1640/4294 1654/1654/4295 
f 1669/1669/4296 1659/1659/4297 1662/1662/4298 1671/1671/4299 
f 1672/1672/4300 1664/1664/4301 1665/1665/4302 1673/1673/4303 
f 1673/1673/4304 1676/1676/4305 1677/1677/4306 1674/1674/4307 
f 1676/1676/4308 1673/1673/4309 1665/1665/4310 1670/1670/4311 
f 1678/1678/4312 1679/1679/4313 1631/1631/4314 1650/1650/4315 
f 1680/1680/4316 1675/1675/4317 1674/1674/4318 1677/1677/4319 
f 1681/1681/4320 1682/1682/4321 1683/1683/4322 1684/1684/4323 
f 1685/1685/4324 1686/1686/4325 1687/1687/4326 1688/1688/4327 
f 1689/1689/4328 1690/1690/4329 1691/1691/4330 1692/1692/4331 
f 1693/1693/4332 1694/1694/4333 1695/1695/4334 1683/1683/4335 
f 1695/1695/4336 1696/1696/4337 1684/1684/4338 1683/1683/4339 
f 1697/1697/4340 1698/1698/4341 1699/1699/4342 1700/1700/4343 
f 1693/1693/4344 1701/1701/4345 1702/1702/4346 1703/1703/4347 
f 1704/1704/4348 1705/1705/4349 1688/1688/4350 1687/1687/4351 
f 1706/1706/4352 1694/1694/4353 1693/1693/4354 1703/1703/4355 
f 1701/1701/4356 1693/1693/4357 1683/1683/4358 1682/1682/4359 
f 1684/1684/4360 1696/1696/4361 1707/1707/4362 1708/1708/4363 
f 1690/1690/4364 1709/1709/4365 1710/1710/4366 1691/1691/4367 
f 1685/1685/4368 1711/1711/4369 1708/1708/4370 1686/1686/4371 
f 1712/1712/4372 1686/1686/4373 1708/1708/4374 1707/1707/4375 
f 1699/1699/4376 1713/1713/4377 1714/1714/4378 1700/1700/4379 
f 1715/1715/4380 1716/1716/4381 1717/1717/4382 1718/1718/4383 
f 1719/1719/4384 1720/1720/4385 1721/1721/4386 1722/1722/4387 
f 1716/1716/4388 1706/1706/4389 1703/1703/4390 1717/1717/4391 
f 1723/1723/4392 1717/1717/4393 1703/1703/4394 1702/1702/4395 
f 1698/1698/4396 1715/1715/4397 1718/1718/4398 1699/1699/4399 
f 1705/1705/4400 1704/1704/4401 1722/1722/4402 1721/1721/4403 
f 1724/1724/4404 1720/1720/4405 1719/1719/4406 1725/1725/4407 
f 1717/1717/4408 1723/1723/4409 1726/1726/4410 1718/1718/4411 
f 1681/1681/4412 1684/1684/4413 1708/1708/4414 1711/1711/4415 
f 1690/1690/4416 1689/1689/4417 1697/1697/4418 1700/1700/4419 
f 1713/1713/4420 1699/1699/4421 1718/1718/4422 1726/1726/4423 
f 1727/1727/4424 1704/1704/4425 1687/1687/4426 1728/1728/4427 
f 1719/1719/4428 1729/1729/4429 1730/1730/4430 1725/1725/4431 
f 1686/1686/4432 1712/1712/4433 1728/1728/4434 1687/1687/4435 
f 1704/1704/4436 1727/1727/4437 1731/1731/4438 1722/1722/4439 
f 1732/1732/4440 1733/1733/4441 1734/1734/4442 1735/1735/4443 
f 1709/1709/4444 1690/1690/4445 1700/1700/4446 1714/1714/4447 
f 1729/1729/4448 1719/1719/4449 1722/1722/4450 1731/1731/4451 
f 1732/1732/4452 1724/1724/4453 1725/1725/4454 1733/1733/4455 
f 1733/1733/4456 1736/1736/4457 1737/1737/4458 1734/1734/4459 
f 1736/1736/4460 1733/1733/4461 1725/1725/4462 1730/1730/4463 
f 1738/1738/4464 1739/1739/4465 1691/1691/4466 1710/1710/4467 
f 1740/1740/4468 1735/1735/4469 1734/1734/4470 1737/1737/4471 
f 1741/1741/4472 1742/1742/4473 1743/1743/4474 1744/1744/4475 
f 1745/1745/4476 1746/1746/4477 1747/1747/4478 1748/1748/4479 
f 1749/1749/4480 1750/1750/4481 1751/1751/4482 1752/1752/4483 
f 1753/1753/4484 1754/1754/4485 1755/1755/4486 1743/1743/4487 
f 1755/1755/4488 1756/1756/4489 1744/1744/4490 1743/1743/4491 
f 1757/1757/4492 1758/1758/4493 1759/1759/4494 1760/1760/4495 
f 1753/1753/4496 1761/1761/4497 1762/1762/4498 1763/1763/4499 
f 1764/1764/4500 1765/1765/4501 1748/1748/4502 1747/1747/4503 
f 1766/1766/4504 1754/1754/4505 1753/1753/4506 1763/1763/4507 
f 1761/1761/4508 1753/1753/4509 1743/1743/4510 1742/1742/4511 
f 1744/1744/4512 1756/1756/4513 1767/1767/4514 1768/1768/4515 
f 1750/1750/4516 1769/1769/4517 1770/1770/4518 1751/1751/4519 
f 1745/1745/4520 1771/1771/4521 1768/1768/4522 1746/1746/4523 
f 1772/1772/4524 1746/1746/4525 1768/1768/4526 1767/1767/4527 
f 1759/1759/4528 1773/1773/4529 1774/1774/4530 1760/1760/4531 
f 1775/1775/4532 1776/1776/4533 1777/1777/4534 1778/1778/4535 
f 1779/1779/4536 1780/1780/4537 1781/1781/4538 1782/1782/4539 
f 1776/1776/4540 1766/1766/4541 1763/1763/4542 1777/1777/4543 
f 1783/1783/4544 1777/1777/4545 1763/1763/4546 1762/1762/4547 
f 1758/1758/4548 1775/1775/4549 1778/1778/4550 1759/1759/4551 
f 1765/1765/4552 1764/1764/4553 1782/1782/4554 1781/1781/4555 
f 1784/1784/4556 1780/1780/4557 1779/1779/4558 1785/1785/4559 
f 1777/1777/4560 1783/1783/4561 1786/1786/4562 1778/1778/4563 
f 1741/1741/4564 1744/1744/4565 1768/1768/4566 1771/1771/4567 
f 1750/1750/4568 1749/1749/4569 1757/1757/4570 1760/1760/4571 
f 1773/1773/4572 1759/1759/4573 1778/1778/4574 1786/1786/4575 
f 1787/1787/4576 1764/1764/4577 1747/1747/4578 1788/1788/4579 
f 1779/1779/4580 1789/1789/4581 1790/1790/4582 1785/1785/4583 
f 1746/1746/4584 1772/1772/4585 1788/1788/4586 1747/1747/4587 
f 1764/1764/4588 1787/1787/4589 1791/1791/4590 1782/1782/4591 
f 1792/1792/4592 1793/1793/4593 1794/1794/4594 1795/1795/4595 
f 1769/1769/4596 1750/1750/4597 1760/1760/4598 1774/1774/4599 
f 1789/1789/4600 1779/1779/4601 1782/1782/4602 1791/1791/4603 
f 1792/1792/4604 1784/1784/4605 1785/1785/4606 1793/1793/4607 
f 1793/1793/4608 1796/1796/4609 1797/1797/4610 1794/1794/4611 
f 1796/1796/4612 1793/1793/4613 1785/1785/4614 1790/1790/4615 
f 1798/1798/4616 1799/1799/4617 1751/1751/4618 1770/1770/4619 
f 1800/1800/4620 1795/1795/4621 1794/1794/4622 1797/1797/4623 
f 1801/1801/4624 1802/1802/4625 1803/1803/4626 1804/1804/4627 
f 1805/1805/4628 1806/1806/4629 1807/1807/4630 1808/1808/4631 
f 1809/1809/4632 1810/1810/4633 1811/1811/4634 1812/1812/4635 
f 1813/1813/4636 1803/1803/4637 1814/1814/4638 1815/1815/4639 
f 1814/1814/4640 1803/1803/4641 1802/1802/4642 1816/1816/4643 
f 1817/1817/4644 1818/1818/4645 1819/1819/4646 1820/1820/4647 
f 1813/1813/4648 1821/1821/4649 1822/1822/4650 1823/1823/4651 
f 1824/1824/4652 1807/1807/4653 1806/1806/4654 1825/1825/4655 
f 1826/1826/4656 1821/1821/4657 1813/1813/4658 1815/1815/4659 
f 1823/1823/4660 1804/1804/4661 1803/1803/4662 1813/1813/4663 
f 1802/1802/4664 1827/1827/4665 1828/1828/4666 1816/1816/4667 
f 1812/1812/4668 1811/1811/4669 1829/1829/4670 1830/1830/4671 
f 1805/1805/4672 1808/1808/4673 1827/1827/4674 1831/1831/4675 
f 1832/1832/4676 1828/1828/4677 1827/1827/4678 1808/1808/4679 
f 1819/1819/4680 1818/1818/4681 1833/1833/4682 1834/1834/4683 
f 1835/1835/4684 1836/1836/4685 1837/1837/4686 1838/1838/4687 
f 1839/1839/4688 1840/1840/4689 1841/1841/4690 1842/1842/4691 
f 1838/1838/4692 1837/1837/4693 1821/1821/4694 1826/1826/4695 
f 1843/1843/4696 1822/1822/4697 1821/1821/4698 1837/1837/4699 
f 1820/1820/4700 1819/1819/4701 1836/1836/4702 1835/1835/4703 
f 1825/1825/4704 1841/1841/4705 1840/1840/4706 1824/1824/4707 
f 1844/1844/4708 1845/1845/4709 1839/1839/4710 1842/1842/4711 
f 1837/1837/4712 1836/1836/4713 1846/1846/4714 1843/1843/4715 
f 1801/1801/4716 1831/1831/4717 1827/1827/4718 1802/1802/4719 
f 1812/1812/4720 1818/1818/4721 1817/1817/4722 1809/1809/4723 
f 1834/1834/4724 1846/1846/4725 1836/1836/4726 1819/1819/4727 
f 1847/1847/4728 1848/1848/4729 1807/1807/4730 1824/1824/4731 
f 1839/1839/4732 1845/1845/4733 1849/1849/4734 1850/1850/4735 
f 1808/1808/4736 1807/1807/4737 1848/1848/4738 1832/1832/4739 
f 1824/1824/4740 1840/1840/4741 1851/1851/4742 1847/1847/4743 
f 1852/1852/4744 1853/1853/4745 1854/1854/4746 1855/1855/4747 
f 1830/1830/4748 1833/1833/4749 1818/1818/4750 1812/1812/4751 
f 1850/1850/4752 1851/1851/4753 1840/1840/4754 1839/1839/4755 
f 1852/1852/4756 1855/1855/4757 1845/1845/4758 1844/1844/4759 
f 1855/1855/4760 1854/1854/4761 1856/1856/4762 1857/1857/4763 
f 1857/1857/4764 1849/1849/4765 1845/1845/4766 1855/1855/4767 
f 1858/1858/4768 1829/1829/4769 1811/1811/4770 1859/1859/4771 
f 1860/1860/4772 1856/1856/4773 1854/1854/4774 1853/1853/4775 
f 1861/1861/4776 1862/1862/4777 1863/1863/4778 1864/1864/4779 
f 1865/1865/4780 1866/1866/4781 1867/1867/4782 1868/1868/4783 
f 1869/1869/4784 1870/1870/4785 1871/1871/4786 1872/1872/4787 
f 1873/1873/4788 1874/1874/4789 1875/1875/4790 1863/1863/4791 
f 1875/1875/4792 1876/1876/4793 1864/1864/4794 1863/1863/4795 
f 1877/1877/4796 1878/1878/4797 1879/1879/4798 1880/1880/4799 
f 1873/1873/4800 1881/1881/4801 1882/1882/4802 1883/1883/4803 
f 1884/1884/4804 1885/1885/4805 1868/1868/4806 1867/1867/4807 
f 1886/1886/4808 1874/1874/4809 1873/1873/4810 1883/1883/4811 
f 1881/1881/4812 1873/1873/4813 1863/1863/4814 1862/1862/4815 
f 1864/1864/4816 1876/1876/4817 1887/1887/4818 1888/1888/4819 
f 1870/1870/4820 1889/1889/4821 1890/1890/4822 1871/1871/4823 
f 1865/1865/4824 1891/1891/4825 1888/1888/4826 1866/1866/4827 
f 1892/1892/4828 1866/1866/4829 1888/1888/4830 1887/1887/4831 
f 1879/1879/4832 1893/1893/4833 1894/1894/4834 1880/1880/4835 
f 1895/1895/4836 1896/1896/4837 1897/1897/4838 1898/1898/4839 
f 1899/1899/4840 1900/1900/4841 1901/1901/4842 1902/1902/4843 
f 1896/1896/4844 1886/1886/4845 1883/1883/4846 1897/1897/4847 
f 1903/1903/4848 1897/1897/4849 1883/1883/4850 1882/1882/4851 
f 1878/1878/4852 1895/1895/4853 1898/1898/4854 1879/1879/4855 
f 1885/1885/4856 1884/1884/4857 1902/1902/4858 1901/1901/4859 
f 1904/1904/4860 1900/1900/4861 1899/1899/4862 1905/1905/4863 
f 1897/1897/4864 1903/1903/4865 1906/1906/4866 1898/1898/4867 
f 1861/1861/4868 1864/1864/4869 1888/1888/4870 1891/1891/4871 
f 1870/1870/4872 1869/1869/4873 1877/1877/4874 1880/1880/4875 
f 1893/1893/4876 1879/1879/4877 1898/1898/4878 1906/1906/4879 
f 1907/1907/4880 1884/1884/4881 1867/1867/4882 1908/1908/4883 
f 1899/1899/4884 1909/1909/4885 1910/1910/4886 1905/1905/4887 
f 1866/1866/4888 1892/1892/4889 1908/1908/4890 1867/1867/4891 
f 1884/1884/4892 1907/1907/4893 1911/1911/4894 1902/1902/4895 
f 1912/1912/4896 1913/1913/4897 1914/1914/4898 1915/1915/4899 
f 1889/1889/4900 1870/1870/4901 1880/1880/4902 1894/1894/4903 
f 1909/1909/4904 1899/1899/4905 1902/1902/4906 1911/1911/4907 
f 1912/1912/4908 1904/1904/4909 1905/1905/4910 1913/1913/4911 
f 1913/1913/4912 1916/1916/4913 1917/1917/4914 1914/1914/4915 
f 1916/1916/4916 1913/1913/4917 1905/1905/4918 1910/1910/4919 
f 1918/1918/4920 1919/1919/4921 1871/1871/4922 1890/1890/4923 
f 1920/1920/4924 1915/1915/4925 1914/1914/4926 1917/1917/4927 
f 1921/1921/4928 1922/1922/4929 1923/1923/4930 1924/1924/4931 
f 1925/1925/4932 1926/1926/4933 1927/1927/4934 1928/1928/4935 
f 1929/1929/4936 1930/1930/4937 1931/1931/4938 1932/1932/4939 
f 1933/1933/4940 1934/1934/4941 1935/1935/4942 1923/1923/4943 
f 1935/1935/4944 1936/1936/4945 1924/1924/4946 1923/1923/4947 
f 1937/1937/4948 1938/1938/4949 1939/1939/4950 1940/1940/4951 
f 1933/1933/4952 1941/1941/4953 1942/1942/4954 1943/1943/4955 
f 1944/1944/4956 1945/1945/4957 1928/1928/4958 1927/1927/4959 
f 1946/1946/4960 1934/1934/4961 1933/1933/4962 1943/1943/4963 
f 1941/1941/4964 1933/1933/4965 1923/1923/4966 1922/1922/4967 
f 1924/1924/4968 1936/1936/4969 1947/1947/4970 1948/1948/4971 
f 1930/1930/4972 1949/1949/4973 1950/1950/4974 1931/1931/4975 
f 1925/1925/4976 1951/1951/4977 1948/1948/4978 1926/1926/4979 
f 1952/1952/4980 1926/1926/4981 1948/1948/4982 1947/1947/4983 
f 1939/1939/4984 1953/1953/4985 1954/1954/4986 1940/1940/4987 
f 1955/1955/4988 1956/1956/4989 1957/1957/4990 1958/1958/4991 
f 1959/1959/4992 1960/1960/4993 1961/1961/4994 1962/1962/4995 
f 1956/1956/4996 1946/1946/4997 1943/1943/4998 1957/1957/4999 
f 1963/1963/5000 1957/1957/5001 1943/1943/5002 1942/1942/5003 
f 1938/1938/5004 1955/1955/5005 1958/1958/5006 1939/1939/5007 
f 1945/1945/5008 1944/1944/5009 1962/1962/5010 1961/1961/5011 
f 1964/1964/5012 1960/1960/5013 1959/1959/5014 1965/1965/5015 
f 1957/1957/5016 1963/1963/5017 1966/1966/5018 1958/1958/5019 
f 1921/1921/5020 1924/1924/5021 1948/1948/5022 1951/1951/5023 
f 1930/1930/5024 1929/1929/5025 1937/1937/5026 1940/1940/5027 
f 1953/1953/5028 1939/1939/5029 1958/1958/5030 1966/1966/5031 
f 1967/1967/5032 1944/1944/5033 1927/1927/5034 1968/1968/5035 
f 1959/1959/5036 1969/1969/5037 1970/1970/5038 1965/1965/5039 
f 1926/1926/5040 1952/1952/5041 1968/1968/5042 1927/1927/5043 
f 1944/1944/5044 1967/1967/5045 1971/1971/5046 1962/1962/5047 
f 1972/1972/5048 1973/1973/5049 1974/1974/5050 1975/1975/5051 
f 1949/1949/5052 1930/1930/5053 1940/1940/5054 1954/1954/5055 
f 1969/1969/5056 1959/1959/5057 1962/1962/5058 1971/1971/5059 
f 1972/1972/5060 1964/1964/5061 1965/1965/5062 1973/1973/5063 
f 1973/1973/5064 1976/1976/5065 1977/1977/5066 1974/1974/5067 
f 1976/1976/5068 1973/1973/5069 1965/1965/5070 1970/1970/5071 
f 1978/1978/5072 1979/1979/5073 1931/1931/5074 1950/1950/5075 
f 1980/1980/5076 1975/1975/5077 1974/1974/5078 1977/1977/5079 
f 1/1/5080 2/2/5081 3/3/5082 4/4/5083 
f 1981/1981/5084 1982/1982/5085 1983/1983/5086 1984/1984/5087 
f 1985/1985/5088 1986/1986/5089 1987/1987/5090 1988/1988/5091 
f 1989/1989/5092 1990/1990/5093 1991/1991/5094 1992/1992/5095 
f 1993/1993/5096 1983/1983/5097 1994/1994/5098 1995/1995/5099 
f 1994/1994/5100 1983/1983/5101 1982/1982/5102 1996/1996/5103 
f 1997/1997/5104 1998/1998/5105 1999/1999/5106 2000/2000/5107 
f 1993/1993/5108 2001/2001/5109 2002/2002/5110 2003/2003/5111 
f 2004/2004/5112 1987/1987/5113 1986/1986/5114 2005/2005/5115 
f 2006/2006/5116 2001/2001/5117 1993/1993/5118 1995/1995/5119 
f 2003/2003/5120 1984/1984/5121 1983/1983/5122 1993/1993/5123 
f 1982/1982/5124 2007/2007/5125 2008/2008/5126 1996/1996/5127 
f 1992/1992/5128 1991/1991/5129 2009/2009/5130 2010/2010/5131 
f 1985/1985/5132 1988/1988/5133 2007/2007/5134 2011/2011/5135 
f 2012/2012/5136 2008/2008/5137 2007/2007/5138 1988/1988/5139 
f 1999/1999/5140 1998/1998/5141 2013/2013/5142 2014/2014/5143 
f 2015/2015/5144 2016/2016/5145 2017/2017/5146 2018/2018/5147 
f 2019/2019/5148 2020/2020/5149 2021/2021/5150 2022/2022/5151 
f 2018/2018/5152 2017/2017/5153 2001/2001/5154 2006/2006/5155 
f 2023/2023/5156 2002/2002/5157 2001/2001/5158 2017/2017/5159 
f 2000/2000/5160 1999/1999/5161 2016/2016/5162 2015/2015/5163 
f 2005/2005/5164 2021/2021/5165 2020/2020/5166 2004/2004/5167 
f 2024/2024/5168 2025/2025/5169 2019/2019/5170 2022/2022/5171 
f 2017/2017/5172 2016/2016/5173 2026/2026/5174 2023/2023/5175 
f 1981/1981/5176 2011/2011/5177 2007/2007/5178 1982/1982/5179 
f 1992/1992/5180 1998/1998/5181 1997/1997/5182 1989/1989/5183 
f 2014/2014/5184 2026/2026/5185 2016/2016/5186 1999/1999/5187 
f 2027/2027/5188 2028/2028/5189 1987/1987/5190 2004/2004/5191 
f 2019/2019/5192 2025/2025/5193 2029/2029/5194 2030/2030/5195 
f 1988/1988/5196 1987/1987/5197 2028/2028/5198 2012/2012/5199 
f 2004/2004/5200 2020/2020/5201 2031/2031/5202 2027/2027/5203 
f 2032/2032/5204 2033/2033/5205 2034/2034/5206 2035/2035/5207 
f 2010/2010/5208 2013/2013/5209 1998/1998/5210 1992/1992/5211 
f 2030/2030/5212 2031/2031/5213 2020/2020/5214 2019/2019/5215 
f 2032/2032/5216 2035/2035/5217 2025/2025/5218 2024/2024/5219 
f 2035/2035/5220 2034/2034/5221 2036/2036/5222 2037/2037/5223 
f 2037/2037/5224 2029/2029/5225 2025/2025/5226 2035/2035/5227 
f 2038/2038/5228 2009/2009/5229 1991/1991/5230 2039/2039/5231 
f 2040/2040/5232 2036/2036/5233 2034/2034/5234 2033/2033/5235 
f 5/5/5236 6/6/5237 7/7/5238 8/8/5239 
f 2041/2041/5240 2042/2042/5241 2043/2043/5242 2044/2044/5243 
f 2045/2045/5244 2046/2046/5245 2047/2047/5246 2048/2048/5247 
f 2049/2049/5248 2050/2050/5249 2051/2051/5250 2052/2052/5251 
f 2053/2053/5252 2043/2043/5253 2054/2054/5254 2055/2055/5255 
f 2054/2054/5256 2043/2043/5257 2042/2042/5258 2056/2056/5259 
f 2057/2057/5260 2058/2058/5261 2059/2059/5262 2060/2060/5263 
f 2053/2053/5264 2061/2061/5265 2062/2062/5266 2063/2063/5267 
f 2064/2064/5268 2047/2047/5269 2046/2046/5270 2065/2065/5271 
f 2066/2066/5272 2061/2061/5273 2053/2053/5274 2055/2055/5275 
f 2063/2063/5276 2044/2044/5277 2043/2043/5278 2053/2053/5279 
f 2042/2042/5280 2067/2067/5281 2068/2068/5282 2056/2056/5283 
f 2052/2052/5284 2051/2051/5285 2069/2069/5286 2070/2070/5287 
f 2045/2045/5288 2048/2048/5289 2067/2067/5290 2071/2071/5291 
f 2072/2072/5292 2068/2068/5293 2067/2067/5294 2048/2048/5295 
f 2059/2059/5296 2058/2058/5297 2073/2073/5298 2074/2074/5299 
f 2075/2075/5300 2076/2076/5301 2077/2077/5302 2078/2078/5303 
f 2079/2079/5304 2080/2080/5305 2081/2081/5306 2082/2082/5307 
f 2078/2078/5308 2077/2077/5309 2061/2061/5310 2066/2066/5311 
f 2083/2083/5312 2062/2062/5313 2061/2061/5314 2077/2077/5315 
f 2060/2060/5316 2059/2059/5317 2076/2076/5318 2075/2075/5319 
f 2065/2065/5320 2081/2081/5321 2080/2080/5322 2064/2064/5323 
f 2084/2084/5324 2085/2085/5325 2079/2079/5326 2082/2082/5327 
f 2077/2077/5328 2076/2076/5329 2086/2086/5330 2083/2083/5331 
f 2041/2041/5332 2071/2071/5333 2067/2067/5334 2042/2042/5335 
f 2052/2052/5336 2058/2058/5337 2057/2057/5338 2049/2049/5339 
f 2074/2074/5340 2086/2086/5341 2076/2076/5342 2059/2059/5343 
f 2087/2087/5344 2088/2088/5345 2047/2047/5346 2064/2064/5347 
f 2079/2079/5348 2085/2085/5349 2089/2089/5350 2090/2090/5351 
f 2048/2048/5352 2047/2047/5353 2088/2088/5354 2072/2072/5355 
f 2064/2064/5356 2080/2080/5357 2091/2091/5358 2087/2087/5359 
f 2092/2092/5360 2093/2093/5361 2094/2094/5362 2095/2095/5363 
f 2070/2070/5364 2073/2073/5365 2058/2058/5366 2052/2052/5367 
f 2090/2090/5368 2091/2091/5369 2080/2080/5370 2079/2079/5371 
f 2092/2092/5372 2095/2095/5373 2085/2085/5374 2084/2084/5375 
f 2095/2095/5376 2094/2094/5377 2096/2096/5378 2097/2097/5379 
f 2097/2097/5380 2089/2089/5381 2085/2085/5382 2095/2095/5383 
f 2098/2098/5384 2069/2069/5385 2051/2051/5386 2099/2099/5387 
f 2100/2100/5388 2096/2096/5389 2094/2094/5390 2093/2093/5391 
f 9/9/5392 10/10/5393 11/11/5394 12/12/5395 
f 2101/2101/5396 2102/2102/5397 2103/2103/5398 2104/2104/5399 
f 2105/2105/5400 2106/2106/5401 2107/2107/5402 2108/2108/5403 
f 2109/2109/5404 2110/2110/5405 2111/2111/5406 2112/2112/5407 
f 2113/2113/5408 2103/2103/5409 2114/2114/5410 2115/2115/5411 
f 2114/2114/5412 2103/2103/5413 2102/2102/5414 2116/2116/5415 
f 2117/2117/5416 2118/2118/5417 2119/2119/5418 2120/2120/5419 
f 2113/2113/5420 2121/2121/5421 2122/2122/5422 2123/2123/5423 
f 2124/2124/5424 2107/2107/5425 2106/2106/5426 2125/2125/5427 
f 2126/2126/5428 2121/2121/5429 2113/2113/5430 2115/2115/5431 
f 2123/2123/5432 2104/2104/5433 2103/2103/5434 2113/2113/5435 
f 2102/2102/5436 2127/2127/5437 2128/2128/5438 2116/2116/5439 
f 2112/2112/5440 2111/2111/5441 2129/2129/5442 2130/2130/5443 
f 2105/2105/5444 2108/2108/5445 2127/2127/5446 2131/2131/5447 
f 2132/2132/5448 2128/2128/5449 2127/2127/5450 2108/2108/5451 
f 2119/2119/5452 2118/2118/5453 2133/2133/5454 2134/2134/5455 
f 2135/2135/5456 2136/2136/5457 2137/2137/5458 2138/2138/5459 
f 2139/2139/5460 2140/2140/5461 2141/2141/5462 2142/2142/5463 
f 2138/2138/5464 2137/2137/5465 2121/2121/5466 2126/2126/5467 
f 2143/2143/5468 2122/2122/5469 2121/2121/5470 2137/2137/5471 
f 2120/2120/5472 2119/2119/5473 2136/2136/5474 2135/2135/5475 
f 2125/2125/5476 2141/2141/5477 2140/2140/5478 2124/2124/5479 
f 2144/2144/5480 2145/2145/5481 2139/2139/5482 2142/2142/5483 
f 2137/2137/5484 2136/2136/5485 2146/2146/5486 2143/2143/5487 
f 2101/2101/5488 2131/2131/5489 2127/2127/5490 2102/2102/5491 
f 2112/2112/5492 2118/2118/5493 2117/2117/5494 2109/2109/5495 
f 2134/2134/5496 2146/2146/5497 2136/2136/5498 2119/2119/5499 
f 2147/2147/5500 2148/2148/5501 2107/2107/5502 2124/2124/5503 
f 2139/2139/5504 2145/2145/5505 2149/2149/5506 2150/2150/5507 
f 2108/2108/5508 2107/2107/5509 2148/2148/5510 2132/2132/5511 
f 2124/2124/5512 2140/2140/5513 2151/2151/5514 2147/2147/5515 
f 2152/2152/5516 2153/2153/5517 2154/2154/5518 2155/2155/5519 
f 2130/2130/5520 2133/2133/5521 2118/2118/5522 2112/2112/5523 
f 2150/2150/5524 2151/2151/5525 2140/2140/5526 2139/2139/5527 
f 2152/2152/5528 2155/2155/5529 2145/2145/5530 2144/2144/5531 
f 2155/2155/5532 2154/2154/5533 2156/2156/5534 2157/2157/5535 
f 2157/2157/5536 2149/2149/5537 2145/2145/5538 2155/2155/5539 
f 2158/2158/5540 2129/2129/5541 2111/2111/5542 2159/2159/5543 
f 2160/2160/5544 2156/2156/5545 2154/2154/5546 2153/2153/5547 
f 13/13/5548 3/3/5549 14/14/5550 15/15/5551 
f 2161/2161/5552 2162/2162/5553 2163/2163/5554 2164/2164/5555 
f 2165/2165/5556 2166/2166/5557 2167/2167/5558 2168/2168/5559 
f 2169/2169/5560 2170/2170/5561 2171/2171/5562 2172/2172/5563 
f 2173/2173/5564 2174/2174/5565 2175/2175/5566 2163/2163/5567 
f 2175/2175/5568 2176/2176/5569 2164/2164/5570 2163/2163/5571 
f 2177/2177/5572 2178/2178/5573 2179/2179/5574 2180/2180/5575 
f 2173/2173/5576 2181/2181/5577 2182/2182/5578 2183/2183/5579 
f 2184/2184/5580 2185/2185/5581 2168/2168/5582 2167/2167/5583 
f 2186/2186/5584 2174/2174/5585 2173/2173/5586 2183/2183/5587 
f 2181/2181/5588 2173/2173/5589 2163/2163/5590 2162/2162/5591 
f 2164/2164/5592 2176/2176/5593 2187/2187/5594 2188/2188/5595 
f 2170/2170/5596 2189/2189/5597 2190/2190/5598 2171/2171/5599 
f 2165/2165/5600 2191/2191/5601 2188/2188/5602 2166/2166/5603 
f 2192/2192/5604 2166/2166/5605 2188/2188/5606 2187/2187/5607 
f 2179/2179/5608 2193/2193/5609 2194/2194/5610 2180/2180/5611 
f 2195/2195/5612 2196/2196/5613 2197/2197/5614 2198/2198/5615 
f 2199/2199/5616 2200/2200/5617 2201/2201/5618 2202/2202/5619 
f 2196/2196/5620 2186/2186/5621 2183/2183/5622 2197/2197/5623 
f 2203/2203/5624 2197/2197/5625 2183/2183/5626 2182/2182/5627 
f 2178/2178/5628 2195/2195/5629 2198/2198/5630 2179/2179/5631 
f 2185/2185/5632 2184/2184/5633 2202/2202/5634 2201/2201/5635 
f 2204/2204/5636 2200/2200/5637 2199/2199/5638 2205/2205/5639 
f 2197/2197/5640 2203/2203/5641 2206/2206/5642 2198/2198/5643 
f 2161/2161/5644 2164/2164/5645 2188/2188/5646 2191/2191/5647 
f 2170/2170/5648 2169/2169/5649 2177/2177/5650 2180/2180/5651 
f 2193/2193/5652 2179/2179/5653 2198/2198/5654 2206/2206/5655 
f 2207/2207/5656 2184/2184/5657 2167/2167/5658 2208/2208/5659 
f 2199/2199/5660 2209/2209/5661 2210/2210/5662 2205/2205/5663 
f 2166/2166/5664 2192/2192/5665 2208/2208/5666 2167/2167/5667 
f 2184/2184/5668 2207/2207/5669 2211/2211/5670 2202/2202/5671 
f 2212/2212/5672 2213/2213/5673 2214/2214/5674 2215/2215/5675 
f 2189/2189/5676 2170/2170/5677 2180/2180/5678 2194/2194/5679 
f 2209/2209/5680 2199/2199/5681 2202/2202/5682 2211/2211/5683 
f 2212/2212/5684 2204/2204/5685 2205/2205/5686 2213/2213/5687 
f 2213/2213/5688 2216/2216/5689 2217/2217/5690 2214/2214/5691 
f 2216/2216/5692 2213/2213/5693 2205/2205/5694 2210/2210/5695 
f 2218/2218/5696 2219/2219/5697 2171/2171/5698 2190/2190/5699 
f 2220/2220/5700 2215/2215/5701 2214/2214/5702 2217/2217/5703 
f 14/14/5704 3/3/5705 2/2/5706 16/16/5707 
f 2221/2221/5708 2222/2222/5709 2223/2223/5710 2224/2224/5711 
f 2225/2225/5712 2226/2226/5713 2227/2227/5714 2228/2228/5715 
f 2229/2229/5716 2230/2230/5717 2231/2231/5718 2232/2232/5719 
f 2233/2233/5720 2223/2223/5721 2234/2234/5722 2235/2235/5723 
f 2234/2234/5724 2223/2223/5725 2222/2222/5726 2236/2236/5727 
f 2237/2237/5728 2238/2238/5729 2239/2239/5730 2240/2240/5731 
f 2233/2233/5732 2241/2241/5733 2242/2242/5734 2243/2243/5735 
f 2244/2244/5736 2227/2227/5737 2226/2226/5738 2245/2245/5739 
f 2246/2246/5740 2241/2241/5741 2233/2233/5742 2235/2235/5743 
f 2243/2243/5744 2224/2224/5745 2223/2223/5746 2233/2233/5747 
f 2222/2222/5748 2247/2247/5749 2248/2248/5750 2236/2236/5751 
f 2232/2232/5752 2231/2231/5753 2249/2249/5754 2250/2250/5755 
f 2225/2225/5756 2228/2228/5757 2247/2247/5758 2251/2251/5759 
f 2252/2252/5760 2248/2248/5761 2247/2247/5762 2228/2228/5763 
f 2239/2239/5764 2238/2238/5765 2253/2253/5766 2254/2254/5767 
f 2255/2255/5768 2256/2256/5769 2257/2257/5770 2258/2258/5771 
f 2259/2259/5772 2260/2260/5773 2261/2261/5774 2262/2262/5775 
f 2258/2258/5776 2257/2257/5777 2241/2241/5778 2246/2246/5779 
f 2263/2263/5780 2242/2242/5781 2241/2241/5782 2257/2257/5783 
f 2240/2240/5784 2239/2239/5785 2256/2256/5786 2255/2255/5787 
f 2245/2245/5788 2261/2261/5789 2260/2260/5790 2244/2244/5791 
f 2264/2264/5792 2265/2265/5793 2259/2259/5794 2262/2262/5795 
f 2257/2257/5796 2256/2256/5797 2266/2266/5798 2263/2263/5799 
f 2221/2221/5800 2251/2251/5801 2247/2247/5802 2222/2222/5803 
f 2232/2232/5804 2238/2238/5805 2237/2237/5806 2229/2229/5807 
f 2254/2254/5808 2266/2266/5809 2256/2256/5810 2239/2239/5811 
f 2267/2267/5812 2268/2268/5813 2227/2227/5814 2244/2244/5815 
f 2259/2259/5816 2265/2265/5817 2269/2269/5818 2270/2270/5819 
f 2228/2228/5820 2227/2227/5821 2268/2268/5822 2252/2252/5823 
f 2244/2244/5824 2260/2260/5825 2271/2271/5826 2267/2267/5827 
f 2272/2272/5828 2273/2273/5829 2274/2274/5830 2275/2275/5831 
f 2250/2250/5832 2253/2253/5833 2238/2238/5834 2232/2232/5835 
f 2270/2270/5836 2271/2271/5837 2260/2260/5838 2259/2259/5839 
f 2272/2272/5840 2275/2275/5841 2265/2265/5842 2264/2264/5843 
f 2275/2275/5844 2274/2274/5845 2276/2276/5846 2277/2277/5847 
f 2277/2277/5848 2269/2269/5849 2265/2265/5850 2275/2275/5851 
f 2278/2278/5852 2249/2249/5853 2231/2231/5854 2279/2279/5855 
f 2280/2280/5856 2276/2276/5857 2274/2274/5858 2273/2273/5859 
f 17/17/5860 18/18/5861 19/19/5862 20/20/5863 
f 2281/2281/5864 2282/2282/5865 2283/2283/5866 2284/2284/5867 
f 2285/2285/5868 2286/2286/5869 2287/2287/5870 2288/2288/5871 
f 2289/2289/5872 2290/2290/5873 2291/2291/5874 2292/2292/5875 
f 2293/2293/5876 2283/2283/5877 2294/2294/5878 2295/2295/5879 
f 2294/2294/5880 2283/2283/5881 2282/2282/5882 2296/2296/5883 
f 2297/2297/5884 2298/2298/5885 2299/2299/5886 2300/2300/5887 
f 2293/2293/5888 2301/2301/5889 2302/2302/5890 2303/2303/5891 
f 2304/2304/5892 2287/2287/5893 2286/2286/5894 2305/2305/5895 
f 2306/2306/5896 2301/2301/5897 2293/2293/5898 2295/2295/5899 
f 2303/2303/5900 2284/2284/5901 2283/2283/5902 2293/2293/5903 
f 2282/2282/5904 2307/2307/5905 2308/2308/5906 2296/2296/5907 
f 2292/2292/5908 2291/2291/5909 2309/2309/5910 2310/2310/5911 
f 2285/2285/5912 2288/2288/5913 2307/2307/5914 2311/2311/5915 
f 2312/2312/5916 2308/2308/5917 2307/2307/5918 2288/2288/5919 
f 2299/2299/5920 2298/2298/5921 2313/2313/5922 2314/2314/5923 
f 2315/2315/5924 2316/2316/5925 2317/2317/5926 2318/2318/5927 
f 2319/2319/5928 2320/2320/5929 2321/2321/5930 2322/2322/5931 
f 2318/2318/5932 2317/2317/5933 2301/2301/5934 2306/2306/5935 
f 2323/2323/5936 2302/2302/5937 2301/2301/5938 2317/2317/5939 
f 2300/2300/5940 2299/2299/5941 2316/2316/5942 2315/2315/5943 
f 2305/2305/5944 2321/2321/5945 2320/2320/5946 2304/2304/5947 
f 2324/2324/5948 2325/2325/5949 2319/2319/5950 2322/2322/5951 
f 2317/2317/5952 2316/2316/5953 2326/2326/5954 2323/2323/5955 
f 2281/2281/5956 2311/2311/5957 2307/2307/5958 2282/2282/5959 
f 2292/2292/5960 2298/2298/5961 2297/2297/5962 2289/2289/5963 
f 2314/2314/5964 2326/2326/5965 2316/2316/5966 2299/2299/5967 
f 2327/2327/5968 2328/2328/5969 2287/2287/5970 2304/2304/5971 
f 2319/2319/5972 2325/2325/5973 2329/2329/5974 2330/2330/5975 
f 2288/2288/5976 2287/2287/5977 2328/2328/5978 2312/2312/5979 
f 2304/2304/5980 2320/2320/5981 2331/2331/5982 2327/2327/5983 
f 2332/2332/5984 2333/2333/5985 2334/2334/5986 2335/2335/5987 
f 2310/2310/5988 2313/2313/5989 2298/2298/5990 2292/2292/5991 
f 2330/2330/5992 2331/2331/5993 2320/2320/5994 2319/2319/5995 
f 2332/2332/5996 2335/2335/5997 2325/2325/5998 2324/2324/5999 
f 2335/2335/6000 2334/2334/6001 2336/2336/6002 2337/2337/6003 
f 2337/2337/6004 2329/2329/6005 2325/2325/6006 2335/2335/6007 
f 2338/2338/6008 2309/2309/6009 2291/2291/6010 2339/2339/6011 
f 2340/2340/6012 2336/2336/6013 2334/2334/6014 2333/2333/6015 
f 13/13/6016 21/21/6017 22/22/6018 23/23/6019 
f 2341/2341/6020 2342/2342/6021 2343/2343/6022 2344/2344/6023 
f 2345/2345/6024 2346/2346/6025 2347/2347/6026 2348/2348/6027 
f 2349/2349/6028 2350/2350/6029 2351/2351/6030 2352/2352/6031 
f 2353/2353/6032 2354/2354/6033 2355/2355/6034 2343/2343/6035 
f 2355/2355/6036 2356/2356/6037 2344/2344/6038 2343/2343/6039 
f 2357/2357/6040 2358/2358/6041 2359/2359/6042 2360/2360/6043 
f 2353/2353/6044 2361/2361/6045 2362/2362/6046 2363/2363/6047 
f 2364/2364/6048 2365/2365/6049 2348/2348/6050 2347/2347/6051 
f 2366/2366/6052 2354/2354/6053 2353/2353/6054 2363/2363/6055 
f 2361/2361/6056 2353/2353/6057 2343/2343/6058 2342/2342/6059 
f 2344/2344/6060 2356/2356/6061 2367/2367/6062 2368/2368/6063 
f 2350/2350/6064 2369/2369/6065 2370/2370/6066 2351/2351/6067 
f 2345/2345/6068 2371/2371/6069 2368/2368/6070 2346/2346/6071 
f 2372/2372/6072 2346/2346/6073 2368/2368/6074 2367/2367/6075 
f 2359/2359/6076 2373/2373/6077 2374/2374/6078 2360/2360/6079 
f 2375/2375/6080 2376/2376/6081 2377/2377/6082 2378/2378/6083 
f 2379/2379/6084 2380/2380/6085 2381/2381/6086 2382/2382/6087 
f 2376/2376/6088 2366/2366/6089 2363/2363/6090 2377/2377/6091 
f 2383/2383/6092 2377/2377/6093 2363/2363/6094 2362/2362/6095 
f 2358/2358/6096 2375/2375/6097 2378/2378/6098 2359/2359/6099 
f 2365/2365/6100 2364/2364/6101 2382/2382/6102 2381/2381/6103 
f 2384/2384/6104 2380/2380/6105 2379/2379/6106 2385/2385/6107 
f 2377/2377/6108 2383/2383/6109 2386/2386/6110 2378/2378/6111 
f 2341/2341/6112 2344/2344/6113 2368/2368/6114 2371/2371/6115 
f 2350/2350/6116 2349/2349/6117 2357/2357/6118 2360/2360/6119 
f 2373/2373/6120 2359/2359/6121 2378/2378/6122 2386/2386/6123 
f 2387/2387/6124 2364/2364/6125 2347/2347/6126 2388/2388/6127 
f 2379/2379/6128 2389/2389/6129 2390/2390/6130 2385/2385/6131 
f 2346/2346/6132 2372/2372/6133 2388/2388/6134 2347/2347/6135 
f 2364/2364/6136 2387/2387/6137 2391/2391/6138 2382/2382/6139 
f 2392/2392/6140 2393/2393/6141 2394/2394/6142 2395/2395/6143 
f 2369/2369/6144 2350/2350/6145 2360/2360/6146 2374/2374/6147 
f 2389/2389/6148 2379/2379/6149 2382/2382/6150 2391/2391/6151 
f 2392/2392/6152 2384/2384/6153 2385/2385/6154 2393/2393/6155 
f 2393/2393/6156 2396/2396/6157 2397/2397/6158 2394/2394/6159 
f 2396/2396/6160 2393/2393/6161 2385/2385/6162 2390/2390/6163 
f 2398/2398/6164 2399/2399/6165 2351/2351/6166 2370/2370/6167 
f 2400/2400/6168 2395/2395/6169 2394/2394/6170 2397/2397/6171 
f 24/24/6172 7/7/6173 6/6/6174 25/25/6175 
f 2401/2401/6176 2402/2402/6177 2403/2403/6178 2404/2404/6179 
f 2405/2405/6180 2406/2406/6181 2407/2407/6182 2408/2408/6183 
f 2409/2409/6184 2410/2410/6185 2411/2411/6186 2412/2412/6187 
f 2413/2413/6188 2403/2403/6189 2414/2414/6190 2415/2415/6191 
f 2414/2414/6192 2403/2403/6193 2402/2402/6194 2416/2416/6195 
f 2417/2417/6196 2418/2418/6197 2419/2419/6198 2420/2420/6199 
f 2413/2413/6200 2421/2421/6201 2422/2422/6202 2423/2423/6203 
f 2424/2424/6204 2407/2407/6205 2406/2406/6206 2425/2425/6207 
f 2426/2426/6208 2421/2421/6209 2413/2413/6210 2415/2415/6211 
f 2423/2423/6212 2404/2404/6213 2403/2403/6214 2413/2413/6215 
f 2402/2402/6216 2427/2427/6217 2428/2428/6218 2416/2416/6219 
f 2412/2412/6220 2411/2411/6221 2429/2429/6222 2430/2430/6223 
f 2405/2405/6224 2408/2408/6225 2427/2427/6226 2431/2431/6227 
f 2432/2432/6228 2428/2428/6229 2427/2427/6230 2408/2408/6231 
f 2419/2419/6232 2418/2418/6233 2433/2433/6234 2434/2434/6235 
f 2435/2435/6236 2436/2436/6237 2437/2437/6238 2438/2438/6239 
f 2439/2439/6240 2440/2440/6241 2441/2441/6242 2442/2442/6243 
f 2438/2438/6244 2437/2437/6245 2421/2421/6246 2426/2426/6247 
f 2443/2443/6248 2422/2422/6249 2421/2421/6250 2437/2437/6251 
f 2420/2420/6252 2419/2419/6253 2436/2436/6254 2435/2435/6255 
f 2425/2425/6256 2441/2441/6257 2440/2440/6258 2424/2424/6259 
f 2444/2444/6260 2445/2445/6261 2439/2439/6262 2442/2442/6263 
f 2437/2437/6264 2436/2436/6265 2446/2446/6266 2443/2443/6267 
f 2401/2401/6268 2431/2431/6269 2427/2427/6270 2402/2402/6271 
f 2412/2412/6272 2418/2418/6273 2417/2417/6274 2409/2409/6275 
f 2434/2434/6276 2446/2446/6277 2436/2436/6278 2419/2419/6279 
f 2447/2447/6280 2448/2448/6281 2407/2407/6282 2424/2424/6283 
f 2439/2439/6284 2445/2445/6285 2449/2449/6286 2450/2450/6287 
f 2408/2408/6288 2407/2407/6289 2448/2448/6290 2432/2432/6291 
f 2424/2424/6292 2440/2440/6293 2451/2451/6294 2447/2447/6295 
f 2452/2452/6296 2453/2453/6297 2454/2454/6298 2455/2455/6299 
f 2430/2430/6300 2433/2433/6301 2418/2418/6302 2412/2412/6303 
f 2450/2450/6304 2451/2451/6305 2440/2440/6306 2439/2439/6307 
f 2452/2452/6308 2455/2455/6309 2445/2445/6310 2444/2444/6311 
f 2455/2455/6312 2454/2454/6313 2456/2456/6314 2457/2457/6315 
f 2457/2457/6316 2449/2449/6317 2445/2445/6318 2455/2455/6319 
f 2458/2458/6320 2429/2429/6321 2411/2411/6322 2459/2459/6323 
f 2460/2460/6324 2456/2456/6325 2454/2454/6326 2453/2453/6327 
f 26/26/6328 21/21/6329 13/13/6330 15/15/6331 
f 2461/2461/6332 2462/2462/6333 2463/2463/6334 2464/2464/6335 
f 2465/2465/6336 2466/2466/6337 2467/2467/6338 2468/2468/6339 
f 2469/2469/6340 2470/2470/6341 2471/2471/6342 2472/2472/6343 
f 2473/2473/6344 2474/2474/6345 2475/2475/6346 2463/2463/6347 
f 2475/2475/6348 2476/2476/6349 2464/2464/6350 2463/2463/6351 
f 2477/2477/6352 2478/2478/6353 2479/2479/6354 2480/2480/6355 
f 2473/2473/6356 2481/2481/6357 2482/2482/6358 2483/2483/6359 
f 2484/2484/6360 2485/2485/6361 2468/2468/6362 2467/2467/6363 
f 2486/2486/6364 2474/2474/6365 2473/2473/6366 2483/2483/6367 
f 2481/2481/6368 2473/2473/6369 2463/2463/6370 2462/2462/6371 
f 2464/2464/6372 2476/2476/6373 2487/2487/6374 2488/2488/6375 
f 2470/2470/6376 2489/2489/6377 2490/2490/6378 2471/2471/6379 
f 2465/2465/6380 2491/2491/6381 2488/2488/6382 2466/2466/6383 
f 2492/2492/6384 2466/2466/6385 2488/2488/6386 2487/2487/6387 
f 2479/2479/6388 2493/2493/6389 2494/2494/6390 2480/2480/6391 
f 2495/2495/6392 2496/2496/6393 2497/2497/6394 2498/2498/6395 
f 2499/2499/6396 2500/2500/6397 2501/2501/6398 2502/2502/6399 
f 2496/2496/6400 2486/2486/6401 2483/2483/6402 2497/2497/6403 
f 2503/2503/6404 2497/2497/6405 2483/2483/6406 2482/2482/6407 
f 2478/2478/6408 2495/2495/6409 2498/2498/6410 2479/2479/6411 
f 2485/2485/6412 2484/2484/6413 2502/2502/6414 2501/2501/6415 
f 2504/2504/6416 2500/2500/6417 2499/2499/6418 2505/2505/6419 
f 2497/2497/6420 2503/2503/6421 2506/2506/6422 2498/2498/6423 
f 2461/2461/6424 2464/2464/6425 2488/2488/6426 2491/2491/6427 
f 2470/2470/6428 2469/2469/6429 2477/2477/6430 2480/2480/6431 
f 2493/2493/6432 2479/2479/6433 2498/2498/6434 2506/2506/6435 
f 2507/2507/6436 2484/2484/6437 2467/2467/6438 2508/2508/6439 
f 2499/2499/6440 2509/2509/6441 2510/2510/6442 2505/2505/6443 
f 2466/2466/6444 2492/2492/6445 2508/2508/6446 2467/2467/6447 
f 2484/2484/6448 2507/2507/6449 2511/2511/6450 2502/2502/6451 
f 2512/2512/6452 2513/2513/6453 2514/2514/6454 2515/2515/6455 
f 2489/2489/6456 2470/2470/6457 2480/2480/6458 2494/2494/6459 
f 2509/2509/6460 2499/2499/6461 2502/2502/6462 2511/2511/6463 
f 2512/2512/6464 2504/2504/6465 2505/2505/6466 2513/2513/6467 
f 2513/2513/6468 2516/2516/6469 2517/2517/6470 2514/2514/6471 
f 2516/2516/6472 2513/2513/6473 2505/2505/6474 2510/2510/6475 
f 2518/2518/6476 2519/2519/6477 2471/2471/6478 2490/2490/6479 
f 2520/2520/6480 2515/2515/6481 2514/2514/6482 2517/2517/6483 
f 23/23/6484 4/4/6485 3/3/6486 13/13/6487 
f 2521/2521/6488 2522/2522/6489 2523/2523/6490 2524/2524/6491 
f 2525/2525/6492 2526/2526/6493 2527/2527/6494 2528/2528/6495 
f 2529/2529/6496 2530/2530/6497 2531/2531/6498 2532/2532/6499 
f 2533/2533/6500 2534/2534/6501 2535/2535/6502 2523/2523/6503 
f 2535/2535/6504 2536/2536/6505 2524/2524/6506 2523/2523/6507 
f 2537/2537/6508 2538/2538/6509 2539/2539/6510 2540/2540/6511 
f 2533/2533/6512 2541/2541/6513 2542/2542/6514 2543/2543/6515 
f 2544/2544/6516 2545/2545/6517 2528/2528/6518 2527/2527/6519 
f 2546/2546/6520 2534/2534/6521 2533/2533/6522 2543/2543/6523 
f 2541/2541/6524 2533/2533/6525 2523/2523/6526 2522/2522/6527 
f 2524/2524/6528 2536/2536/6529 2547/2547/6530 2548/2548/6531 
f 2530/2530/6532 2549/2549/6533 2550/2550/6534 2531/2531/6535 
f 2525/2525/6536 2551/2551/6537 2548/2548/6538 2526/2526/6539 
f 2552/2552/6540 2526/2526/6541 2548/2548/6542 2547/2547/6543 
f 2539/2539/6544 2553/2553/6545 2554/2554/6546 2540/2540/6547 
f 2555/2555/6548 2556/2556/6549 2557/2557/6550 2558/2558/6551 
f 2559/2559/6552 2560/2560/6553 2561/2561/6554 2562/2562/6555 
f 2556/2556/6556 2546/2546/6557 2543/2543/6558 2557/2557/6559 
f 2563/2563/6560 2557/2557/6561 2543/2543/6562 2542/2542/6563 
f 2538/2538/6564 2555/2555/6565 2558/2558/6566 2539/2539/6567 
f 2545/2545/6568 2544/2544/6569 2562/2562/6570 2561/2561/6571 
f 2564/2564/6572 2560/2560/6573 2559/2559/6574 2565/2565/6575 
f 2557/2557/6576 2563/2563/6577 2566/2566/6578 2558/2558/6579 
f 2521/2521/6580 2524/2524/6581 2548/2548/6582 2551/2551/6583 
f 2530/2530/6584 2529/2529/6585 2537/2537/6586 2540/2540/6587 
f 2553/2553/6588 2539/2539/6589 2558/2558/6590 2566/2566/6591 
f 2567/2567/6592 2544/2544/6593 2527/2527/6594 2568/2568/6595 
f 2559/2559/6596 2569/2569/6597 2570/2570/6598 2565/2565/6599 
f 2526/2526/6600 2552/2552/6601 2568/2568/6602 2527/2527/6603 
f 2544/2544/6604 2567/2567/6605 2571/2571/6606 2562/2562/6607 
f 2572/2572/6608 2573/2573/6609 2574/2574/6610 2575/2575/6611 
f 2549/2549/6612 2530/2530/6613 2540/2540/6614 2554/2554/6615 
f 2569/2569/6616 2559/2559/6617 2562/2562/6618 2571/2571/6619 
f 2572/2572/6620 2564/2564/6621 2565/2565/6622 2573/2573/6623 
f 2573/2573/6624 2576/2576/6625 2577/2577/6626 2574/2574/6627 
f 2576/2576/6628 2573/2573/6629 2565/2565/6630 2570/2570/6631 
f 2578/2578/6632 2579/2579/6633 2531/2531/6634 2550/2550/6635 
f 2580/2580/6636 2575/2575/6637 2574/2574/6638 2577/2577/6639 
f 2/2/6640 27/27/6641 28/28/6642 16/16/6643 
f 2581/2581/6644 2582/2582/6645 2583/2583/6646 2584/2584/6647 
f 2585/2585/6648 2586/2586/6649 2587/2587/6650 2588/2588/6651 
f 2589/2589/6652 2590/2590/6653 2591/2591/6654 2592/2592/6655 
f 2593/2593/6656 2594/2594/6657 2595/2595/6658 2583/2583/6659 
f 2595/2595/6660 2596/2596/6661 2584/2584/6662 2583/2583/6663 
f 2597/2597/6664 2598/2598/6665 2599/2599/6666 2600/2600/6667 
f 2593/2593/6668 2601/2601/6669 2602/2602/6670 2603/2603/6671 
f 2604/2604/6672 2605/2605/6673 2588/2588/6674 2587/2587/6675 
f 2606/2606/6676 2594/2594/6677 2593/2593/6678 2603/2603/6679 
f 2601/2601/6680 2593/2593/6681 2583/2583/6682 2582/2582/6683 
f 2584/2584/6684 2596/2596/6685 2607/2607/6686 2608/2608/6687 
f 2590/2590/6688 2609/2609/6689 2610/2610/6690 2591/2591/6691 
f 2585/2585/6692 2611/2611/6693 2608/2608/6694 2586/2586/6695 
f 2612/2612/6696 2586/2586/6697 2608/2608/6698 2607/2607/6699 
f 2599/2599/6700 2613/2613/6701 2614/2614/6702 2600/2600/6703 
f 2615/2615/6704 2616/2616/6705 2617/2617/6706 2618/2618/6707 
f 2619/2619/6708 2620/2620/6709 2621/2621/6710 2622/2622/6711 
f 2616/2616/6712 2606/2606/6713 2603/2603/6714 2617/2617/6715 
f 2623/2623/6716 2617/2617/6717 2603/2603/6718 2602/2602/6719 
f 2598/2598/6720 2615/2615/6721 2618/2618/6722 2599/2599/6723 
f 2605/2605/6724 2604/2604/6725 2622/2622/6726 2621/2621/6727 
f 2624/2624/6728 2620/2620/6729 2619/2619/6730 2625/2625/6731 
f 2617/2617/6732 2623/2623/6733 2626/2626/6734 2618/2618/6735 
f 2581/2581/6736 2584/2584/6737 2608/2608/6738 2611/2611/6739 
f 2590/2590/6740 2589/2589/6741 2597/2597/6742 2600/2600/6743 
f 2613/2613/6744 2599/2599/6745 2618/2618/6746 2626/2626/6747 
f 2627/2627/6748 2604/2604/6749 2587/2587/6750 2628/2628/6751 
f 2619/2619/6752 2629/2629/6753 2630/2630/6754 2625/2625/6755 
f 2586/2586/6756 2612/2612/6757 2628/2628/6758 2587/2587/6759 
f 2604/2604/6760 2627/2627/6761 2631/2631/6762 2622/2622/6763 
f 2632/2632/6764 2633/2633/6765 2634/2634/6766 2635/2635/6767 
f 2609/2609/6768 2590/2590/6769 2600/2600/6770 2614/2614/6771 
f 2629/2629/6772 2619/2619/6773 2622/2622/6774 2631/2631/6775 
f 2632/2632/6776 2624/2624/6777 2625/2625/6778 2633/2633/6779 
f 2633/2633/6780 2636/2636/6781 2637/2637/6782 2634/2634/6783 
f 2636/2636/6784 2633/2633/6785 2625/2625/6786 2630/2630/6787 
f 2638/2638/6788 2639/2639/6789 2591/2591/6790 2610/2610/6791 
f 2640/2640/6792 2635/2635/6793 2634/2634/6794 2637/2637/6795 
f 12/12/6796 11/11/6797 29/29/6798 30/30/6799 
f 2641/2641/6800 2642/2642/6801 2643/2643/6802 2644/2644/6803 
f 2645/2645/6804 2646/2646/6805 2647/2647/6806 2648/2648/6807 
f 2649/2649/6808 2650/2650/6809 2651/2651/6810 2652/2652/6811 
f 2653/2653/6812 2643/2643/6813 2654/2654/6814 2655/2655/6815 
f 2654/2654/6816 2643/2643/6817 2642/2642/6818 2656/2656/6819 
f 2657/2657/6820 2658/2658/6821 2659/2659/6822 2660/2660/6823 
f 2653/2653/6824 2661/2661/6825 2662/2662/6826 2663/2663/6827 
f 2664/2664/6828 2647/2647/6829 2646/2646/6830 2665/2665/6831 
f 2666/2666/6832 2661/2661/6833 2653/2653/6834 2655/2655/6835 
f 2663/2663/6836 2644/2644/6837 2643/2643/6838 2653/2653/6839 
f 2642/2642/6840 2667/2667/6841 2668/2668/6842 2656/2656/6843 
f 2652/2652/6844 2651/2651/6845 2669/2669/6846 2670/2670/6847 
f 2645/2645/6848 2648/2648/6849 2667/2667/6850 2671/2671/6851 
f 2672/2672/6852 2668/2668/6853 2667/2667/6854 2648/2648/6855 
f 2659/2659/6856 2658/2658/6857 2673/2673/6858 2674/2674/6859 
f 2675/2675/6860 2676/2676/6861 2677/2677/6862 2678/2678/6863 
f 2679/2679/6864 2680/2680/6865 2681/2681/6866 2682/2682/6867 
f 2678/2678/6868 2677/2677/6869 2661/2661/6870 2666/2666/6871 
f 2683/2683/6872 2662/2662/6873 2661/2661/6874 2677/2677/6875 
f 2660/2660/6876 2659/2659/6877 2676/2676/6878 2675/2675/6879 
f 2665/2665/6880 2681/2681/6881 2680/2680/6882 2664/2664/6883 
f 2684/2684/6884 2685/2685/6885 2679/2679/6886 2682/2682/6887 
f 2677/2677/6888 2676/2676/6889 2686/2686/6890 2683/2683/6891 
f 2641/2641/6892 2671/2671/6893 2667/2667/6894 2642/2642/6895 
f 2652/2652/6896 2658/2658/6897 2657/2657/6898 2649/2649/6899 
f 2674/2674/6900 2686/2686/6901 2676/2676/6902 2659/2659/6903 
f 2687/2687/6904 2688/2688/6905 2647/2647/6906 2664/2664/6907 
f 2679/2679/6908 2685/2685/6909 2689/2689/6910 2690/2690/6911 
f 2648/2648/6912 2647/2647/6913 2688/2688/6914 2672/2672/6915 
f 2664/2664/6916 2680/2680/6917 2691/2691/6918 2687/2687/6919 
f 2692/2692/6920 2693/2693/6921 2694/2694/6922 2695/2695/6923 
f 2670/2670/6924 2673/2673/6925 2658/2658/6926 2652/2652/6927 
f 2690/2690/6928 2691/2691/6929 2680/2680/6930 2679/2679/6931 
f 2692/2692/6932 2695/2695/6933 2685/2685/6934 2684/2684/6935 
f 2695/2695/6936 2694/2694/6937 2696/2696/6938 2697/2697/6939 
f 2697/2697/6940 2689/2689/6941 2685/2685/6942 2695/2695/6943 
f 2698/2698/6944 2669/2669/6945 2651/2651/6946 2699/2699/6947 
f 2700/2700/6948 2696/2696/6949 2694/2694/6950 2693/2693/6951 
f 5/5/6952 8/8/6953 27/27/6954 31/31/6955 
f 2701/2701/6956 2702/2702/6957 2703/2703/6958 2704/2704/6959 
f 2705/2705/6960 2706/2706/6961 2707/2707/6962 2708/2708/6963 
f 2709/2709/6964 2710/2710/6965 2711/2711/6966 2712/2712/6967 
f 2713/2713/6968 2703/2703/6969 2714/2714/6970 2715/2715/6971 
f 2714/2714/6972 2703/2703/6973 2702/2702/6974 2716/2716/6975 
f 2717/2717/6976 2718/2718/6977 2719/2719/6978 2720/2720/6979 
f 2713/2713/6980 2721/2721/6981 2722/2722/6982 2723/2723/6983 
f 2724/2724/6984 2707/2707/6985 2706/2706/6986 2725/2725/6987 
f 2726/2726/6988 2721/2721/6989 2713/2713/6990 2715/2715/6991 
f 2723/2723/6992 2704/2704/6993 2703/2703/6994 2713/2713/6995 
f 2702/2702/6996 2727/2727/6997 2728/2728/6998 2716/2716/6999 
f 2712/2712/7000 2711/2711/7001 2729/2729/7002 2730/2730/7003 
f 2705/2705/7004 2708/2708/7005 2727/2727/7006 2731/2731/7007 
f 2732/2732/7008 2728/2728/7009 2727/2727/7010 2708/2708/7011 
f 2719/2719/7012 2718/2718/7013 2733/2733/7014 2734/2734/7015 
f 2735/2735/7016 2736/2736/7017 2737/2737/7018 2738/2738/7019 
f 2739/2739/7020 2740/2740/7021 2741/2741/7022 2742/2742/7023 
f 2738/2738/7024 2737/2737/7025 2721/2721/7026 2726/2726/7027 
f 2743/2743/7028 2722/2722/7029 2721/2721/7030 2737/2737/7031 
f 2720/2720/7032 2719/2719/7033 2736/2736/7034 2735/2735/7035 
f 2725/2725/7036 2741/2741/7037 2740/2740/7038 2724/2724/7039 
f 2744/2744/7040 2745/2745/7041 2739/2739/7042 2742/2742/7043 
f 2737/2737/7044 2736/2736/7045 2746/2746/7046 2743/2743/7047 
f 2701/2701/7048 2731/2731/7049 2727/2727/7050 2702/2702/7051 
f 2712/2712/7052 2718/2718/7053 2717/2717/7054 2709/2709/7055 
f 2734/2734/7056 2746/2746/7057 2736/2736/7058 2719/2719/7059 
f 2747/2747/7060 2748/2748/7061 2707/2707/7062 2724/2724/7063 
f 2739/2739/7064 2745/2745/7065 2749/2749/7066 2750/2750/7067 
f 2708/2708/7068 2707/2707/7069 2748/2748/7070 2732/2732/7071 
f 2724/2724/7072 2740/2740/7073 2751/2751/7074 2747/2747/7075 
f 2752/2752/7076 2753/2753/7077 2754/2754/7078 2755/2755/7079 
f 2730/2730/7080 2733/2733/7081 2718/2718/7082 2712/2712/7083 
f 2750/2750/7084 2751/2751/7085 2740/2740/7086 2739/2739/7087 
f 2752/2752/7088 2755/2755/7089 2745/2745/7090 2744/2744/7091 
f 2755/2755/7092 2754/2754/7093 2756/2756/7094 2757/2757/7095 
f 2757/2757/7096 2749/2749/7097 2745/2745/7098 2755/2755/7099 
f 2758/2758/7100 2729/2729/7101 2711/2711/7102 2759/2759/7103 
f 2760/2760/7104 2756/2756/7105 2754/2754/7106 2753/2753/7107 
f 32/32/7108 28/28/7109 27/27/7110 8/8/7111 
f 2761/2761/7112 2762/2762/7113 2763/2763/7114 2764/2764/7115 
f 2765/2765/7116 2766/2766/7117 2767/2767/7118 2768/2768/7119 
f 2769/2769/7120 2770/2770/7121 2771/2771/7122 2772/2772/7123 
f 2773/2773/7124 2763/2763/7125 2774/2774/7126 2775/2775/7127 
f 2774/2774/7128 2763/2763/7129 2762/2762/7130 2776/2776/7131 
f 2777/2777/7132 2778/2778/7133 2779/2779/7134 2780/2780/7135 
f 2773/2773/7136 2781/2781/7137 2782/2782/7138 2783/2783/7139 
f 2784/2784/7140 2767/2767/7141 2766/2766/7142 2785/2785/7143 
f 2786/2786/7144 2781/2781/7145 2773/2773/7146 2775/2775/7147 
f 2783/2783/7148 2764/2764/7149 2763/2763/7150 2773/2773/7151 
f 2762/2762/7152 2787/2787/7153 2788/2788/7154 2776/2776/7155 
f 2772/2772/7156 2771/2771/7157 2789/2789/7158 2790/2790/7159 
f 2765/2765/7160 2768/2768/7161 2787/2787/7162 2791/2791/7163 
f 2792/2792/7164 2788/2788/7165 2787/2787/7166 2768/2768/7167 
f 2779/2779/7168 2778/2778/7169 2793/2793/7170 2794/2794/7171 
f 2795/2795/7172 2796/2796/7173 2797/2797/7174 2798/2798/7175 
f 2799/2799/7176 2800/2800/7177 2801/2801/7178 2802/2802/7179 
f 2798/2798/7180 2797/2797/7181 2781/2781/7182 2786/2786/7183 
f 2803/2803/7184 2782/2782/7185 2781/2781/7186 2797/2797/7187 
f 2780/2780/7188 2779/2779/7189 2796/2796/7190 2795/2795/7191 
f 2785/2785/7192 2801/2801/7193 2800/2800/7194 2784/2784/7195 
f 2804/2804/7196 2805/2805/7197 2799/2799/7198 2802/2802/7199 
f 2797/2797/7200 2796/2796/7201 2806/2806/7202 2803/2803/7203 
f 2761/2761/7204 2791/2791/7205 2787/2787/7206 2762/2762/7207 
f 2772/2772/7208 2778/2778/7209 2777/2777/7210 2769/2769/7211 
f 2794/2794/7212 2806/2806/7213 2796/2796/7214 2779/2779/7215 
f 2807/2807/7216 2808/2808/7217 2767/2767/7218 2784/2784/7219 
f 2799/2799/7220 2805/2805/7221 2809/2809/7222 2810/2810/7223 
f 2768/2768/7224 2767/2767/7225 2808/2808/7226 2792/2792/7227 
f 2784/2784/7228 2800/2800/7229 2811/2811/7230 2807/2807/7231 
f 2812/2812/7232 2813/2813/7233 2814/2814/7234 2815/2815/7235 
f 2790/2790/7236 2793/2793/7237 2778/2778/7238 2772/2772/7239 
f 2810/2810/7240 2811/2811/7241 2800/2800/7242 2799/2799/7243 
f 2812/2812/7244 2815/2815/7245 2805/2805/7246 2804/2804/7247 
f 2815/2815/7248 2814/2814/7249 2816/2816/7250 2817/2817/7251 
f 2817/2817/7252 2809/2809/7253 2805/2805/7254 2815/2815/7255 
f 2818/2818/7256 2789/2789/7257 2771/2771/7258 2819/2819/7259 
f 2820/2820/7260 2816/2816/7261 2814/2814/7262 2813/2813/7263 
f 19/19/7264 18/18/7265 33/33/7266 34/34/7267 
f 2821/2821/7268 2822/2822/7269 2823/2823/7270 2824/2824/7271 
f 2825/2825/7272 2826/2826/7273 2827/2827/7274 2828/2828/7275 
f 2829/2829/7276 2830/2830/7277 2831/2831/7278 2832/2832/7279 
f 2833/2833/7280 2834/2834/7281 2835/2835/7282 2823/2823/7283 
f 2835/2835/7284 2836/2836/7285 2824/2824/7286 2823/2823/7287 
f 2837/2837/7288 2838/2838/7289 2839/2839/7290 2840/2840/7291 
f 2833/2833/7292 2841/2841/7293 2842/2842/7294 2843/2843/7295 
f 2844/2844/7296 2845/2845/7297 2828/2828/7298 2827/2827/7299 
f 2846/2846/7300 2834/2834/7301 2833/2833/7302 2843/2843/7303 
f 2841/2841/7304 2833/2833/7305 2823/2823/7306 2822/2822/7307 
f 2824/2824/7308 2836/2836/7309 2847/2847/7310 2848/2848/7311 
f 2830/2830/7312 2849/2849/7313 2850/2850/7314 2831/2831/7315 
f 2825/2825/7316 2851/2851/7317 2848/2848/7318 2826/2826/7319 
f 2852/2852/7320 2826/2826/7321 2848/2848/7322 2847/2847/7323 
f 2839/2839/7324 2853/2853/7325 2854/2854/7326 2840/2840/7327 
f 2855/2855/7328 2856/2856/7329 2857/2857/7330 2858/2858/7331 
f 2859/2859/7332 2860/2860/7333 2861/2861/7334 2862/2862/7335 
f 2856/2856/7336 2846/2846/7337 2843/2843/7338 2857/2857/7339 
f 2863/2863/7340 2857/2857/7341 2843/2843/7342 2842/2842/7343 
f 2838/2838/7344 2855/2855/7345 2858/2858/7346 2839/2839/7347 
f 2845/2845/7348 2844/2844/7349 2862/2862/7350 2861/2861/7351 
f 2864/2864/7352 2860/2860/7353 2859/2859/7354 2865/2865/7355 
f 2857/2857/7356 2863/2863/7357 2866/2866/7358 2858/2858/7359 
f 2821/2821/7360 2824/2824/7361 2848/2848/7362 2851/2851/7363 
f 2830/2830/7364 2829/2829/7365 2837/2837/7366 2840/2840/7367 
f 2853/2853/7368 2839/2839/7369 2858/2858/7370 2866/2866/7371 
f 2867/2867/7372 2844/2844/7373 2827/2827/7374 2868/2868/7375 
f 2859/2859/7376 2869/2869/7377 2870/2870/7378 2865/2865/7379 
f 2826/2826/7380 2852/2852/7381 2868/2868/7382 2827/2827/7383 
f 2844/2844/7384 2867/2867/7385 2871/2871/7386 2862/2862/7387 
f 2872/2872/7388 2873/2873/7389 2874/2874/7390 2875/2875/7391 
f 2849/2849/7392 2830/2830/7393 2840/2840/7394 2854/2854/7395 
f 2869/2869/7396 2859/2859/7397 2862/2862/7398 2871/2871/7399 
f 2872/2872/7400 2864/2864/7401 2865/2865/7402 2873/2873/7403 
f 2873/2873/7404 2876/2876/7405 2877/2877/7406 2874/2874/7407 
f 2876/2876/7408 2873/2873/7409 2865/2865/7410 2870/2870/7411 
f 2878/2878/7412 2879/2879/7413 2831/2831/7414 2850/2850/7415 
f 2880/2880/7416 2875/2875/7417 2874/2874/7418 2877/2877/7419 
f 35/35/7420 36/36/7421 37/37/7422 38/38/7423 
f 2881/2881/7424 2882/2882/7425 2883/2883/7426 2884/2884/7427 
f 2885/2885/7428 2886/2886/7429 2887/2887/7430 2888/2888/7431 
f 2889/2889/7432 2890/2890/7433 2891/2891/7434 2892/2892/7435 
f 2893/2893/7436 2883/2883/7437 2894/2894/7438 2895/2895/7439 
f 2894/2894/7440 2883/2883/7441 2882/2882/7442 2896/2896/7443 
f 2897/2897/7444 2898/2898/7445 2899/2899/7446 2900/2900/7447 
f 2893/2893/7448 2901/2901/7449 2902/2902/7450 2903/2903/7451 
f 2904/2904/7452 2887/2887/7453 2886/2886/7454 2905/2905/7455 
f 2906/2906/7456 2901/2901/7457 2893/2893/7458 2895/2895/7459 
f 2903/2903/7460 2884/2884/7461 2883/2883/7462 2893/2893/7463 
f 2882/2882/7464 2907/2907/7465 2908/2908/7466 2896/2896/7467 
f 2892/2892/7468 2891/2891/7469 2909/2909/7470 2910/2910/7471 
f 2885/2885/7472 2888/2888/7473 2907/2907/7474 2911/2911/7475 
f 2912/2912/7476 2908/2908/7477 2907/2907/7478 2888/2888/7479 
f 2899/2899/7480 2898/2898/7481 2913/2913/7482 2914/2914/7483 
f 2915/2915/7484 2916/2916/7485 2917/2917/7486 2918/2918/7487 
f 2919/2919/7488 2920/2920/7489 2921/2921/7490 2922/2922/7491 
f 2918/2918/7492 2917/2917/7493 2901/2901/7494 2906/2906/7495 
f 2923/2923/7496 2902/2902/7497 2901/2901/7498 2917/2917/7499 
f 2900/2900/7500 2899/2899/7501 2916/2916/7502 2915/2915/7503 
f 2905/2905/7504 2921/2921/7505 2920/2920/7506 2904/2904/7507 
f 2924/2924/7508 2925/2925/7509 2919/2919/7510 2922/2922/7511 
f 2917/2917/7512 2916/2916/7513 2926/2926/7514 2923/2923/7515 
f 2881/2881/7516 2911/2911/7517 2907/2907/7518 2882/2882/7519 
f 2892/2892/7520 2898/2898/7521 2897/2897/7522 2889/2889/7523 
f 2914/2914/7524 2926/2926/7525 2916/2916/7526 2899/2899/7527 
f 2927/2927/7528 2928/2928/7529 2887/2887/7530 2904/2904/7531 
f 2919/2919/7532 2925/2925/7533 2929/2929/7534 2930/2930/7535 
f 2888/2888/7536 2887/2887/7537 2928/2928/7538 2912/2912/7539 
f 2904/2904/7540 2920/2920/7541 2931/2931/7542 2927/2927/7543 
f 39/39/7544 40/40/7545 41/41/7546 42/42/7547 
f 2910/2910/7548 2913/2913/7549 2898/2898/7550 2892/2892/7551 
f 2930/2930/7552 2931/2931/7553 2920/2920/7554 2919/2919/7555 
f 2932/2932/7556 2935/2935/7557 2925/2925/7558 2924/2924/7559 
f 2935/2935/7560 2934/2934/7561 2936/2936/7562 2937/2937/7563 
f 2937/2937/7564 2929/2929/7565 2925/2925/7566 2935/2935/7567 
f 2938/2938/7568 2909/2909/7569 2891/2891/7570 2939/2939/7571 
f 2940/2940/7572 2936/2936/7573 2934/2934/7574 2933/2933/7575 
f 38/38/7576 37/37/7577 21/21/7578 26/26/7579 
f 2941/2941/7580 2942/2942/7581 2943/2943/7582 2944/2944/7583 
f 2945/2945/7584 2946/2946/7585 2947/2947/7586 2948/2948/7587 
f 2949/2949/7588 2950/2950/7589 2951/2951/7590 2952/2952/7591 
f 2953/2953/7592 2943/2943/7593 2954/2954/7594 2955/2955/7595 
f 2954/2954/7596 2943/2943/7597 2942/2942/7598 2956/2956/7599 
f 2957/2957/7600 2958/2958/7601 2959/2959/7602 2960/2960/7603 
f 2953/2953/7604 2961/2961/7605 2962/2962/7606 2963/2963/7607 
f 2964/2964/7608 2947/2947/7609 2946/2946/7610 2965/2965/7611 
f 2966/2966/7612 2961/2961/7613 2953/2953/7614 2955/2955/7615 
f 2963/2963/7616 2944/2944/7617 2943/2943/7618 2953/2953/7619 
f 2942/2942/7620 2967/2967/7621 2968/2968/7622 2956/2956/7623 
f 2952/2952/7624 2951/2951/7625 2969/2969/7626 2970/2970/7627 
f 2945/2945/7628 2948/2948/7629 2967/2967/7630 2971/2971/7631 
f 2972/2972/7632 2968/2968/7633 2967/2967/7634 2948/2948/7635 
f 2959/2959/7636 2958/2958/7637 2973/2973/7638 2974/2974/7639 
f 2975/2975/7640 2976/2976/7641 2977/2977/7642 2978/2978/7643 
f 2979/2979/7644 2980/2980/7645 2981/2981/7646 2982/2982/7647 
f 2978/2978/7648 2977/2977/7649 2961/2961/7650 2966/2966/7651 
f 2983/2983/7652 2962/2962/7653 2961/2961/7654 2977/2977/7655 
f 2960/2960/7656 2959/2959/7657 2976/2976/7658 2975/2975/7659 
f 2965/2965/7660 2981/2981/7661 2980/2980/7662 2964/2964/7663 
f 2984/2984/7664 2985/2985/7665 2979/2979/7666 2982/2982/7667 
f 2977/2977/7668 2976/2976/7669 2986/2986/7670 2983/2983/7671 
f 2941/2941/7672 2971/2971/7673 2967/2967/7674 2942/2942/7675 
f 2952/2952/7676 2958/2958/7677 2957/2957/7678 2949/2949/7679 
f 2974/2974/7680 2986/2986/7681 2976/2976/7682 2959/2959/7683 
f 2987/2987/7684 2988/2988/7685 2947/2947/7686 2964/2964/7687 
f 2979/2979/7688 2985/2985/7689 2989/2989/7690 2990/2990/7691 
f 2948/2948/7692 2947/2947/7693 2988/2988/7694 2972/2972/7695 
f 2964/2964/7696 2980/2980/7697 2991/2991/7698 2987/2987/7699 
f 2992/2992/7700 2993/2993/7701 2994/2994/7702 2995/2995/7703 
f 2970/2970/7704 2973/2973/7705 2958/2958/7706 2952/2952/7707 
f 2990/2990/7708 2991/2991/7709 2980/2980/7710 2979/2979/7711 
f 2992/2992/7712 2995/2995/7713 2985/2985/7714 2984/2984/7715 
f 2995/2995/7716 2994/2994/7717 2996/2996/7718 2997/2997/7719 
f 2997/2997/7720 2989/2989/7721 2985/2985/7722 2995/2995/7723 
f 2998/2998/7724 2969/2969/7725 2951/2951/7726 2999/2999/7727 
f 3000/3000/7728 2996/2996/7729 2994/2994/7730 2993/2993/7731 
f 43/43/7732 22/22/7733 21/21/7734 37/37/7735 
f 3001/3001/7736 3002/3002/7737 3003/3003/7738 3004/3004/7739 
f 3005/3005/7740 3006/3006/7741 3007/3007/7742 3008/3008/7743 
f 3009/3009/7744 3010/3010/7745 3011/3011/7746 3012/3012/7747 
f 3013/3013/7748 3014/3014/7749 3015/3015/7750 3003/3003/7751 
f 3015/3015/7752 3016/3016/7753 3004/3004/7754 3003/3003/7755 
f 3017/3017/7756 3018/3018/7757 3019/3019/7758 3020/3020/7759 
f 3013/3013/7760 3021/3021/7761 3022/3022/7762 3023/3023/7763 
f 3024/3024/7764 3025/3025/7765 3008/3008/7766 3007/3007/7767 
f 3026/3026/7768 3014/3014/7769 3013/3013/7770 3023/3023/7771 
f 3021/3021/7772 3013/3013/7773 3003/3003/7774 3002/3002/7775 
f 3004/3004/7776 3016/3016/7777 3027/3027/7778 3028/3028/7779 
f 3010/3010/7780 3029/3029/7781 3030/3030/7782 3011/3011/7783 
f 3005/3005/7784 3031/3031/7785 3028/3028/7786 3006/3006/7787 
f 3032/3032/7788 3006/3006/7789 3028/3028/7790 3027/3027/7791 
f 3019/3019/7792 3033/3033/7793 3034/3034/7794 3020/3020/7795 
f 3035/3035/7796 3036/3036/7797 3037/3037/7798 3038/3038/7799 
f 3039/3039/7800 3040/3040/7801 3041/3041/7802 3042/3042/7803 
f 3036/3036/7804 3026/3026/7805 3023/3023/7806 3037/3037/7807 
f 3043/3043/7808 3037/3037/7809 3023/3023/7810 3022/3022/7811 
f 3018/3018/7812 3035/3035/7813 3038/3038/7814 3019/3019/7815 
f 3025/3025/7816 3024/3024/7817 3042/3042/7818 3041/3041/7819 
f 3044/3044/7820 3040/3040/7821 3039/3039/7822 3045/3045/7823 
f 3037/3037/7824 3043/3043/7825 3046/3046/7826 3038/3038/7827 
f 3001/3001/7828 3004/3004/7829 3028/3028/7830 3031/3031/7831 
f 3010/3010/7832 3009/3009/7833 3017/3017/7834 3020/3020/7835 
f 3033/3033/7836 3019/3019/7837 3038/3038/7838 3046/3046/7839 
f 3047/3047/7840 3024/3024/7841 3007/3007/7842 3048/3048/7843 
f 3039/3039/7844 3049/3049/7845 3050/3050/7846 3045/3045/7847 
f 3006/3006/7848 3032/3032/7849 3048/3048/7850 3007/3007/7851 
f 3024/3024/7852 3047/3047/7853 3051/3051/7854 3042/3042/7855 
f 3052/3052/7856 3053/3053/7857 3054/3054/7858 3055/3055/7859 
f 3029/3029/7860 3010/3010/7861 3020/3020/7862 3034/3034/7863 
f 3049/3049/7864 3039/3039/7865 3042/3042/7866 3051/3051/7867 
f 3052/3052/7868 3044/3044/7869 3045/3045/7870 3053/3053/7871 
f 3053/3053/7872 3056/3056/7873 3057/3057/7874 3054/3054/7875 
f 3056/3056/7876 3053/3053/7877 3045/3045/7878 3050/3050/7879 
f 3058/3058/7880 3059/3059/7881 3011/3011/7882 3030/3030/7883 
f 3060/3060/7884 3055/3055/7885 3054/3054/7886 3057/3057/7887 
f 20/20/7888 19/19/7889 36/36/7890 35/35/7891 
f 3061/3061/7892 3062/3062/7893 3063/3063/7894 3064/3064/7895 
f 3065/3065/7896 3066/3066/7897 3067/3067/7898 3068/3068/7899 
f 3069/3069/7900 3070/3070/7901 3071/3071/7902 3072/3072/7903 
f 3073/3073/7904 3074/3074/7905 3075/3075/7906 3063/3063/7907 
f 3075/3075/7908 3076/3076/7909 3064/3064/7910 3063/3063/7911 
f 3077/3077/7912 3078/3078/7913 3079/3079/7914 3080/3080/7915 
f 3073/3073/7916 3081/3081/7917 3082/3082/7918 3083/3083/7919 
f 3084/3084/7920 3085/3085/7921 3068/3068/7922 3067/3067/7923 
f 3086/3086/7924 3074/3074/7925 3073/3073/7926 3083/3083/7927 
f 3081/3081/7928 3073/3073/7929 3063/3063/7930 3062/3062/7931 
f 3064/3064/7932 3076/3076/7933 3087/3087/7934 3088/3088/7935 
f 3070/3070/7936 3089/3089/7937 3090/3090/7938 3071/3071/7939 
f 3065/3065/7940 3091/3091/7941 3088/3088/7942 3066/3066/7943 
f 3092/3092/7944 3066/3066/7945 3088/3088/7946 3087/3087/7947 
f 3079/3079/7948 3093/3093/7949 3094/3094/7950 3080/3080/7951 
f 3095/3095/7952 3096/3096/7953 3097/3097/7954 3098/3098/7955 
f 3099/3099/7956 3100/3100/7957 3101/3101/7958 3102/3102/7959 
f 3096/3096/7960 3086/3086/7961 3083/3083/7962 3097/3097/7963 
f 3103/3103/7964 3097/3097/7965 3083/3083/7966 3082/3082/7967 
f 3078/3078/7968 3095/3095/7969 3098/3098/7970 3079/3079/7971 
f 3085/3085/7972 3084/3084/7973 3102/3102/7974 3101/3101/7975 
f 3104/3104/7976 3100/3100/7977 3099/3099/7978 3105/3105/7979 
f 3097/3097/7980 3103/3103/7981 3106/3106/7982 3098/3098/7983 
f 3061/3061/7984 3064/3064/7985 3088/3088/7986 3091/3091/7987 
f 3070/3070/7988 3069/3069/7989 3077/3077/7990 3080/3080/7991 
f 3093/3093/7992 3079/3079/7993 3098/3098/7994 3106/3106/7995 
f 3107/3107/7996 3084/3084/7997 3067/3067/7998 3108/3108/7999 
f 3099/3099/8000 3109/3109/8001 3110/3110/8002 3105/3105/8003 
f 3066/3066/8004 3092/3092/8005 3108/3108/8006 3067/3067/8007 
f 3084/3084/8008 3107/3107/8009 3111/3111/8010 3102/3102/8011 
f 3112/3112/8012 3113/3113/8013 3114/3114/8014 3115/3115/8015 
f 3089/3089/8016 3070/3070/8017 3080/3080/8018 3094/3094/8019 
f 3109/3109/8020 3099/3099/8021 3102/3102/8022 3111/3111/8023 
f 3112/3112/8024 3104/3104/8025 3105/3105/8026 3113/3113/8027 
f 3113/3113/8028 3116/3116/8029 3117/3117/8030 3114/3114/8031 
f 3116/3116/8032 3113/3113/8033 3105/3105/8034 3110/3110/8035 
f 3118/3118/8036 3119/3119/8037 3071/3071/8038 3090/3090/8039 
f 3120/3120/8040 3115/3115/8041 3114/3114/8042 3117/3117/8043 
f 25/25/8044 41/41/8045 40/40/8046 24/24/8047 
f 3121/3121/8048 3122/3122/8049 3123/3123/8050 3124/3124/8051 
f 3125/3125/8052 3126/3126/8053 3127/3127/8054 3128/3128/8055 
f 3129/3129/8056 3130/3130/8057 3131/3131/8058 3132/3132/8059 
f 3133/3133/8060 3123/3123/8061 3134/3134/8062 3135/3135/8063 
f 3134/3134/8064 3123/3123/8065 3122/3122/8066 3136/3136/8067 
f 3137/3137/8068 3138/3138/8069 3139/3139/8070 3140/3140/8071 
f 3133/3133/8072 3141/3141/8073 3142/3142/8074 3143/3143/8075 
f 3144/3144/8076 3127/3127/8077 3126/3126/8078 3145/3145/8079 
f 3146/3146/8080 3141/3141/8081 3133/3133/8082 3135/3135/8083 
f 3143/3143/8084 3124/3124/8085 3123/3123/8086 3133/3133/8087 
f 3122/3122/8088 3147/3147/8089 3148/3148/8090 3136/3136/8091 
f 3132/3132/8092 3131/3131/8093 3149/3149/8094 3150/3150/8095 
f 3125/3125/8096 3128/3128/8097 3147/3147/8098 3151/3151/8099 
f 3152/3152/8100 3148/3148/8101 3147/3147/8102 3128/3128/8103 
f 3139/3139/8104 3138/3138/8105 3153/3153/8106 3154/3154/8107 
f 3155/3155/8108 3156/3156/8109 3157/3157/8110 3158/3158/8111 
f 3159/3159/8112 3160/3160/8113 3161/3161/8114 3162/3162/8115 
f 3158/3158/8116 3157/3157/8117 3141/3141/8118 3146/3146/8119 
f 3163/3163/8120 3142/3142/8121 3141/3141/8122 3157/3157/8123 
f 3140/3140/8124 3139/3139/8125 3156/3156/8126 3155/3155/8127 
f 3145/3145/8128 3161/3161/8129 3160/3160/8130 3144/3144/8131 
f 3164/3164/8132 3165/3165/8133 3159/3159/8134 3162/3162/8135 
f 3157/3157/8136 3156/3156/8137 3166/3166/8138 3163/3163/8139 
f 3121/3121/8140 3151/3151/8141 3147/3147/8142 3122/3122/8143 
f 3132/3132/8144 3138/3138/8145 3137/3137/8146 3129/3129/8147 
f 3154/3154/8148 3166/3166/8149 3156/3156/8150 3139/3139/8151 
f 3167/3167/8152 3168/3168/8153 3127/3127/8154 3144/3144/8155 
f 3159/3159/8156 3165/3165/8157 3169/3169/8158 3170/3170/8159 
f 3128/3128/8160 3127/3127/8161 3168/3168/8162 3152/3152/8163 
f 3144/3144/8164 3160/3160/8165 3171/3171/8166 3167/3167/8167 
f 3172/3172/8168 3173/3173/8169 3174/3174/8170 3175/3175/8171 
f 3150/3150/8172 3153/3153/8173 3138/3138/8174 3132/3132/8175 
f 3170/3170/8176 3171/3171/8177 3160/3160/8178 3159/3159/8179 
f 3172/3172/8180 3175/3175/8181 3165/3165/8182 3164/3164/8183 
f 3175/3175/8184 3174/3174/8185 3176/3176/8186 3177/3177/8187 
f 3177/3177/8188 3169/3169/8189 3165/3165/8190 3175/3175/8191 
f 3178/3178/8192 3149/3149/8193 3131/3131/8194 3179/3179/8195 
f 3180/3180/8196 3176/3176/8197 3174/3174/8198 3173/3173/8199 
f 44/44/8200 45/45/8201 39/39/8202 42/42/8203 
f 3181/3181/8204 3182/3182/8205 3183/3183/8206 3184/3184/8207 
f 3185/3185/8208 3186/3186/8209 3187/3187/8210 3188/3188/8211 
f 3189/3189/8212 3190/3190/8213 3191/3191/8214 3192/3192/8215 
f 3193/3193/8216 3183/3183/8217 3194/3194/8218 3195/3195/8219 
f 3194/3194/8220 3183/3183/8221 3182/3182/8222 3196/3196/8223 
f 3197/3197/8224 3198/3198/8225 3199/3199/8226 3200/3200/8227 
f 3193/3193/8228 3201/3201/8229 3202/3202/8230 3203/3203/8231 
f 3204/3204/8232 3187/3187/8233 3186/3186/8234 3205/3205/8235 
f 3206/3206/8236 3201/3201/8237 3193/3193/8238 3195/3195/8239 
f 3203/3203/8240 3184/3184/8241 3183/3183/8242 3193/3193/8243 
f 3182/3182/8244 3207/3207/8245 3208/3208/8246 3196/3196/8247 
f 3192/3192/8248 3191/3191/8249 3209/3209/8250 3210/3210/8251 
f 3185/3185/8252 3188/3188/8253 3207/3207/8254 3211/3211/8255 
f 3212/3212/8256 3208/3208/8257 3207/3207/8258 3188/3188/8259 
f 3199/3199/8260 3198/3198/8261 3213/3213/8262 3214/3214/8263 
f 3215/3215/8264 3216/3216/8265 3217/3217/8266 3218/3218/8267 
f 3219/3219/8268 3220/3220/8269 3221/3221/8270 3222/3222/8271 
f 3218/3218/8272 3217/3217/8273 3201/3201/8274 3206/3206/8275 
f 3223/3223/8276 3202/3202/8277 3201/3201/8278 3217/3217/8279 
f 3200/3200/8280 3199/3199/8281 3216/3216/8282 3215/3215/8283 
f 3205/3205/8284 3221/3221/8285 3220/3220/8286 3204/3204/8287 
f 3224/3224/8288 3225/3225/8289 3219/3219/8290 3222/3222/8291 
f 3217/3217/8292 3216/3216/8293 3226/3226/8294 3223/3223/8295 
f 3181/3181/8296 3211/3211/8297 3207/3207/8298 3182/3182/8299 
f 3192/3192/8300 3198/3198/8301 3197/3197/8302 3189/3189/8303 
f 3214/3214/8304 3226/3226/8305 3216/3216/8306 3199/3199/8307 
f 3227/3227/8308 3228/3228/8309 3187/3187/8310 3204/3204/8311 
f 3219/3219/8312 3225/3225/8313 3229/3229/8314 3230/3230/8315 
f 3188/3188/8316 3187/3187/8317 3228/3228/8318 3212/3212/8319 
f 3204/3204/8320 3220/3220/8321 3231/3231/8322 3227/3227/8323 
f 3232/3232/8324 3233/3233/8325 3234/3234/8326 3235/3235/8327 
f 3210/3210/8328 3213/3213/8329 3198/3198/8330 3192/3192/8331 
f 3230/3230/8332 3231/3231/8333 3220/3220/8334 3219/3219/8335 
f 3232/3232/8336 3235/3235/8337 3225/3225/8338 3224/3224/8339 
f 3235/3235/8340 3234/3234/8341 3236/3236/8342 3237/3237/8343 
f 3237/3237/8344 3229/3229/8345 3225/3225/8346 3235/3235/8347 
f 3238/3238/8348 3209/3209/8349 3191/3191/8350 3239/3239/8351 
f 3240/3240/8352 3236/3236/8353 3234/3234/8354 3233/3233/8355 
f 37/37/8356 36/36/8357 46/46/8358 43/43/8359 
f 3241/3241/8360 3242/3242/8361 3243/3243/8362 3244/3244/8363 
f 3245/3245/8364 3246/3246/8365 3247/3247/8366 3248/3248/8367 
f 3249/3249/8368 3250/3250/8369 3251/3251/8370 3252/3252/8371 
f 3253/3253/8372 3243/3243/8373 3254/3254/8374 3255/3255/8375 
f 3254/3254/8376 3243/3243/8377 3242/3242/8378 3256/3256/8379 
f 3257/3257/8380 3258/3258/8381 3259/3259/8382 3260/3260/8383 
f 3253/3253/8384 3261/3261/8385 3262/3262/8386 3263/3263/8387 
f 3264/3264/8388 3247/3247/8389 3246/3246/8390 3265/3265/8391 
f 3266/3266/8392 3261/3261/8393 3253/3253/8394 3255/3255/8395 
f 3263/3263/8396 3244/3244/8397 3243/3243/8398 3253/3253/8399 
f 3242/3242/8400 3267/3267/8401 3268/3268/8402 3256/3256/8403 
f 3252/3252/8404 3251/3251/8405 3269/3269/8406 3270/3270/8407 
f 3245/3245/8408 3248/3248/8409 3267/3267/8410 3271/3271/8411 
f 3272/3272/8412 3268/3268/8413 3267/3267/8414 3248/3248/8415 
f 3259/3259/8416 3258/3258/8417 3273/3273/8418 3274/3274/8419 
f 3275/3275/8420 3276/3276/8421 3277/3277/8422 3278/3278/8423 
f 3279/3279/8424 3280/3280/8425 3281/3281/8426 3282/3282/8427 
f 3278/3278/8428 3277/3277/8429 3261/3261/8430 3266/3266/8431 
f 3283/3283/8432 3262/3262/8433 3261/3261/8434 3277/3277/8435 
f 3260/3260/8436 3259/3259/8437 3276/3276/8438 3275/3275/8439 
f 3265/3265/8440 3281/3281/8441 3280/3280/8442 3264/3264/8443 
f 3284/3284/8444 3285/3285/8445 3279/3279/8446 3282/3282/8447 
f 3277/3277/8448 3276/3276/8449 3286/3286/8450 3283/3283/8451 
f 3241/3241/8452 3271/3271/8453 3267/3267/8454 3242/3242/8455 
f 3252/3252/8456 3258/3258/8457 3257/3257/8458 3249/3249/8459 
f 3274/3274/8460 3286/3286/8461 3276/3276/8462 3259/3259/8463 
f 3287/3287/8464 3288/3288/8465 3247/3247/8466 3264/3264/8467 
f 3279/3279/8468 3285/3285/8469 3289/3289/8470 3290/3290/8471 
f 3248/3248/8472 3247/3247/8473 3288/3288/8474 3272/3272/8475 
f 3264/3264/8476 3280/3280/8477 3291/3291/8478 3287/3287/8479 
f 3292/3292/8480 3293/3293/8481 3294/3294/8482 3295/3295/8483 
f 3270/3270/8484 3273/3273/8485 3258/3258/8486 3252/3252/8487 
f 3290/3290/8488 3291/3291/8489 3280/3280/8490 3279/3279/8491 
f 3292/3292/8492 3295/3295/8493 3285/3285/8494 3284/3284/8495 
f 3295/3295/8496 3294/3294/8497 3296/3296/8498 3297/3297/8499 
f 3297/3297/8500 3289/3289/8501 3285/3285/8502 3295/3295/8503 
f 3298/3298/8504 3269/3269/8505 3251/3251/8506 3299/3299/8507 
f 3300/3300/8508 3296/3296/8509 3294/3294/8510 3293/3293/8511 
f 1/1/8512 31/31/8513 27/27/8514 2/2/8515 
f 3301/3301/8516 3302/3302/8517 3303/3303/8518 3304/3304/8519 
f 3305/3305/8520 3306/3306/8521 3307/3307/8522 3308/3308/8523 
f 3309/3309/8524 3310/3310/8525 3311/3311/8526 3312/3312/8527 
f 3313/3313/8528 3314/3314/8529 3315/3315/8530 3303/3303/8531 
f 3315/3315/8532 3316/3316/8533 3304/3304/8534 3303/3303/8535 
f 3317/3317/8536 3318/3318/8537 3319/3319/8538 3320/3320/8539 
f 3313/3313/8540 3321/3321/8541 3322/3322/8542 3323/3323/8543 
f 3324/3324/8544 3325/3325/8545 3308/3308/8546 3307/3307/8547 
f 3326/3326/8548 3314/3314/8549 3313/3313/8550 3323/3323/8551 
f 3321/3321/8552 3313/3313/8553 3303/3303/8554 3302/3302/8555 
f 3304/3304/8556 3316/3316/8557 3327/3327/8558 3328/3328/8559 
f 3310/3310/8560 3329/3329/8561 3330/3330/8562 3311/3311/8563 
f 3305/3305/8564 3331/3331/8565 3328/3328/8566 3306/3306/8567 
f 3332/3332/8568 3306/3306/8569 3328/3328/8570 3327/3327/8571 
f 3319/3319/8572 3333/3333/8573 3334/3334/8574 3320/3320/8575 
f 3335/3335/8576 3336/3336/8577 3337/3337/8578 3338/3338/8579 
f 3339/3339/8580 3340/3340/8581 3341/3341/8582 3342/3342/8583 
f 3336/3336/8584 3326/3326/8585 3323/3323/8586 3337/3337/8587 
f 3343/3343/8588 3337/3337/8589 3323/3323/8590 3322/3322/8591 
f 3318/3318/8592 3335/3335/8593 3338/3338/8594 3319/3319/8595 
f 3325/3325/8596 3324/3324/8597 3342/3342/8598 3341/3341/8599 
f 3344/3344/8600 3340/3340/8601 3339/3339/8602 3345/3345/8603 
f 3337/3337/8604 3343/3343/8605 3346/3346/8606 3338/3338/8607 
f 3301/3301/8608 3304/3304/8609 3328/3328/8610 3331/3331/8611 
f 3310/3310/8612 3309/3309/8613 3317/3317/8614 3320/3320/8615 
f 3333/3333/8616 3319/3319/8617 3338/3338/8618 3346/3346/8619 
f 3347/3347/8620 3324/3324/8621 3307/3307/8622 3348/3348/8623 
f 3339/3339/8624 3349/3349/8625 3350/3350/8626 3345/3345/8627 
f 3306/3306/8628 3332/3332/8629 3348/3348/8630 3307/3307/8631 
f 3324/3324/8632 3347/3347/8633 3351/3351/8634 3342/3342/8635 
f 3352/3352/8636 3353/3353/8637 3354/3354/8638 3355/3355/8639 
f 3329/3329/8640 3310/3310/8641 3320/3320/8642 3334/3334/8643 
f 3349/3349/8644 3339/3339/8645 3342/3342/8646 3351/3351/8647 
f 3352/3352/8648 3344/3344/8649 3345/3345/8650 3353/3353/8651 
f 3353/3353/8652 3356/3356/8653 3357/3357/8654 3354/3354/8655 
f 3356/3356/8656 3353/3353/8657 3345/3345/8658 3350/3350/8659 
f 3358/3358/8660 3359/3359/8661 3311/3311/8662 3330/3330/8663 
f 3360/3360/8664 3355/3355/8665 3354/3354/8666 3357/3357/8667 
f 12/12/8668 18/18/8669 17/17/8670 9/9/8671 
f 3361/3361/8672 3362/3362/8673 3363/3363/8674 3364/3364/8675 
f 3365/3365/8676 3366/3366/8677 3367/3367/8678 3368/3368/8679 
f 3369/3369/8680 3370/3370/8681 3371/3371/8682 3372/3372/8683 
f 3373/3373/8684 3363/3363/8685 3374/3374/8686 3375/3375/8687 
f 3374/3374/8688 3363/3363/8689 3362/3362/8690 3376/3376/8691 
f 3377/3377/8692 3378/3378/8693 3379/3379/8694 3380/3380/8695 
f 3373/3373/8696 3381/3381/8697 3382/3382/8698 3383/3383/8699 
f 3384/3384/8700 3367/3367/8701 3366/3366/8702 3385/3385/8703 
f 3386/3386/8704 3381/3381/8705 3373/3373/8706 3375/3375/8707 
f 3383/3383/8708 3364/3364/8709 3363/3363/8710 3373/3373/8711 
f 3362/3362/8712 3387/3387/8713 3388/3388/8714 3376/3376/8715 
f 3372/3372/8716 3371/3371/8717 3389/3389/8718 3390/3390/8719 
f 3365/3365/8720 3368/3368/8721 3387/3387/8722 3391/3391/8723 
f 3392/3392/8724 3388/3388/8725 3387/3387/8726 3368/3368/8727 
f 3379/3379/8728 3378/3378/8729 3393/3393/8730 3394/3394/8731 
f 3395/3395/8732 3396/3396/8733 3397/3397/8734 3398/3398/8735 
f 3399/3399/8736 3400/3400/8737 3401/3401/8738 3402/3402/8739 
f 3398/3398/8740 3397/3397/8741 3381/3381/8742 3386/3386/8743 
f 3403/3403/8744 3382/3382/8745 3381/3381/8746 3397/3397/8747 
f 3380/3380/8748 3379/3379/8749 3396/3396/8750 3395/3395/8751 
f 3385/3385/8752 3401/3401/8753 3400/3400/8754 3384/3384/8755 
f 3404/3404/8756 3405/3405/8757 3399/3399/8758 3402/3402/8759 
f 3397/3397/8760 3396/3396/8761 3406/3406/8762 3403/3403/8763 
f 3361/3361/8764 3391/3391/8765 3387/3387/8766 3362/3362/8767 
f 3372/3372/8768 3378/3378/8769 3377/3377/8770 3369/3369/8771 
f 3394/3394/8772 3406/3406/8773 3396/3396/8774 3379/3379/8775 
f 3407/3407/8776 3408/3408/8777 3367/3367/8778 3384/3384/8779 
f 3399/3399/8780 3405/3405/8781 3409/3409/8782 3410/3410/8783 
f 3368/3368/8784 3367/3367/8785 3408/3408/8786 3392/3392/8787 
f 3384/3384/8788 3400/3400/8789 3411/3411/8790 3407/3407/8791 
f 3412/3412/8792 3413/3413/8793 3414/3414/8794 3415/3415/8795 
f 3390/3390/8796 3393/3393/8797 3378/3378/8798 3372/3372/8799 
f 3410/3410/8800 3411/3411/8801 3400/3400/8802 3399/3399/8803 
f 3412/3412/8804 3415/3415/8805 3405/3405/8806 3404/3404/8807 
f 2932/2932/8808 2933/2933/8809 2934/2934/8810 2935/2935/8811 
f 3417/3417/8812 3409/3409/8813 3405/3405/8814 3415/3415/8815 
f 3418/3418/8816 3389/3389/8817 3371/3371/8818 3419/3419/8819 
f 3420/3420/8820 3416/3416/8821 3414/3414/8822 3413/3413/8823 
f 34/34/8824 46/46/8825 36/36/8826 19/19/8827 
f 3421/3421/8828 3422/3422/8829 3423/3423/8830 3424/3424/8831 
f 3425/3425/8832 3426/3426/8833 3427/3427/8834 3428/3428/8835 
f 3429/3429/8836 3430/3430/8837 3431/3431/8838 3432/3432/8839 
f 3433/3433/8840 3434/3434/8841 3435/3435/8842 3423/3423/8843 
f 3435/3435/8844 3436/3436/8845 3424/3424/8846 3423/3423/8847 
f 3437/3437/8848 3438/3438/8849 3439/3439/8850 3440/3440/8851 
f 3433/3433/8852 3441/3441/8853 3442/3442/8854 3443/3443/8855 
f 3444/3444/8856 3445/3445/8857 3428/3428/8858 3427/3427/8859 
f 3446/3446/8860 3434/3434/8861 3433/3433/8862 3443/3443/8863 
f 3441/3441/8864 3433/3433/8865 3423/3423/8866 3422/3422/8867 
f 3424/3424/8868 3436/3436/8869 3447/3447/8870 3448/3448/8871 
f 3430/3430/8872 3449/3449/8873 3450/3450/8874 3431/3431/8875 
f 3425/3425/8876 3451/3451/8877 3448/3448/8878 3426/3426/8879 
f 3452/3452/8880 3426/3426/8881 3448/3448/8882 3447/3447/8883 
f 3439/3439/8884 3453/3453/8885 3454/3454/8886 3440/3440/8887 
f 3455/3455/8888 3456/3456/8889 3457/3457/8890 3458/3458/8891 
f 3459/3459/8892 3460/3460/8893 3461/3461/8894 3462/3462/8895 
f 3456/3456/8896 3446/3446/8897 3443/3443/8898 3457/3457/8899 
f 3463/3463/8900 3457/3457/8901 3443/3443/8902 3442/3442/8903 
f 3438/3438/8904 3455/3455/8905 3458/3458/8906 3439/3439/8907 
f 3445/3445/8908 3444/3444/8909 3462/3462/8910 3461/3461/8911 
f 3464/3464/8912 3460/3460/8913 3459/3459/8914 3465/3465/8915 
f 3457/3457/8916 3463/3463/8917 3466/3466/8918 3458/3458/8919 
f 3421/3421/8920 3424/3424/8921 3448/3448/8922 3451/3451/8923 
f 3430/3430/8924 3429/3429/8925 3437/3437/8926 3440/3440/8927 
f 3453/3453/8928 3439/3439/8929 3458/3458/8930 3466/3466/8931 
f 3467/3467/8932 3444/3444/8933 3427/3427/8934 3468/3468/8935 
f 3459/3459/8936 3469/3469/8937 3470/3470/8938 3465/3465/8939 
f 3426/3426/8940 3452/3452/8941 3468/3468/8942 3427/3427/8943 
f 3444/3444/8944 3467/3467/8945 3471/3471/8946 3462/3462/8947 
f 3472/3472/8948 3473/3473/8949 3474/3474/8950 3475/3475/8951 
f 3449/3449/8952 3430/3430/8953 3440/3440/8954 3454/3454/8955 
f 3469/3469/8956 3459/3459/8957 3462/3462/8958 3471/3471/8959 
f 3472/3472/8960 3464/3464/8961 3465/3465/8962 3473/3473/8963 
f 3473/3473/8964 3476/3476/8965 3477/3477/8966 3474/3474/8967 
f 3476/3476/8968 3473/3473/8969 3465/3465/8970 3470/3470/8971 
f 3478/3478/8972 3479/3479/8973 3431/3431/8974 3450/3450/8975 
f 3480/3480/8976 3475/3475/8977 3474/3474/8978 3477/3477/8979 
f 47/47/8980 48/48/8981 7/7/8982 24/24/8983 
f 3481/3481/8984 3482/3482/8985 3483/3483/8986 3484/3484/8987 
f 3485/3485/8988 3486/3486/8989 3487/3487/8990 3488/3488/8991 
f 3489/3489/8992 3490/3490/8993 3491/3491/8994 3492/3492/8995 
f 3493/3493/8996 3494/3494/8997 3495/3495/8998 3483/3483/8999 
f 3495/3495/9000 3496/3496/9001 3484/3484/9002 3483/3483/9003 
f 3497/3497/9004 3498/3498/9005 3499/3499/9006 3500/3500/9007 
f 3493/3493/9008 3501/3501/9009 3502/3502/9010 3503/3503/9011 
f 3504/3504/9012 3505/3505/9013 3488/3488/9014 3487/3487/9015 
f 3506/3506/9016 3494/3494/9017 3493/3493/9018 3503/3503/9019 
f 3501/3501/9020 3493/3493/9021 3483/3483/9022 3482/3482/9023 
f 3484/3484/9024 3496/3496/9025 3507/3507/9026 3508/3508/9027 
f 3490/3490/9028 3509/3509/9029 3510/3510/9030 3491/3491/9031 
f 3485/3485/9032 3511/3511/9033 3508/3508/9034 3486/3486/9035 
f 3512/3512/9036 3486/3486/9037 3508/3508/9038 3507/3507/9039 
f 3499/3499/9040 3513/3513/9041 3514/3514/9042 3500/3500/9043 
f 3515/3515/9044 3516/3516/9045 3517/3517/9046 3518/3518/9047 
f 3519/3519/9048 3520/3520/9049 3521/3521/9050 3522/3522/9051 
f 3516/3516/9052 3506/3506/9053 3503/3503/9054 3517/3517/9055 
f 3523/3523/9056 3517/3517/9057 3503/3503/9058 3502/3502/9059 
f 3498/3498/9060 3515/3515/9061 3518/3518/9062 3499/3499/9063 
f 3505/3505/9064 3504/3504/9065 3522/3522/9066 3521/3521/9067 
f 3524/3524/9068 3520/3520/9069 3519/3519/9070 3525/3525/9071 
f 3517/3517/9072 3523/3523/9073 3526/3526/9074 3518/3518/9075 
f 3481/3481/9076 3484/3484/9077 3508/3508/9078 3511/3511/9079 
f 3490/3490/9080 3489/3489/9081 3497/3497/9082 3500/3500/9083 
f 3513/3513/9084 3499/3499/9085 3518/3518/9086 3526/3526/9087 
f 3527/3527/9088 3504/3504/9089 3487/3487/9090 3528/3528/9091 
f 3519/3519/9092 3529/3529/9093 3530/3530/9094 3525/3525/9095 
f 3486/3486/9096 3512/3512/9097 3528/3528/9098 3487/3487/9099 
f 3504/3504/9100 3527/3527/9101 3531/3531/9102 3522/3522/9103 
f 3532/3532/9104 3533/3533/9105 3534/3534/9106 3535/3535/9107 
f 3509/3509/9108 3490/3490/9109 3500/3500/9110 3514/3514/9111 
f 3529/3529/9112 3519/3519/9113 3522/3522/9114 3531/3531/9115 
f 3532/3532/9116 3524/3524/9117 3525/3525/9118 3533/3533/9119 
f 3533/3533/9120 3536/3536/9121 3537/3537/9122 3534/3534/9123 
f 3536/3536/9124 3533/3533/9125 3525/3525/9126 3530/3530/9127 
f 3538/3538/9128 3539/3539/9129 3491/3491/9130 3510/3510/9131 
f 3540/3540/9132 3535/3535/9133 3534/3534/9134 3537/3537/9135 
f 39/39/9136 45/45/9137 49/49/9138 50/50/9139 
f 3541/3541/9140 3542/3542/9141 3543/3543/9142 3544/3544/9143 
f 3545/3545/9144 3546/3546/9145 3547/3547/9146 3548/3548/9147 
f 3549/3549/9148 3550/3550/9149 3551/3551/9150 3552/3552/9151 
f 3553/3553/9152 3554/3554/9153 3555/3555/9154 3543/3543/9155 
f 3555/3555/9156 3556/3556/9157 3544/3544/9158 3543/3543/9159 
f 3557/3557/9160 3558/3558/9161 3559/3559/9162 3560/3560/9163 
f 3553/3553/9164 3561/3561/9165 3562/3562/9166 3563/3563/9167 
f 3564/3564/9168 3565/3565/9169 3548/3548/9170 3547/3547/9171 
f 3566/3566/9172 3554/3554/9173 3553/3553/9174 3563/3563/9175 
f 3561/3561/9176 3553/3553/9177 3543/3543/9178 3542/3542/9179 
f 3544/3544/9180 3556/3556/9181 3567/3567/9182 3568/3568/9183 
f 3550/3550/9184 3569/3569/9185 3570/3570/9186 3551/3551/9187 
f 3545/3545/9188 3571/3571/9189 3568/3568/9190 3546/3546/9191 
f 3572/3572/9192 3546/3546/9193 3568/3568/9194 3567/3567/9195 
f 3559/3559/9196 3573/3573/9197 3574/3574/9198 3560/3560/9199 
f 3575/3575/9200 3576/3576/9201 3577/3577/9202 3578/3578/9203 
f 3579/3579/9204 3580/3580/9205 3581/3581/9206 3582/3582/9207 
f 3576/3576/9208 3566/3566/9209 3563/3563/9210 3577/3577/9211 
f 3583/3583/9212 3577/3577/9213 3563/3563/9214 3562/3562/9215 
f 3558/3558/9216 3575/3575/9217 3578/3578/9218 3559/3559/9219 
f 3565/3565/9220 3564/3564/9221 3582/3582/9222 3581/3581/9223 
f 3584/3584/9224 3580/3580/9225 3579/3579/9226 3585/3585/9227 
f 3577/3577/9228 3583/3583/9229 3586/3586/9230 3578/3578/9231 
f 3541/3541/9232 3544/3544/9233 3568/3568/9234 3571/3571/9235 
f 3550/3550/9236 3549/3549/9237 3557/3557/9238 3560/3560/9239 
f 3573/3573/9240 3559/3559/9241 3578/3578/9242 3586/3586/9243 
f 3587/3587/9244 3564/3564/9245 3547/3547/9246 3588/3588/9247 
f 3579/3579/9248 3589/3589/9249 3590/3590/9250 3585/3585/9251 
f 3546/3546/9252 3572/3572/9253 3588/3588/9254 3547/3547/9255 
f 3564/3564/9256 3587/3587/9257 3591/3591/9258 3582/3582/9259 
f 3592/3592/9260 3593/3593/9261 3594/3594/9262 3595/3595/9263 
f 3569/3569/9264 3550/3550/9265 3560/3560/9266 3574/3574/9267 
f 3589/3589/9268 3579/3579/9269 3582/3582/9270 3591/3591/9271 
f 3592/3592/9272 3584/3584/9273 3585/3585/9274 3593/3593/9275 
f 3593/3593/9276 3596/3596/9277 3597/3597/9278 3594/3594/9279 
f 3596/3596/9280 3593/3593/9281 3585/3585/9282 3590/3590/9283 
f 3598/3598/9284 3599/3599/9285 3551/3551/9286 3570/3570/9287 
f 3600/3600/9288 3595/3595/9289 3594/3594/9290 3597/3597/9291 
f 8/8/9292 7/7/9293 48/48/9294 32/32/9295 
f 3601/3601/9296 3602/3602/9297 3603/3603/9298 3604/3604/9299 
f 3605/3605/9300 3606/3606/9301 3607/3607/9302 3608/3608/9303 
f 3609/3609/9304 3610/3610/9305 3611/3611/9306 3612/3612/9307 
f 3613/3613/9308 3614/3614/9309 3615/3615/9310 3603/3603/9311 
f 3615/3615/9312 3616/3616/9313 3604/3604/9314 3603/3603/9315 
f 3617/3617/9316 3618/3618/9317 3619/3619/9318 3620/3620/9319 
f 3613/3613/9320 3621/3621/9321 3622/3622/9322 3623/3623/9323 
f 3624/3624/9324 3625/3625/9325 3608/3608/9326 3607/3607/9327 
f 3626/3626/9328 3614/3614/9329 3613/3613/9330 3623/3623/9331 
f 3621/3621/9332 3613/3613/9333 3603/3603/9334 3602/3602/9335 
f 3604/3604/9336 3616/3616/9337 3627/3627/9338 3628/3628/9339 
f 3610/3610/9340 3629/3629/9341 3630/3630/9342 3611/3611/9343 
f 3605/3605/9344 3631/3631/9345 3628/3628/9346 3606/3606/9347 
f 3632/3632/9348 3606/3606/9349 3628/3628/9350 3627/3627/9351 
f 3619/3619/9352 3633/3633/9353 3634/3634/9354 3620/3620/9355 
f 3635/3635/9356 3636/3636/9357 3637/3637/9358 3638/3638/9359 
f 3639/3639/9360 3640/3640/9361 3641/3641/9362 3642/3642/9363 
f 3636/3636/9364 3626/3626/9365 3623/3623/9366 3637/3637/9367 
f 3643/3643/9368 3637/3637/9369 3623/3623/9370 3622/3622/9371 
f 3618/3618/9372 3635/3635/9373 3638/3638/9374 3619/3619/9375 
f 3625/3625/9376 3624/3624/9377 3642/3642/9378 3641/3641/9379 
f 3644/3644/9380 3640/3640/9381 3639/3639/9382 3645/3645/9383 
f 3637/3637/9384 3643/3643/9385 3646/3646/9386 3638/3638/9387 
f 3601/3601/9388 3604/3604/9389 3628/3628/9390 3631/3631/9391 
f 3610/3610/9392 3609/3609/9393 3617/3617/9394 3620/3620/9395 
f 3633/3633/9396 3619/3619/9397 3638/3638/9398 3646/3646/9399 
f 3647/3647/9400 3624/3624/9401 3607/3607/9402 3648/3648/9403 
f 3639/3639/9404 3649/3649/9405 3650/3650/9406 3645/3645/9407 
f 3606/3606/9408 3632/3632/9409 3648/3648/9410 3607/3607/9411 
f 3624/3624/9412 3647/3647/9413 3651/3651/9414 3642/3642/9415 
f 3652/3652/9416 3653/3653/9417 3654/3654/9418 3655/3655/9419 
f 3629/3629/9420 3610/3610/9421 3620/3620/9422 3634/3634/9423 
f 3649/3649/9424 3639/3639/9425 3642/3642/9426 3651/3651/9427 
f 3652/3652/9428 3644/3644/9429 3645/3645/9430 3653/3653/9431 
f 3653/3653/9432 3656/3656/9433 3657/3657/9434 3654/3654/9435 
f 3656/3656/9436 3653/3653/9437 3645/3645/9438 3650/3650/9439 
f 3658/3658/9440 3659/3659/9441 3611/3611/9442 3630/3630/9443 
f 3660/3660/9444 3655/3655/9445 3654/3654/9446 3657/3657/9447 
f 24/24/9448 40/40/9449 51/51/9450 47/47/9451 
f 3661/3661/9452 3662/3662/9453 3663/3663/9454 3664/3664/9455 
f 3665/3665/9456 3666/3666/9457 3667/3667/9458 3668/3668/9459 
f 3669/3669/9460 3670/3670/9461 3671/3671/9462 3672/3672/9463 
f 3673/3673/9464 3674/3674/9465 3675/3675/9466 3663/3663/9467 
f 3675/3675/9468 3676/3676/9469 3664/3664/9470 3663/3663/9471 
f 3677/3677/9472 3678/3678/9473 3679/3679/9474 3680/3680/9475 
f 3673/3673/9476 3681/3681/9477 3682/3682/9478 3683/3683/9479 
f 3684/3684/9480 3685/3685/9481 3668/3668/9482 3667/3667/9483 
f 3686/3686/9484 3674/3674/9485 3673/3673/9486 3683/3683/9487 
f 3681/3681/9488 3673/3673/9489 3663/3663/9490 3662/3662/9491 
f 3664/3664/9492 3676/3676/9493 3687/3687/9494 3688/3688/9495 
f 3670/3670/9496 3689/3689/9497 3690/3690/9498 3671/3671/9499 
f 3665/3665/9500 3691/3691/9501 3688/3688/9502 3666/3666/9503 
f 3692/3692/9504 3666/3666/9505 3688/3688/9506 3687/3687/9507 
f 3679/3679/9508 3693/3693/9509 3694/3694/9510 3680/3680/9511 
f 3695/3695/9512 3696/3696/9513 3697/3697/9514 3698/3698/9515 
f 3699/3699/9516 3700/3700/9517 3701/3701/9518 3702/3702/9519 
f 3696/3696/9520 3686/3686/9521 3683/3683/9522 3697/3697/9523 
f 3703/3703/9524 3697/3697/9525 3683/3683/9526 3682/3682/9527 
f 3678/3678/9528 3695/3695/9529 3698/3698/9530 3679/3679/9531 
f 3685/3685/9532 3684/3684/9533 3702/3702/9534 3701/3701/9535 
f 3704/3704/9536 3700/3700/9537 3699/3699/9538 3705/3705/9539 
f 3697/3697/9540 3703/3703/9541 3706/3706/9542 3698/3698/9543 
f 3661/3661/9544 3664/3664/9545 3688/3688/9546 3691/3691/9547 
f 3670/3670/9548 3669/3669/9549 3677/3677/9550 3680/3680/9551 
f 3693/3693/9552 3679/3679/9553 3698/3698/9554 3706/3706/9555 
f 3707/3707/9556 3684/3684/9557 3667/3667/9558 3708/3708/9559 
f 3699/3699/9560 3709/3709/9561 3710/3710/9562 3705/3705/9563 
f 3666/3666/9564 3692/3692/9565 3708/3708/9566 3667/3667/9567 
f 3684/3684/9568 3707/3707/9569 3711/3711/9570 3702/3702/9571 
f 3712/3712/9572 3713/3713/9573 3714/3714/9574 3715/3715/9575 
f 3689/3689/9576 3670/3670/9577 3680/3680/9578 3694/3694/9579 
f 3709/3709/9580 3699/3699/9581 3702/3702/9582 3711/3711/9583 
f 3712/3712/9584 3704/3704/9585 3705/3705/9586 3713/3713/9587 
f 3713/3713/9588 3716/3716/9589 3717/3717/9590 3714/3714/9591 
f 3716/3716/9592 3713/3713/9593 3705/3705/9594 3710/3710/9595 
f 3718/3718/9596 3719/3719/9597 3671/3671/9598 3690/3690/9599 
f 3720/3720/9600 3715/3715/9601 3714/3714/9602 3717/3717/9603 
f 52/52/9604 53/53/9605 54/54/9606 55/55/9607 
f 3721/3721/9608 3722/3722/9609 3723/3723/9610 3724/3724/9611 
f 3725/3725/9612 3726/3726/9613 3727/3727/9614 3728/3728/9615 
f 3729/3729/9616 3730/3730/9617 3731/3731/9618 3732/3732/9619 
f 3733/3733/9620 3723/3723/9621 3734/3734/9622 3735/3735/9623 
f 3734/3734/9624 3723/3723/9625 3722/3722/9626 3736/3736/9627 
f 3737/3737/9628 3738/3738/9629 3739/3739/9630 3740/3740/9631 
f 3733/3733/9632 3741/3741/9633 3742/3742/9634 3743/3743/9635 
f 3744/3744/9636 3727/3727/9637 3726/3726/9638 3745/3745/9639 
f 3746/3746/9640 3741/3741/9641 3733/3733/9642 3735/3735/9643 
f 3743/3743/9644 3724/3724/9645 3723/3723/9646 3733/3733/9647 
f 3722/3722/9648 3747/3747/9649 3748/3748/9650 3736/3736/9651 
f 3732/3732/9652 3731/3731/9653 3749/3749/9654 3750/3750/9655 
f 3725/3725/9656 3728/3728/9657 3747/3747/9658 3751/3751/9659 
f 3752/3752/9660 3748/3748/9661 3747/3747/9662 3728/3728/9663 
f 3739/3739/9664 3738/3738/9665 3753/3753/9666 3754/3754/9667 
f 3755/3755/9668 3756/3756/9669 3757/3757/9670 3758/3758/9671 
f 3759/3759/9672 3760/3760/9673 3761/3761/9674 3762/3762/9675 
f 3758/3758/9676 3757/3757/9677 3741/3741/9678 3746/3746/9679 
f 3763/3763/9680 3742/3742/9681 3741/3741/9682 3757/3757/9683 
f 3740/3740/9684 3739/3739/9685 3756/3756/9686 3755/3755/9687 
f 3745/3745/9688 3761/3761/9689 3760/3760/9690 3744/3744/9691 
f 3764/3764/9692 3765/3765/9693 3759/3759/9694 3762/3762/9695 
f 3757/3757/9696 3756/3756/9697 3766/3766/9698 3763/3763/9699 
f 3721/3721/9700 3751/3751/9701 3747/3747/9702 3722/3722/9703 
f 3732/3732/9704 3738/3738/9705 3737/3737/9706 3729/3729/9707 
f 3754/3754/9708 3766/3766/9709 3756/3756/9710 3739/3739/9711 
f 3767/3767/9712 3768/3768/9713 3727/3727/9714 3744/3744/9715 
f 3759/3759/9716 3765/3765/9717 3769/3769/9718 3770/3770/9719 
f 3728/3728/9720 3727/3727/9721 3768/3768/9722 3752/3752/9723 
f 3744/3744/9724 3760/3760/9725 3771/3771/9726 3767/3767/9727 
f 3772/3772/9728 3773/3773/9729 3774/3774/9730 3775/3775/9731 
f 3750/3750/9732 3753/3753/9733 3738/3738/9734 3732/3732/9735 
f 3770/3770/9736 3771/3771/9737 3760/3760/9738 3759/3759/9739 
f 3772/3772/9740 3775/3775/9741 3765/3765/9742 3764/3764/9743 
f 3775/3775/9744 3774/3774/9745 3776/3776/9746 3777/3777/9747 
f 3777/3777/9748 3769/3769/9749 3765/3765/9750 3775/3775/9751 
f 3778/3778/9752 3749/3749/9753 3731/3731/9754 3779/3779/9755 
f 3780/3780/9756 3776/3776/9757 3774/3774/9758 3773/3773/9759 
f 30/30/9760 33/33/9761 18/18/9762 12/12/9763 
f 3781/3781/9764 3782/3782/9765 3783/3783/9766 3784/3784/9767 
f 3785/3785/9768 3786/3786/9769 3787/3787/9770 3788/3788/9771 
f 3789/3789/9772 3790/3790/9773 3791/3791/9774 3792/3792/9775 
f 3793/3793/9776 3783/3783/9777 3794/3794/9778 3795/3795/9779 
f 3794/3794/9780 3783/3783/9781 3782/3782/9782 3796/3796/9783 
f 3797/3797/9784 3798/3798/9785 3799/3799/9786 3800/3800/9787 
f 3793/3793/9788 3801/3801/9789 3802/3802/9790 3803/3803/9791 
f 3804/3804/9792 3787/3787/9793 3786/3786/9794 3805/3805/9795 
f 3806/3806/9796 3801/3801/9797 3793/3793/9798 3795/3795/9799 
f 3803/3803/9800 3784/3784/9801 3783/3783/9802 3793/3793/9803 
f 3782/3782/9804 3807/3807/9805 3808/3808/9806 3796/3796/9807 
f 3792/3792/9808 3791/3791/9809 3809/3809/9810 3810/3810/9811 
f 3785/3785/9812 3788/3788/9813 3807/3807/9814 3811/3811/9815 
f 3812/3812/9816 3808/3808/9817 3807/3807/9818 3788/3788/9819 
f 3799/3799/9820 3798/3798/9821 3813/3813/9822 3814/3814/9823 
f 3815/3815/9824 3816/3816/9825 3817/3817/9826 3818/3818/9827 
f 3819/3819/9828 3820/3820/9829 3821/3821/9830 3822/3822/9831 
f 3818/3818/9832 3817/3817/9833 3801/3801/9834 3806/3806/9835 
f 3823/3823/9836 3802/3802/9837 3801/3801/9838 3817/3817/9839 
f 3800/3800/9840 3799/3799/9841 3816/3816/9842 3815/3815/9843 
f 3805/3805/9844 3821/3821/9845 3820/3820/9846 3804/3804/9847 
f 3824/3824/9848 3825/3825/9849 3819/3819/9850 3822/3822/9851 
f 3817/3817/9852 3816/3816/9853 3826/3826/9854 3823/3823/9855 
f 3781/3781/9856 3811/3811/9857 3807/3807/9858 3782/3782/9859 
f 3792/3792/9860 3798/3798/9861 3797/3797/9862 3789/3789/9863 
f 3814/3814/9864 3826/3826/9865 3816/3816/9866 3799/3799/9867 
f 3827/3827/9868 3828/3828/9869 3787/3787/9870 3804/3804/9871 
f 3819/3819/9872 3825/3825/9873 3829/3829/9874 3830/3830/9875 
f 3788/3788/9876 3787/3787/9877 3828/3828/9878 3812/3812/9879 
f 3804/3804/9880 3820/3820/9881 3831/3831/9882 3827/3827/9883 
f 3832/3832/9884 3833/3833/9885 3834/3834/9886 3835/3835/9887 
f 3810/3810/9888 3813/3813/9889 3798/3798/9890 3792/3792/9891 
f 3830/3830/9892 3831/3831/9893 3820/3820/9894 3819/3819/9895 
f 3832/3832/9896 3835/3835/9897 3825/3825/9898 3824/3824/9899 
f 3835/3835/9900 3834/3834/9901 3836/3836/9902 3837/3837/9903 
f 3837/3837/9904 3829/3829/9905 3825/3825/9906 3835/3835/9907 
f 3838/3838/9908 3809/3809/9909 3791/3791/9910 3839/3839/9911 
f 3840/3840/9912 3836/3836/9913 3834/3834/9914 3833/3833/9915 
f 50/50/9916 51/51/9917 40/40/9918 39/39/9919 
f 3841/3841/9920 3842/3842/9921 3843/3843/9922 3844/3844/9923 
f 3845/3845/9924 3846/3846/9925 3847/3847/9926 3848/3848/9927 
f 3849/3849/9928 3850/3850/9929 3851/3851/9930 3852/3852/9931 
f 3853/3853/9932 3854/3854/9933 3855/3855/9934 3843/3843/9935 
f 3855/3855/9936 3856/3856/9937 3844/3844/9938 3843/3843/9939 
f 3857/3857/9940 3858/3858/9941 3859/3859/9942 3860/3860/9943 
f 3853/3853/9944 3861/3861/9945 3862/3862/9946 3863/3863/9947 
f 3864/3864/9948 3865/3865/9949 3848/3848/9950 3847/3847/9951 
f 3866/3866/9952 3854/3854/9953 3853/3853/9954 3863/3863/9955 
f 3861/3861/9956 3853/3853/9957 3843/3843/9958 3842/3842/9959 
f 3844/3844/9960 3856/3856/9961 3867/3867/9962 3868/3868/9963 
f 3850/3850/9964 3869/3869/9965 3870/3870/9966 3851/3851/9967 
f 3845/3845/9968 3871/3871/9969 3868/3868/9970 3846/3846/9971 
f 3872/3872/9972 3846/3846/9973 3868/3868/9974 3867/3867/9975 
f 3859/3859/9976 3873/3873/9977 3874/3874/9978 3860/3860/9979 
f 3875/3875/9980 3876/3876/9981 3877/3877/9982 3878/3878/9983 
f 3879/3879/9984 3880/3880/9985 3881/3881/9986 3882/3882/9987 
f 3876/3876/9988 3866/3866/9989 3863/3863/9990 3877/3877/9991 
f 3883/3883/9992 3877/3877/9993 3863/3863/9994 3862/3862/9995 
f 3858/3858/9996 3875/3875/9997 3878/3878/9998 3859/3859/9999 
f 3865/3865/10000 3864/3864/10001 3882/3882/10002 3881/3881/10003 
f 3884/3884/10004 3880/3880/10005 3879/3879/10006 3885/3885/10007 
f 3877/3877/10008 3883/3883/10009 3886/3886/10010 3878/3878/10011 
f 3841/3841/10012 3844/3844/10013 3868/3868/10014 3871/3871/10015 
f 3850/3850/10016 3849/3849/10017 3857/3857/10018 3860/3860/10019 
f 3873/3873/10020 3859/3859/10021 3878/3878/10022 3886/3886/10023 
f 3887/3887/10024 3864/3864/10025 3847/3847/10026 3888/3888/10027 
f 3879/3879/10028 3889/3889/10029 3890/3890/10030 3885/3885/10031 
f 3846/3846/10032 3872/3872/10033 3888/3888/10034 3847/3847/10035 
f 3864/3864/10036 3887/3887/10037 3891/3891/10038 3882/3882/10039 
f 3892/3892/10040 3893/3893/10041 3894/3894/10042 3895/3895/10043 
f 3869/3869/10044 3850/3850/10045 3860/3860/10046 3874/3874/10047 
f 3889/3889/10048 3879/3879/10049 3882/3882/10050 3891/3891/10051 
f 3892/3892/10052 3884/3884/10053 3885/3885/10054 3893/3893/10055 
f 3893/3893/10056 3896/3896/10057 3897/3897/10058 3894/3894/10059 
f 3896/3896/10060 3893/3893/10061 3885/3885/10062 3890/3890/10063 
f 3898/3898/10064 3899/3899/10065 3851/3851/10066 3870/3870/10067 
f 3900/3900/10068 3895/3895/10069 3894/3894/10070 3897/3897/10071 
f 3415/3415/10072 3414/3414/10073 3416/3416/10074 3417/3417/10075 
# 2470 polygons - 65 triangles

